id	position_raw	position_kk	position_ru	status	source_url	review_notes
0	управляющий партнер медиахолдинга First Media Group	First Media Group медиахолдингінің басқарушы серіктесі	управляющий партнер медиахолдинга First Media Group	APPROVED		
1	председатель Алматинского городского филиала партии «Respublica»	Respublica партиясының Алматы қалалық филиалының төрағасы	председатель Алматинского городского филиала партии «Respublica»	APPROVED		
2	руководитель отдела РГУ «Департамент комитета государственной инспекции труда Северо-Казахстанской области»	«Солтүстік Қазақстан облысының мемлекеттік еңбек инспекциясы комитеті департаменті» РММ бөлімінің басшысы	руководитель отдела РГУ «Департамент комитета государственной инспекции труда Северо-Казахстанской области»	APPROVED		
3	директор КГКП «Филармония им.Тайжана Калмагамбетова области Ұлытау»	Ұлытау облысының Тайжан Қалмағамбетов атындағы филармониясы КМҚК директоры	директор КГКП «Филармония им.Тайжана Калмагамбетова области Ұлытау»	APPROVED		
4	председатель Туркестанского областного филиала партии «Respublica»	Respublica партиясының Түркістан облыстық филиалының төрағасы	председатель Туркестанского областного филиала партии «Respublica»	APPROVED		
5	директор департамента по взаимодействию с государственными органами «Центра развития цифровой экономики» АО «Казахтелеком»	«Қазақтелеком» АҚ-ның «Цифрлық экономиканы дамыту орталығы» ЖШС мемлекеттік органдармен өзара іс-қимыл департаментінің директоры	директор департамента по взаимодействию с государственными органами «Центра развития цифровой экономики» АО «Казахтелеком»	APPROVED		
6	заместитель директора ТОО «Akmola Industry»	«Akmola Industry» ЖШС директорының орынбасары	заместитель директора ТОО «Akmola Industry»	APPROVED		
7	председатель Павлодарского областного филиала партии «Respublica»	Respublica партиясының Павлодар облыстық филиалының төрағасы	председатель Павлодарского областного филиала партии «Respublica»	APPROVED		
8	председатель Карагандинского областного филиала партии «Respublica»	Respublica партиясының Қарағанды облыстық филиалының төрағасы	председатель Карагандинского областного филиала партии «Respublica»	APPROVED		
9	учредитель ТОО «Семей Көркем»	«Семей Көркем» ЖШС құрылтайшысы	учредитель ТОО «Семей Көркем»	APPROVED		
10	вице-президент Федерации Кокпара РК	ҚР Көкпар федерациясының вице-президенті	вице-президент Федерации Кокпара РК	APPROVED		
11	заместитель председателя Комитета государственных доходов Министерства финансов РК	ҚР Қаржы министрлігі Мемлекеттік кірістер комитеті төрағасының орынбасары	заместитель председателя Комитета государственных доходов Министерства финансов РК	APPROVED		
12	ИП «Байконова», руководитель	«Байконова» ЖК басшысы	ИП «Байконова», руководитель	APPROVED		
13	заведующий сектором государственно-правового отдела Администрации Президента Республики Казахстан	Қазақстан Республикасы Президенті Әкімшілігінің мемлекеттік-құқықтық бөлімінің сектор меңгерушісі	заведующий сектором государственно-правового отдела Администрации Президента Республики Казахстан	APPROVED		
14	специалист Мангистауского областного филиала партии «Respublica»	Respublica партиясы Маңғыстау облыстық филиалының маманы	специалист Мангистауского областного филиала партии «Respublica»	APPROVED		
15	советник Руководителя Центрального аппарата партии «Respublica»	Respublica партиясы Орталық аппараты басшысының кеңесшісі	советник Руководителя Центрального аппарата партии «Respublica»	APPROVED		
16	аким сельского округа имени Магжан Жумабаева, Северо-Казахстанской области	Солтүстік Қазақстан облысы Мағжан Жұмабаев атындағы ауылдық округінің әкімі	аким сельского округа имени Магжан Жумабаева, Северо-Казахстанской области	APPROVED		
17	ИП «Royal Event», директор ТОО «Shanyraq Partners»	«Royal Event» ЖК, «Shanyraq Partners» ЖШС директоры	ИП «Royal Event», директор ТОО «Shanyraq Partners»	APPROVED		
18	генеральный директор «Smartest Prep LTD»	«Smartest Prep LTD» бас директоры	генеральный директор «Smartest Prep LTD»	APPROVED		
19	Центр спортивной подготовки для лиц с ограниченными физическими возможностями, параспортсмен	Мүмкіндігі шектеулі адамдарға арналған спорттық даярлық орталығының параспортшысы	Центр спортивной подготовки для лиц с ограниченными физическими возможностями, параспортсмен	APPROVED		
20	директор ТОО «Venera Print»	«Venera Print» ЖШС директоры	директор ТОО «Venera Print»	APPROVED		
21	генеральный директор ТОО «Б-Агро-Север»	«Б-Агро-Север» ЖШС бас директоры	генеральный директор ТОО «Б-Агро-Север»	APPROVED		
22	директор по стратегии и науке АО «Национальный центр нейрохирургии»	«Ұлттық нейрохирургия орталығы» АҚ стратегия және ғылым жөніндегі директоры	директор по стратегии и науке АО «Национальный центр нейрохирургии»	APPROVED		
23	председатель Алматинского областного филиала партии «Respublica»	Respublica партиясының Алматы облыстық филиалының төрағасы	председатель Алматинского областного филиала партии «Respublica»	APPROVED		
24	ИП «Malika Duisenbayeva»	«Malika Duisenbayeva» ЖК	ИП «Malika Duisenbayeva»	APPROVED		
25	вице-президент Федерации борьбы РК	ҚР Күрес федерациясының вице-президенті	вице-президент Федерации борьбы РК	APPROVED		
26	учредитель и директор группы компаний «Sign Tech»	«Sign Tech» компаниялар тобының құрылтайшысы және директоры	учредитель и директор группы компаний «Sign Tech»	APPROVED		
27	главный менеджер-аналитик Фракции партии «Respublica»	Respublica партиясы фракциясының бас менеджер-талдаушысы	главный менеджер-аналитик Фракции партии «Respublica»	APPROVED		
28	директор колледжа «Отырар»	«Отырар» колледжінің директоры	директор колледжа «Отырар»	APPROVED		
29	заместитель директора ТОО «Global Foods»	«Global Foods» ЖШС директорының орынбасары	заместитель директора ТОО «Global Foods»	APPROVED		
30	председатель правления АО «УлыТау Холдинг»	«Ұлытау Холдинг» АҚ басқарма төрағасы	председатель правления АО «УлыТау Холдинг»	APPROVED		
31	руководитель Центрального аппарата партии «Respublica»	Respublica партиясы Орталық аппаратының басшысы	руководитель Центрального аппарата партии «Respublica»	APPROVED		
32	директор ТОО «Espresso Day»	«Espresso Day» ЖШС директоры	директор ТОО «Espresso Day»	APPROVED		
33	управляющий партнер ТОО «Finex-Audit»	«Finex-Audit» ЖШС басқарушы серіктесі	управляющий партнер ТОО «Finex-Audit»	APPROVED		
34	генеральный директор ТОО «Atelier Arunaz», ИП «Ателье Аруназ Дизайн»	«Atelier Arunaz» ЖШС бас директоры, «Ателье Аруназ Дизайн» ЖК	генеральный директор ТОО «Atelier Arunaz», ИП «Ателье Аруназ Дизайн»	APPROVED		
35	председатель наблюдательного совета ТОО «Capital Road Construction»	«Capital Road Construction» ЖШС байқаушы кеңесінің төрағасы	председатель наблюдательного совета ТОО «Capital Road Construction»	APPROVED		
36	председатель Жамбылского областного филиала партии «Respublica»	Respublica партиясының Жамбыл облыстық филиалының төрағасы	председатель Жамбылского областного филиала партии «Respublica»	APPROVED		
37	директор центра кино и искусства «BN Prodaction»	«BN Prodaction» кино және өнер орталығының директоры	директор центра кино и искусства «BN Prodaction»	APPROVED		
38	генеральный директор - член наблюдательного совета «Dala Edge Creative Park»	«Dala Edge Creative Park» бас директоры — байқаушы кеңесінің мүшесі	генеральный директор - член наблюдательного совета «Dala Edge Creative Park»	APPROVED		
39	ИП «Алия Конилхан», руоводитель	«Алия Конилхан» ЖК басшысы	ИП «Алия Конилхан», руоводитель	APPROVED		
40	ТОО «B2C», директор	«B2C» ЖШС директоры	ТОО «B2C», директор	APPROVED		
41	депутат Мажилиса Парламента VIII созыва	VIII сайланған Парламент Мәжілісінің депутаты	депутат Мажилиса Парламента VIII созыва	APPROVED		
42	президент ТОО «Балмуздак»	«Балмұздақ» ЖШС президенті	президент ТОО «Балмуздак»	APPROVED		
43	председатель Западно-Казахстанского областного филиала партии «Respublica»	Respublica партиясының Батыс Қазақстан облыстық филиалының төрағасы	председатель Западно-Казахстанского областного филиала партии «Respublica»	APPROVED		
44	ИП «Марклен», руководитель	«Марклен» ЖК басшысы	ИП «Марклен», руководитель	APPROVED		
45	ТОО «Телевидение Астана», продюсер	«Астана телевидениесі» ЖШС продюсері	ТОО «Телевидение Астана», продюсер	APPROVED		
46	GR директор, АО «Костанайские минералы»	GR директоры, «Қостанай минералдары» АҚ	GR директор, АО «Костанайские минералы»	APPROVED		
47	секретарь Высшего Судебного Совета РК - руководитель аппарата	ҚР Жоғары Сот Кеңесінің хатшысы — аппарат басшысы	секретарь Высшего Судебного Совета РК - руководитель аппарата	APPROVED		
48	советник директора Телерадиокомплекса Президента РК	ҚР Президенті Телерадиокешені директорының кеңесшісі	советник директора Телерадиокомплекса Президента РК	APPROVED		
49	Индивидуальный предприниматель	Жеке кәсіпкер	Индивидуальный предприниматель	APPROVED		
50	заместитель Генерального директора АО «КазАзот» по корпоративному и устойчивому развитию	«ҚазАзот» АҚ бас директорының корпоративтік және тұрақты даму жөніндегі орынбасары	заместитель Генерального директора АО «КазАзот» по корпоративному и устойчивому развитию	APPROVED		
51	генеральный директор группы компаний ТОО «NQDC GROUP»	«NQDC GROUP» ЖШС компаниялар тобының бас директоры	генеральный директор группы компаний ТОО «NQDC GROUP»	APPROVED		
52	Центр спортивной подготовки для лиц с ограниченными физическими возможностями, инструктор-спортсмен	Мүмкіндігі шектеулі адамдарға арналған спорттық даярлық орталығының нұсқаушы-спортшысы	Центр спортивной подготовки для лиц с ограниченными физическими возможностями, инструктор-спортсмен	APPROVED		
53	депутат Мажилиса Парламента РК VIII созыва	ҚР Парламенті Мәжілісінің VIII сайланған депутаты	депутат Мажилиса Парламента РК VIII созыва	APPROVED		
54	директор школы-гимназии № 58	№ 58 мектеп-гимназиясының директоры	директор школы-гимназии № 58	APPROVED		
55	директор ТОО «Art school 2020»	«Art school 2020» ЖШС директоры	директор ТОО «Art school 2020»	APPROVED		
56	директор департамента экономики и планирования АО «НК «Казахстан инжиниринг»	«Қазақстан инжиниринг» ҰК» АҚ экономика және жоспарлау департаментінің директоры	директор департамента экономики и планирования АО «НК «Казахстан инжиниринг»	APPROVED		
57	руководитель ТОО «Алматы Лакшери Трэвел»	«Алматы Лакшери Трэвел» ЖШС басшысы	руководитель ТОО «Алматы Лакшери Трэвел»	APPROVED		
58	независимый директор АО «KEGOC», генеральный директор АО «НацЭКС»	«KEGOC» АҚ тәуелсіз директоры, «НацЭКС» АҚ бас директоры	независимый директор АО «KEGOC», генеральный директор АО «НацЭКС»	APPROVED		
59	генеральный директор ТОО «КДЛ «Олимп»	«Олимп» КДЗ ЖШС бас директоры	генеральный директор ТОО «КДЛ «Олимп»	APPROVED		
60	учредительный директор ТОО «КАС Консалтинг софт», Президент Казахстанской ассоциации информационных технологий и инноваций»	«ҚАС Консалтинг софт» ЖШС құрылтайшы директоры, Қазақстан ақпараттық технологиялар және инновациялар қауымдастығының президенті	учредительный директор ТОО «КАС Консалтинг софт», Президент Казахстанской ассоциации информационных технологий и инноваций»	APPROVED		
61	профессор Nazarbayev University, академик НАН	Nazarbayev University профессоры, ҰҒА академигі	профессор Nazarbayev University, академик НАН	APPROVED		
62	учредитель ТОО «Энерджи Тараз»	«Энерджи Тараз» ЖШС құрылтайшысы	учредитель ТОО «Энерджи Тараз»	APPROVED		
63	заместитель председателя Ассоциации по развитию искусственного интеллекта в Казахстане	Қазақстанда жасанды интеллектті дамыту қауымдастығы төрағасының орынбасары	заместитель председателя Ассоциации по развитию искусственного интеллекта в Казахстане	APPROVED		
64	руководитель ИП «Евротекстиль»	«Евротекстиль» ЖК басшысы	руководитель ИП «Евротекстиль»	APPROVED		
65	председатель Атырауского областного филиала партии «Respublica»	Respublica партиясының Атырау облыстық филиалының төрағасы	председатель Атырауского областного филиала партии «Respublica»	APPROVED		
66	председатель Мангистауского областного филиала партии «Respublica»	Respublica партиясының Маңғыстау облыстық филиалының төрағасы	председатель Мангистауского областного филиала партии «Respublica»	APPROVED		
67	генеральный директор ТОО «Special oil Projets»	«Special oil Projets» ЖШС бас директоры	генеральный директор ТОО «Special oil Projets»	APPROVED		
68	председатель правления НАО «Turar Healthcare»	«Turar Healthcare» КЕАҚ басқарма төрағасы	председатель правления НАО «Turar Healthcare»	APPROVED		
69	председатель Карагандинского областного филиала ДПК «Ак жол»	«Ақ жол» Қазақстан демократиялық партиясы Қарағанды облыстық филиалының төрағасы	председатель Карагандинского областного филиала ДПК «Ак жол»	APPROVED		
70	Руководитель службы поддержки молодежного предпринимательства ДПК «Ак жол»	«Ақ жол» Қазақстан демократиялық партиясы жастар кәсіпкерлігін қолдау қызметінің басшысы	Руководитель службы поддержки молодежного предпринимательства ДПК «Ак жол»	APPROVED		
71	директор ТОО «Даниял құрылыс дизайн»	«Даниял құрылыс дизайн» ЖШС директоры	директор ТОО «Даниял құрылыс дизайн»	APPROVED		
72	заместитель Председателя ДПК «Ак жол», депутат Мажилиса Парламента РК VII, VIII созыва	«Ақ жол» Қазақстан демократиялық партиясы төрағасының орынбасары, ҚР Парламенті Мәжілісінің VII, VIII сайланған депутаты	заместитель Председателя ДПК «Ак жол», депутат Мажилиса Парламента РК VII, VIII созыва	APPROVED		
73	заместитель председателя Алматинского городского филиала ДПК «Ак жол»	«Ақ жол» Қазақстан демократиялық партиясы Алматы қалалық филиалы төрағасының орынбасары	заместитель председателя Алматинского городского филиала ДПК «Ак жол»	APPROVED		
74	президент АО «KazPetroDrilling»	«KazPetroDrilling» АҚ президенті	президент АО «KazPetroDrilling»	APPROVED		
75	директор филиала ТОО «Texol Транс»	«Texol Транс» ЖШС филиалының директоры	директор филиала ТОО «Texol Транс»	APPROVED		
76	директор Атырауского филиала ТОО «КМG EP-Catering»	«КМG EP-Catering» ЖШС Атырау филиалының директоры	директор Атырауского филиала ТОО «КМG EP-Catering»	APPROVED		
77	секретарь Политического совета ДПК «Ак жол»	«Ақ жол» Қазақстан демократиялық партиясы Саяси кеңесінің хатшысы	секретарь Политического совета ДПК «Ак жол»	APPROVED		
78	депутат Мажилиса Парламента РК VII созыва, секретарь Политического совета ДПК «Ақ жол»	ҚР Парламенті Мәжілісінің VII сайланған депутаты, «Ақ жол» Қазақстан демократиялық партиясы Саяси кеңесінің хатшысы	депутат Мажилиса Парламента РК VII созыва, секретарь Политического совета ДПК «Ақ жол»	APPROVED		
79	председатель филиала ДПК «Ак жол» области Жетісу, председатель постоянной комиссии областного маслихата области Жетісу, область Жетісу	Жетісу облысындағы «Ақ жол» Қазақстан демократиялық партиясы филиалының төрағасы, Жетісу облыстық мәслихаты әлеуметтік мәселелер жөніндегі тұрақты комиссиясының төрағасы, Жетісу облысы	председатель филиала ДПК «Ак жол» области Жетісу, председатель постоянной комиссии областного маслихата области Жетісу, область Жетісу	APPROVED		
80	декан школы педиатрии НАО «Карагандинский Медицинский университет»	«Қарағанды медицина университеті» КЕАҚ педиатрия мектебінің деканы	декан школы педиатрии НАО «Карагандинский Медицинский университет»	APPROVED		
81	заместитель председателя ДПК «Ак жол», депутат Мажилиса Парламента РК VII, VIII созыва	«Ақ жол» Қазақстан демократиялық партиясы төрағасының орынбасары, ҚР Парламенті Мәжілісінің VII, VIII сайланған депутаты	заместитель председателя ДПК «Ак жол», депутат Мажилиса Парламента РК VII, VIII созыва	APPROVED		
82	председатель ДПК «Ақ жол», депутат Мажилиса Парламента РК VII, VIII созыва	«Ақ жол» Қазақстан демократиялық партиясының төрағасы, ҚР Парламенті Мәжілісінің VII, VIII сайланған депутаты	председатель ДПК «Ақ жол», депутат Мажилиса Парламента РК VII, VIII созыва	APPROVED		
83	директор КГУ «Средняя школа комплекс национального возрождения № 17» города Петропавловска	Петропавл қаласындағы № 17 Ұлттық жаңғыру кешенді орта мектебі КММ директоры	директор КГУ «Средняя школа комплекс национального возрождения № 17» города Петропавловска	APPROVED		
84	исполнительный директор «Ассоциации ECOJER»	«ECOJER» қауымдастығының атқарушы директоры	исполнительный директор «Ассоциации ECOJER»	APPROVED		
85	инженер ТОО «Connectivity Solutions»	«Connectivity Solutions» ЖШС инженері	инженер ТОО «Connectivity Solutions»	APPROVED		
86	председатель Костанайского областного филиала ДПК «Ак жол», председатель постоянной комиссии по вопросам социальной сферы Костанайского областного маслихата	«Ақ жол» Қазақстан демократиялық партиясы Қостанай облыстық филиалының төрағасы, Қостанай облыстық мәслихаты әлеуметтік мәселелер жөніндегі тұрақты комиссиясының төрағасы	председатель Костанайского областного филиала ДПК «Ак жол», председатель постоянной комиссии по вопросам социальной сферы Костанайского областного маслихата	APPROVED		
87	управляющий партнер ТОО «First Legal Consulting group»	«First Legal Consulting group» ЖШС басқарушы серіктесі	управляющий партнер ТОО «First Legal Consulting group»	APPROVED		
88	Генеральный директор ТОО «Samadi A Group»	«Samadi A Group» ЖШС бас директоры	Генеральный директор ТОО «Samadi A Group»	APPROVED		
89	управляющий директор ТОО «Казахстанский завод магнезитовых изделий»	«Қазақстан магнезит бұйымдары зауыты» ЖШС басқарушы директоры	управляющий директор ТОО «Казахстанский завод магнезитовых изделий»	APPROVED		
90	председатель наблюдательного Совета ТОО «Best Product Pavlodar»	«Best Product Pavlodar» ЖШС байқаушы кеңесінің төрағасы	председатель наблюдательного Совета ТОО «Best Product Pavlodar»	APPROVED		
91	директор ТОО «Discovery Coffee Semey», депутат городского маслихата г. Семей	«Discovery Coffee Semey» ЖШС директоры, Семей қалалық мәслихатының депутаты	директор ТОО «Discovery Coffee Semey», депутат городского маслихата г. Семей	APPROVED		
92	директор ОЮЛ «ИП «КАПиСУ»; заместитель председателя по правовым вопросам Карагандинского областного филиала ДПК «Ак жол»	«КАПиСУ» ЖК ЗТБ директоры; «Ақ жол» Қазақстан демократиялық партиясы Қарағанды облыстық филиалы төрағасының құқықтық мәселелер жөніндегі орынбасары	директор ОЮЛ «ИП «КАПиСУ»; заместитель председателя по правовым вопросам Карагандинского областного филиала ДПК «Ак жол»	APPROVED		
93	председатель партийной комиссии ДПК «Ак жол»	«Ақ жол» Қазақстан демократиялық партиясы партиялық комиссиясының төрағасы	председатель партийной комиссии ДПК «Ак жол»	APPROVED		
94	секретарь Полититического совета, руководитель аппарата ДПК «Ак жол»	«Ақ жол» Қазақстан демократиялық партиясы Саяси кеңесінің хатшысы, аппарат басшысы	секретарь Полититического совета, руководитель аппарата ДПК «Ак жол»	APPROVED		
95	заместитель директора ТОО «Astana Energo Hub»	«Astana Energo Hub» ЖШС директорының орынбасары	заместитель директора ТОО «Astana Energo Hub»	APPROVED		
96	директор филиала ТОО «KMG Security» в городе Жанаозен	«KMG Security» ЖШС Жаңаөзен қаласындағы филиалының директоры	директор филиала ТОО «KMG Security» в городе Жанаозен	APPROVED		
97	Генеральный директор ОФ «Финансовая культура Казахстана»	«Қазақстанның қаржы мәдениеті» ҚҚ бас директоры	Генеральный директор ОФ «Финансовая культура Казахстана»	APPROVED		
98	советник ТОО «Aspara Munay»	«Aspara Munay» ЖШС кеңесшісі	советник ТОО «Aspara Munay»	APPROVED		
99	Генеральный директор ТОО «Billboards Empire», директор ТОО «Terra Invest Group», директор ТОО «Энерго Трэйдинг Групп»	«Billboards Empire» ЖШС бас директоры, «Terra Invest Group» ЖШС директоры, «Энерго Трэйдинг Групп» ЖШС директоры	Генеральный директор ТОО «Billboards Empire», директор ТОО «Terra Invest Group», директор ТОО «Энерго Трэйдинг Групп»	APPROVED		
100	Генеральный директор ТОО «Смарт-энергетика»	«Смарт-энергетика» ЖШС бас директоры	Генеральный директор ТОО «Смарт-энергетика»	APPROVED		
101	Генеральный директор ТОО «ENCOS Group»	ENCOS Group ЖШС бас директоры	Генеральный директор ТОО «ENCOS Group»	APPROVED	machine:google-translate	Approved by user
102	директор ТОО «Урал Пром Энерго»	Орал Пром Энерго ЖШС директоры	директор ТОО «Урал Пром Энерго»	APPROVED	machine:google-translate	Approved by user
103	президент ОЮЛ «Ассоциация Застройщиков Казахстана»	«Қазақстанның құрылыс салушылар қауымдастығы» МКҚК президенті	президент ОЮЛ «Ассоциация Застройщиков Казахстана»	APPROVED	machine:google-translate	Approved by user
104	руководитель департамента экологии по Павлодарской области	Павлодар облысы бойынша табиғатты қорғау басқармасының басшысы	руководитель департамента экологии по Павлодарской области	APPROVED	machine:google-translate	Approved by user
105	Генеральный директор ТОО «Таразкий кожевенный завод»	Тараз былғары зауыты» ЖШС бас директоры	Генеральный директор ТОО «Таразкий кожевенный завод»	APPROVED	machine:google-translate	Approved by user
106	депутат Мажилиса Парламента РК VІІІ созыва	VIII сайланған Қазақстан Республикасы Парламенті Мәжілісінің депутаты	депутат Мажилиса Парламента РК VІІІ созыва	APPROVED	machine:google-translate	Approved by user
107	предприниматель	Кәсіпкер	предприниматель	APPROVED	machine:google-translate	Approved by user
108	депутат Мажилиса Парламента РК V, VI, VII, VIII созыва	V, VI, VII, VIII сайланған Қазақстан Республикасы Парламенті Мәжілісінің депутаты	депутат Мажилиса Парламента РК V, VI, VII, VIII созыва	APPROVED	machine:google-translate	Approved by user
109	директор департамента ПХВ «Информационно-вычислительный центр»	«Ақпараттық-есептеу орталығы» Дербес ақпарат және есептеу департаментінің директоры	директор департамента ПХВ «Информационно-вычислительный центр»	APPROVED	machine:google-translate	Approved by user
110	директор СКФ «Туркестан», директор ТОО «DG-art», советник Генерального директора ТОО «Mabex Trade LTD»	ЖТҚК директоры, «ДСҚДБ» департаментінің директоры. Mabex Trade LLP LTD бас директорының кеңесшісі»	директор СКФ «Туркестан», директор ТОО «DG-art», советник Генерального директора ТОО «Mabex Trade LTD»	APPROVED	machine:google-translate	Approved by user
111	заместитель председателя Алматинского областного филиала ДПК «Ак жол»	«Ақ жол» ҚДП Алматы облыстық филиалы төрағасының орынбасары	заместитель председателя Алматинского областного филиала ДПК «Ак жол»	APPROVED	machine:google-translate	Approved by user
112	председатель Туркестанского областного филилала ДПК «Ак жол», предприниматель	«Ақ жол» ҚДП Түркістан облыстық филиалының төрағасы, кәсіпкер	председатель Туркестанского областного филилала ДПК «Ак жол», предприниматель	APPROVED	machine:google-translate	Approved by user
113	первый заместитель Генерального директора ТОО «Dostyk Gaz Terminal»	Достық Газ Терминал» ЖШС бас директорының бірінші орынбасары	первый заместитель Генерального директора ТОО «Dostyk Gaz Terminal»	APPROVED	machine:google-translate	Approved by user
114	заместитель директора ТОО «Газета «Наш Костанай», редактор ИА «Тобол Инфо»	Наш Қостанай газеті» ЖШС директорының орынбасары, «Тобыл ақпарат» ақпараттық агенттігінің редакторы	заместитель директора ТОО «Газета «Наш Костанай», редактор ИА «Тобол Инфо»	APPROVED	machine:google-translate	Approved by user
115	председатель Астанинского филиала ДПК «Ак жол», председатель постоянной комиссии маслихата города Астана по вопросам социально-культурного развития	Қазақстан Республикасы «Ақ жол» партиясы Астана қалалық филиалының төрағасы, Қазақстан Республикасы Парламенті Мәжілісінің депутаты. қалалық мәслихатының әлеуметтік-мәдени даму мәселелері бойынша	председатель Астанинского филиала ДПК «Ак жол», председатель постоянной комиссии маслихата города Астана по вопросам социально-культурного развития	APPROVED	machine:google-translate	Approved by user
116	директор ТОО «Стройгрупп PVL»	Стройгрупп ПВЛ ЖШС директоры	директор ТОО «Стройгрупп PVL»	APPROVED	machine:google-translate	Approved by user
117	председатель постоянной комиссии по социальным вопросам Акмолинского областного маслихата	Ақмола облыстық мәслихатының әлеуметтік мәселелер жөніндегі тұрақты комиссиясының төрағасы	председатель постоянной комиссии по социальным вопросам Акмолинского областного маслихата	APPROVED	machine:google-translate	Approved by user
118	основатель и управляющий группы компаний «TASGROUP», Генеральный директор ТОО «МФО «TAS FINANSCE GROUP»	TASGROUP компаниялар тобының негізін қалаушы және менеджері, «TAS FINANSCE GROUP» МҚҰ ЖШС бас директоры	основатель и управляющий группы компаний «TASGROUP», Генеральный директор ТОО «МФО «TAS FINANSCE GROUP»	APPROVED	machine:google-translate	Approved by user
119	директор ресторана «Жібек жолы»	Жібек жолы мейрамханасының директоры	директор ресторана «Жібек жолы»	APPROVED	machine:google-translate	Approved by user
120	председатель постоянной комиссии по инвестициям и развитию городской комфортной среды маслихата города Шымкент	инвестициялар және қолайлы ортаны дамыту жөніндегі тұрақты комиссиясының төрағасы.	председатель постоянной комиссии по инвестициям и развитию городской комфортной среды маслихата города Шымкент	APPROVED	machine:google-translate	Approved by user
121	заместитель директора ТОО «Арал газ»	Арал Газ ЖШС директорының орынбасары	заместитель директора ТОО «Арал газ»	APPROVED	machine:google-translate	Approved by user
122	индивидуальный предприниматель, юрист международного фонда защиты свободы слова «Адил сөз»	Жеке кәсіпкер, «Әділ сөз» сөз бостандығын қорғау халықаралық қорының заңгері	индивидуальный предприниматель, юрист международного фонда защиты свободы слова «Адил сөз»	APPROVED	machine:google-translate	Approved by user
123	заместитель директора департамента стратегии ТОО «Корпорация «Казахмыс»	Қазақмыс корпорациясы ЖШС Стратегия департаменті директорының орынбасары	заместитель директора департамента стратегии ТОО «Корпорация «Казахмыс»	APPROVED	machine:google-translate	Approved by user
124	директор ИП «Мағжан», депутат областного маслихата по Западно-Казахстанской области	Мағжан И.П. директоры, облыстық мәслихаттың Батыс Қазақстан облысы бойынша депутаты	директор ИП «Мағжан», депутат областного маслихата по Западно-Казахстанской области	APPROVED	machine:google-translate	Approved by user
125	учитель истории Назарбаев интеллектуальная школа в городе Астана	Астана қаласындағы Назарбаев Зияткерлік мектебінің тарих пәнінің мұғалімі	учитель истории Назарбаев интеллектуальная школа в городе Астана	APPROVED	machine:google-translate	Approved by user
126	Генеральный директор ТОО ДП «Жаркент»	ДП «Жаркент» ЖШС бас директоры	Генеральный директор ТОО ДП «Жаркент»	APPROVED	machine:google-translate	Approved by user
127	депутат городского маслихата города Шымкент, директор кооператива «BIOMAK»	Шымкент қалалық мәслихатының депутаты, «БИОМАК» кооперативінің директоры	депутат городского маслихата города Шымкент, директор кооператива «BIOMAK»	APPROVED	machine:google-translate	Approved by user
128	председатель Алматинского областного филиала ДПК «Ак жол», заместитель директора ТОО «Специализированное предприятие по обработке камня»	"ҚДП Алматы облыстық филиалының төрағасы, «ҚДП» ЖШС директоры. тас"""	председатель Алматинского областного филиала ДПК «Ак жол», заместитель директора ТОО «Специализированное предприятие по обработке камня»	APPROVED	machine:google-translate	Approved by user
129	председатель Атырауского областного филиала ДПК «Ак жол», директор ТОО «Атырау көлік құрылыс»	ҚР «Ақ жол» демократиялық партиясы Атырау облыстық филиалының төрағасы, «Атырау көлдік құрылыс» ЖШС директоры	председатель Атырауского областного филиала ДПК «Ак жол», директор ТОО «Атырау көлік құрылыс»	APPROVED	machine:google-translate	Approved by user
130	член Политсовета «Партии «Ауыл»	«Ауыл» партиясы Саяси кеңесінің мүшесі	член Политсовета «Партии «Ауыл»	APPROVED	machine:google-translate	Approved by user
131	руководитель ТОО «Бірлік АЖА»	Бірлік Ажа ЖШС басшысы	руководитель ТОО «Бірлік АЖА»	APPROVED	machine:google-translate	Approved by user
132	советник председателя «Партии «Ауыл»	Ауыл партиясы төрағасының кеңесшісі	советник председателя «Партии «Ауыл»	APPROVED	machine:google-translate	Approved by user
133	председатель регионального филиала «Партии «Ауыл» по городу Астана, генеральный директор горнодобывающего ТОО «Aksenger mining»	«Ауыл партиясы» Астана қаласы бойынша облыстық филиалының төрағасы, «Ақсенгер Майнинг» тау-кен өндіру ЖШС бас директоры	председатель регионального филиала «Партии «Ауыл» по городу Астана, генеральный директор горнодобывающего ТОО «Aksenger mining»	APPROVED	machine:google-translate	Approved by user
134	председатель регионального филиала «Партии «Ауыл» по Восточно-Казахстанской области , директор ТОО «Опытное хозяйство масличных культур», депутат маслихата Восточно-Казахстанской области	«Ауыл партиясы» Шығыс Қазақстан облысы бойынша филиалының төрағасы, «Ауыл партиясы» Шығыс Қазақстан облысы бойынша филиалының төрағасы, Шығыс Қазақстан облысы мәслихатының «Эксперименталдық шаруашылық» ЖШС директоры Қазақстан облысы	председатель регионального филиала «Партии «Ауыл» по Восточно-Казахстанской области , директор ТОО «Опытное хозяйство масличных культур», депутат маслихата Восточно-Казахстанской области	APPROVED	machine:google-translate	Approved by user
135	директор ТОО «АвтоНурМах»	АвтоНурМах» ЖШС директоры	директор ТОО «АвтоНурМах»	APPROVED	machine:google-translate	Approved by user
136	председатель «Партии «Ауыл»	Ауыл партиясының төрағасы	председатель «Партии «Ауыл»	APPROVED	machine:google-translate	Approved by user
137	редактор газеты «Сыр Дидары»	Сыр дидары газетінің редакторы	редактор газеты «Сыр Дидары»	APPROVED	machine:google-translate	Approved by user
138	руководитель ТОО «Алтын Жулдыз»	Алтын Жұлдыз ЖШС басшысы	руководитель ТОО «Алтын Жулдыз»	APPROVED	machine:google-translate	Approved by user
139	директор ТОО «Ремспецстрой», директор ТОО «Улдана»	Ремспецстрой» ЖШС директоры, «Ұлдана» ЖШС директоры	директор ТОО «Ремспецстрой», директор ТОО «Улдана»	APPROVED	machine:google-translate	Approved by user
140	директор филиала «Есиль су» РГП на ПХВ» Казводхоз» МВРИ РК	ҚР МВРИ ПВХ Қазводхозы бойынша «Есіл су» РМК филиалының директоры	директор филиала «Есиль су» РГП на ПХВ» Казводхоз» МВРИ РК	APPROVED	machine:google-translate	Approved by user
141	заведующая кафедрой Шәкәрім университета	Шәкәрім университетінің кафедра меңгерушісі	заведующая кафедрой Шәкәрім университета	APPROVED	machine:google-translate	Approved by user
142	председатель Жетысуского регионального филиала «Партии «Ауыл», руководитель Жетысуского филиала РГП «Республиканский противоэпизоотический отряд»	«Ауыл» партиясы Жетісу облыстық филиалының төрағасы, «Республикалық эпизоотияға қарсы жасағы» РМК Жетісу филиалының басшысы	председатель Жетысуского регионального филиала «Партии «Ауыл», руководитель Жетысуского филиала РГП «Республиканский противоэпизоотический отряд»	APPROVED	machine:google-translate	Approved by user
143	председатель регионального филиала «Партии «Ауыл» по Атырауской области	Атырау облысы бойынша «Ауыл партиясы» облыстық филиалының төрағасы	председатель регионального филиала «Партии «Ауыл» по Атырауской области	APPROVED	machine:google-translate	Approved by user
144	декан факультета экономики и права Костанайского университета им. А. Байтұрсынұлы	Қостанай университетінің экономика және құқық факультетінің деканы. А.Байтұрсынұлы	декан факультета экономики и права Костанайского университета им. А. Байтұрсынұлы	APPROVED	machine:google-translate	Approved by user
145	заместитель председателя «Партии «Ауыл»-руководитель Центрального аппарата	«Ауыл» партиясы Төрағасының орынбасары – Орталық аппарат басшысы	заместитель председателя «Партии «Ауыл»-руководитель Центрального аппарата	APPROVED	machine:google-translate	Approved by user
146	директор Общественного фонда «ITeachMe» центр развития компетенций», внештатный советник министра труда и социальной защиты населения Республики Казахстан	«ITeachMe» құзыреттілікті дамыту орталығы» қоғамдық қорының директоры, Қазақстан Республикасы Еңбек және халықты әлеуметтік қорғау министрінің штаттан тыс кеңесшісі	директор Общественного фонда «ITeachMe» центр развития компетенций», внештатный советник министра труда и социальной защиты населения Республики Казахстан	APPROVED	machine:google-translate	Approved by user
147	председатель регионального филиала «Партии «Ауыл» по Алматинской области	«Ауыл партиясы» Алматы облысы бойынша облыстық филиалының төрағасы	председатель регионального филиала «Партии «Ауыл» по Алматинской области	APPROVED	machine:google-translate	Approved by user
148	исполнительный директор общественного фонда «Саналы Қоғам»	Саналы қоғам» қоғамдық қорының атқарушы директоры	исполнительный директор общественного фонда «Саналы Қоғам»	APPROVED	machine:google-translate	Approved by user
149	руководитель ТОО «Металл-инжениринг»	Металл инжиниринг» ЖШС басшысы	руководитель ТОО «Металл-инжениринг»	APPROVED	machine:google-translate	Approved by user
150	член Политсовета «Партии «Ауыл», председатель правления «Ассоциация фермеров Казахстана»	Ауыл партиясы Саяси кеңесінің мүшесі, Қазақстан фермерлер қауымдастығы басқармасының төрағасы	член Политсовета «Партии «Ауыл», председатель правления «Ассоциация фермеров Казахстана»	APPROVED	machine:google-translate	Approved by user
151	директор ТОО «Александровское»	Александровское ЖШС директоры	директор ТОО «Александровское»	APPROVED	machine:google-translate	Approved by user
152	учредитель ТОО «Basic Agro»	Базик Агро ЖШС негізін қалаушы	учредитель ТОО «Basic Agro»	APPROVED	machine:google-translate	Approved by user
153	член совета директоров ТОО «Батыс Пауэр»	Батыс Пауэр ЖШС директорлар кеңесінің мүшесі	член совета директоров ТОО «Батыс Пауэр»	APPROVED	machine:google-translate	Approved by user
154	частное учреждение «Samruk Business Academy», заместитель генерального директора	«Самұрық Бизнес Академиясы» жеке мекемесі, бас директордың орынбасары	частное учреждение «Samruk Business Academy», заместитель генерального директора	APPROVED	machine:google-translate	Approved by user
155	первый заместитель председателя «Партии «Ауыл»	«Ауыл партиясы» төрағасының бірінші орынбасары	первый заместитель председателя «Партии «Ауыл»	APPROVED	machine:google-translate	Approved by user
156	председатель регионального филиала «Партии «Ауыл» по области Ұлытау, ТОО «Корпорация Казахмыс», главный специалист	«Ауыл партиясының» Ұлытау облысы бойынша облыстық филиалы «Қазақмыс корпорациясы» ЖШС төрағасы, бас маман	председатель регионального филиала «Партии «Ауыл» по области Ұлытау, ТОО «Корпорация Казахмыс», главный специалист	APPROVED	machine:google-translate	Approved by user
157	директор ТОО «Батыс Өнім»	Батыс өнім» ЖШС директоры	директор ТОО «Батыс Өнім»	APPROVED	machine:google-translate	Approved by user
158	индивидуальный предприниматель, ИП «Жумагулова»	жеке кәсіпкер, жеке кәсіпкер «Жұмағұлова»	индивидуальный предприниматель, ИП «Жумагулова»	APPROVED	machine:google-translate	Approved by user
159	заместитель директора филиала Академии государственного управления при Президенте Республики Казахстан по городу Алматы	Қазақстан Республикасы Президентінің жанындағы Мемлекеттік басқару академиясының Алматы қаласы бойынша филиалы директорының орынбасары	заместитель директора филиала Академии государственного управления при Президенте Республики Казахстан по городу Алматы	APPROVED	machine:google-translate	Approved by user
160	заместитель председателя Комитета государственной инспекции в агропромышленном комплексе Министерства сельского хозяйства Республики Казахстан	ҚР Мемлекеттік инспекциясы комитеті төрағасының орынбасары Қазақстан Республикасының ауыл шаруашылығы	заместитель председателя Комитета государственной инспекции в агропромышленном комплексе Министерства сельского хозяйства Республики Казахстан	APPROVED	machine:google-translate	Approved by user
161	ректор Костанайского инженерно-экономического университета им. М. Дулатова	атындағы Қостанай инженерлік-экономикалық университетінің ректоры. М.Дулатова	ректор Костанайского инженерно-экономического университета им. М. Дулатова	APPROVED	machine:google-translate	Approved by user
162	руководитель Управления сельского хозяйства Восточно-Казахстанской области	Шығыс Қазақстан облысының ауыл шаруашылығы басқармасының басшысы	руководитель Управления сельского хозяйства Восточно-Казахстанской области	APPROVED	machine:google-translate	Approved by user
163	председатель Туркестанского областного филиала «Партии «Ауыл»	Ауыл партиясы Түркістан облыстық филиалының төрағасы	председатель Туркестанского областного филиала «Партии «Ауыл»	APPROVED	machine:google-translate	Approved by user
164	председатель Шымкентского городского регионального филиала «Партии «Ауыл»	Ауыл партиясы Шымкент қалалық облыстық филиалының төрағасы	председатель Шымкентского городского регионального филиала «Партии «Ауыл»	APPROVED	machine:google-translate	Approved by user
165	директор ТОО «BS Aqro продукт»	BS Aqro Product ЖШС директоры	директор ТОО «BS Aqro продукт»	APPROVED	machine:google-translate	Approved by user
166	ТОО «Национальный центр биотехнологии», заведующий лабораторией биоразнообразия и генетических ресурсов	Ұлттық биотехнология орталығы» ЖШС, Биоәртүрлілік және генетикалық ресурстар зертханасының меңгерушісі	ТОО «Национальный центр биотехнологии», заведующий лабораторией биоразнообразия и генетических ресурсов	APPROVED	machine:google-translate	Approved by user
167	Северо-Казахстанский областной маслихат, председатель постоянной комиссии Северо-Казахстанского областного маслихата по вопросам охраны здоровья населения, его социальной защиты, образования, культуры и делам молодежи	Солтүстік Қазақстан облыстық мәслихаты, Солтүстік Қазақстан облыстық мәслихатының халық денсаулығы, әлеуметтік қорғау, білім, мәдениет және жастар ісі жөніндегі тұрақты комиссиясының төрағасы	Северо-Казахстанский областной маслихат, председатель постоянной комиссии Северо-Казахстанского областного маслихата по вопросам охраны здоровья населения, его социальной защиты, образования, культуры и делам молодежи	APPROVED	machine:google-translate	Approved by user
168	председатель Алматинского городского филиала «Партии «Ауыл»	Ауыл партиясы Алматы қалалық филиалының төрағасы	председатель Алматинского городского филиала «Партии «Ауыл»	APPROVED	machine:google-translate	Approved by user
169	председатель регионального филиала «Партии «Ауыл» по Жамбылской области	Ауыл партиясы Жамбыл облысы бойынша облыстық филиалының төрағасы	председатель регионального филиала «Партии «Ауыл» по Жамбылской области	APPROVED	machine:google-translate	Approved by user
170	генеральный директор ТОО «Bugin Holding Corp»	Bugin Holding Corp ЖШС бас директоры	генеральный директор ТОО «Bugin Holding Corp»	APPROVED	machine:google-translate	Approved by user
171	директор департамента стратегического планирования и анализа Министерства экологии и природных ресурсов Республики Казахстан	Қазақстан Республикасы Экология және табиғи ресурстар министрлігі Стратегиялық жоспарлау және талдау департаментінің директоры	директор департамента стратегического планирования и анализа Министерства экологии и природных ресурсов Республики Казахстан	APPROVED	machine:google-translate	Approved by user
172	ведущий научный сотрудник РГП на ПХВ «Институт биологии и биотехнологии растений» КН МНВО РК	Қазақстан Республикасы Білім және ғылым министрлігінің «Өсімдіктер биологиясы және биотехнологиясы институты» ПВХ РФ мемлекеттік кәсіпорнының жетекші ғылыми қызметкері	ведущий научный сотрудник РГП на ПХВ «Институт биологии и биотехнологии растений» КН МНВО РК	APPROVED	machine:google-translate	Approved by user
173	советник генерального директора ТОО «Гранит Талес-Электроникс»	Granit Thales-Electronics» ЖШС бас директорының кеңесшісі	советник генерального директора ТОО «Гранит Талес-Электроникс»	APPROVED	machine:google-translate	Approved by user
174	председатель регионального филиала «Партии «Ауыл» по Кызылординской области, депутат областного маслихата	«Ауыл партиясы» Қызылорда облысы бойынша аудандық филиалының төрағасы, облыстық мәслихаттың депутаты	председатель регионального филиала «Партии «Ауыл» по Кызылординской области, депутат областного маслихата	APPROVED	machine:google-translate	Approved by user
175	заместитель директора филиала НАО «Государственная корпорация «Правительство для граждан»	«Статистика» мемлекеттік корпорациясы» АҚ филиалы директорының орынбасары Азаматтар»	заместитель директора филиала НАО «Государственная корпорация «Правительство для граждан»	APPROVED	machine:google-translate	Approved by user
176	председатель постоянной комиссии Алматинского областного маслихата по вопросам здравоохранения, образования, социальной защиты населения, развития культуры и спорта»	Алматы облыстық мәслихатының денсаулық сақтау, білім беру, халықты әлеуметтік қорғау, мәдениет және спортты дамыту мәселелері жөніндегі тұрақты комиссиясының төрағасы	председатель постоянной комиссии Алматинского областного маслихата по вопросам здравоохранения, образования, социальной защиты населения, развития культуры и спорта»	APPROVED	machine:google-translate	Approved by user
177	председатель регионального филиала «Партии «Ауыл» по Мангистауской области	«Ауыл» партиясы Маңғыстау облысы бойынша аудандық филиалының төрағасы	председатель регионального филиала «Партии «Ауыл» по Мангистауской области	APPROVED	machine:google-translate	Approved by user
178	депутат маслихата области Ұлытау, председатель сельскохозяйственного производственного кооператива «Жетіконыр»	Өнеркәсіп аудандық мәслихатының депутаты, аудандық мәслихаттың депутаты «Жетіқоңыр»	депутат маслихата области Ұлытау, председатель сельскохозяйственного производственного кооператива «Жетіконыр»	APPROVED	machine:google-translate	Approved by user
179	заместитель руководителя аппарата «Партии «Ауыл»	«Ауыл партиясы» кеңсесі меңгерушісінің орынбасары	заместитель руководителя аппарата «Партии «Ауыл»	APPROVED	machine:google-translate	Approved by user
180	директор ТОО «Vista Company 2010»	Vista Company 2010 ЖШС директоры	директор ТОО «Vista Company 2010»	APPROVED	machine:google-translate	Approved by user
181	генеральный директор ТОО «ЮДИ принт»	UDI Print ЖШС бас директоры	генеральный директор ТОО «ЮДИ принт»	APPROVED	machine:google-translate	Approved by user
182	председатель молодежного крыла «Аuyl jastary» при «Партии «Ауыл»	«Ауыл партиясы» жанындағы «Ауыл жастары» жастар қанатының төрағасы	председатель молодежного крыла «Аuyl jastary» при «Партии «Ауыл»	APPROVED	machine:google-translate	Approved by user
183	председатель постоянной комиссии Мангистауского областного маслихата	Маңғыстау облыстық мәслихатының тұрақты комиссиясының төрағасы	председатель постоянной комиссии Мангистауского областного маслихата	APPROVED	machine:google-translate	Approved by user
184	руководитель научно-производственного центра зернового хозяйства им. А.И. Бараева	атындағы астық шаруашылығы ғылыми-өндірістік орталығының басшысы. А.И. Бараева	руководитель научно-производственного центра зернового хозяйства им. А.И. Бараева	APPROVED	machine:google-translate	Approved by user
185	профессор Павлодарского педагогического университета им. А. Маргулана	атындағы Павлодар педагогикалық университетінің профессоры. Ә.Марғұлан	профессор Павлодарского педагогического университета им. А. Маргулана	APPROVED	machine:google-translate	Approved by user
186	учредитель учреждения «Международный Таразский университет им. Шерхана Муртазы»	«Шерхан Мұртаза атындағы Халықаралық Тараз университеті» мекемесінің негізін қалаушы	учредитель учреждения «Международный Таразский университет им. Шерхана Муртазы»	APPROVED	machine:google-translate	Approved by user
187	директор Актюбинского филиала «Национального центра экспертизы и сертификации»	«Ұлттық сараптау және сертификаттау орталығы» Ақтөбе филиалының директоры	директор Актюбинского филиала «Национального центра экспертизы и сертификации»	APPROVED	machine:google-translate	Approved by user
188	руководитель аппарата фракции «Партии «Ауыл» в Мажилисе Парламента Республики Казахстан	Парламент» ҚР Парламенті Мәжілісі Аппаратының жетекшісі Қазақстан	руководитель аппарата фракции «Партии «Ауыл» в Мажилисе Парламента Республики Казахстан	APPROVED	machine:google-translate	Approved by user
189	председатель Общественного объединения «Общество инвалидов» Capable Group», директор ТОО «Төрт Таға»	«Қабілеттік тобы мүгедектер қоғамы» қоғамдық бірлестігінің төрағасы, «Төрт таға» ЖШС директоры	председатель Общественного объединения «Общество инвалидов» Capable Group», директор ТОО «Төрт Таға»	APPROVED	machine:google-translate	Approved by user
190	декан аграрного факультета ЮКЗУ им. М. Ауэзова	атындағы ОҚЗУ аграрлық факультетінің деканы. М.Әуезова	декан аграрного факультета ЮКЗУ им. М. Ауэзова	APPROVED	machine:google-translate	Approved by user
191	вице-президент холдинговой компании АО «Aitas-KZ»	«Айтас-KZ» АҚ холдингінің вице-президенті	вице-президент холдинговой компании АО «Aitas-KZ»	APPROVED	machine:google-translate	Approved by user
192	учитель Школа-гимназия №34 им. Асана Тайманова города Уральска	№34 мектеп-гимназиясының мұғалімі. Орал қаласы	учитель Школа-гимназия №34 им. Асана Тайманова города Уральска	APPROVED	machine:google-translate	Approved by user
193	менеджер проекта в КХ «Нуралы»	Нұралы шаруа қожалығының жоба жетекшісі	менеджер проекта в КХ «Нуралы»	APPROVED	machine:google-translate	Approved by user
194	НАО «Медицинский университет Астана», председатель правления - ректор	«Астана медицина университеті» КЕАҚ, Басқарма төрағасы – ректор	НАО «Медицинский университет Астана», председатель правления - ректор	APPROVED	machine:google-translate	Approved by user
195	заведующая отделом аппарата Мажилиса Парламента Республики Казахстан	Қазақстан Республикасы Парламенті Мәжілісі	заведующая отделом аппарата Мажилиса Парламента Республики Казахстан	APPROVED	machine:google-translate	Approved by user
196	индивидуальный предприниматель «Bilgir Studio»	"жеке кәсіпкер ""Bilgir Studio"""	индивидуальный предприниматель «Bilgir Studio»	APPROVED	machine:google-translate	Approved by user
197	президент учреждения «Международная академия экологии», председатель ОЮЛ «Международная ассоциация производителей экологической чистой продукции»	"""Халықаралық Экология академиясы"" мекемесінің президенті, ""Экологиялық таза өнімдерді өндірушілердің халықаралық қауымдастығы"" ALE төрағасы"	президент учреждения «Международная академия экологии», председатель ОЮЛ «Международная ассоциация производителей экологической чистой продукции»	APPROVED	machine:google-translate	Approved by user
198	директор НИИ «Центр исследования цифрового права и глобальных технологий»	"The Global Research Institute of Digital Research and ""198"">""Халықаралық экология академиясы"" Technologies»"	директор НИИ «Центр исследования цифрового права и глобальных технологий»	APPROVED	machine:google-translate	Approved by user
199	председатель Казахстанской партии зеленых «Байтақ»	Қазақстандық «Байтақ» Жасылдар партиясының төрағасы	председатель Казахстанской партии зеленых «Байтақ»	APPROVED	machine:google-translate	Approved by user
200	адвокат Туркестанской областной коллегии адвокатов	Түркістан облыстық адвокаттар алқасының заңгері	адвокат Туркестанской областной коллегии адвокатов	APPROVED	machine:google-translate	Approved by user
201	юрист Казахстанской партии зеленых «Байтақ»	Қазақстандық «Байтақ» Жасылдар партиясының заңгері	юрист Казахстанской партии зеленых «Байтақ»	APPROVED	machine:google-translate	Approved by user
202	директор ТОО «Tau Ken Geology»	Тау Кен Геология ЖШС директоры	директор ТОО «Tau Ken Geology»	APPROVED	machine:google-translate	Approved by user
203	главный врач ТОО «Медицинский центр клеточных технологий»	Cell Technologies медициналық орталығы ЖШС бас дәрігері	главный врач ТОО «Медицинский центр клеточных технологий»	APPROVED	machine:google-translate	Approved by user
204	генеральный директор ТОО «БатысСуШар»	БатысСуШар ЖШС бас директоры	генеральный директор ТОО «БатысСуШар»	APPROVED	machine:google-translate	Approved by user
205	директор ТОО «Baiterek Engineering»	Бәйтерек Инжиниринг ЖШС директоры	директор ТОО «Baiterek Engineering»	APPROVED	machine:google-translate	Approved by user
206	председатель Акмолинского областного филиала Казахстанской партии зеленых «Байтақ»	Қазақстандық жасылдар «Байтақ» партиясы Ақмола облыстық филиалының төрағасы	председатель Акмолинского областного филиала Казахстанской партии зеленых «Байтақ»	APPROVED	machine:google-translate	Approved by user
207	заместитель директора ТОО «Paradigm Shift»	Paradigm Shift ЖШС директорының орынбасары	заместитель директора ТОО «Paradigm Shift»	APPROVED	machine:google-translate	Approved by user
208	ИП «ArtLab»	"IP ""ArtLab"""	ИП «ArtLab»	APPROVED	machine:google-translate	Approved by user
209	исполнительный секретарь Восточно- Казахстанского областного филиала Казахстанской партии зеленых «Байтақ»	Қазақстандық «Байтақ» жасылдар партиясы Шығыс Қазақстан облыстық филиалының жауапты хатшысы	исполнительный секретарь Восточно- Казахстанского областного филиала Казахстанской партии зеленых «Байтақ»	APPROVED	machine:google-translate	Approved by user
210	директор ТОО «СПМК-5»	СПМК-5 ЖШС директоры	директор ТОО «СПМК-5»	APPROVED	machine:google-translate	Approved by user
211	заместитель директора АО «НК «ҚТЖ» - дирекция магистральной сети	ҚТЖ ҰК» АҚ директорының орынбасары - Магистральдық желі дирекциясы	заместитель директора АО «НК «ҚТЖ» - дирекция магистральной сети	APPROVED	machine:google-translate	Approved by user
212	общественный деятель	Қоғам қайраткері	общественный деятель	APPROVED	machine:google-translate	Approved by user
213	председатель Президиума Республиканской палаты частных судебных исполнителей	Республикалық жеке сот орындаушылар палатасы президиумының төрағасы	председатель Президиума Республиканской палаты частных судебных исполнителей	APPROVED	machine:google-translate	Approved by user
214	директор ТОО «Семстройлидер»	Семстройлидер» ЖШС директоры	директор ТОО «Семстройлидер»	APPROVED	machine:google-translate	Approved by user
215	председатель постоянной комиссии по социальному и культурному развитию Атырауского областного маслихата	Атырау облыстық мәслихатының әлеуметтік-мәдени даму мәселелері жөніндегі тұрақты комиссиясының төрағасы	председатель постоянной комиссии по социальному и культурному развитию Атырауского областного маслихата	APPROVED	machine:google-translate	Approved by user
216	заместитель заведующего отделом аппарата Мажилиса Парламента РК	Қазақстан Республикасы Парламенті Мәжілісі Аппаратының бөлім меңгерушісінің орынбасары	заместитель заведующего отделом аппарата Мажилиса Парламента РК	APPROVED	machine:google-translate	Approved by user
217	менеджер проекта ТОО «Salplanet»	Salplanet ЖШС жоба жетекшісі	менеджер проекта ТОО «Salplanet»	APPROVED	machine:google-translate	Approved by user
218	исполнительный директор KTZ Express	KTZ Express атқарушы директоры	исполнительный директор KTZ Express	APPROVED	machine:google-translate	Approved by user
219	секретарь по вопросам зеленой экономики Казахстанской партии зелёных «Байтақ»	Қазақстандық «Байтақ» жасылдар партиясының жасыл экономика жөніндегі хатшысы	секретарь по вопросам зеленой экономики Казахстанской партии зелёных «Байтақ»	APPROVED	machine:google-translate	Approved by user
220	заместитель директора ТОО «ATON+»	ATON+ ЖШС директорының орынбасары	заместитель директора ТОО «ATON+»	APPROVED	machine:google-translate	Approved by user
221	директор ТОО «Наше право»	«Біздің заң» ЖШС директоры	директор ТОО «Наше право»	APPROVED	machine:google-translate	Approved by user
222	первый заместитель председателя правления НАО «Республиканская физико- математическая школа»	«Республикалық физика-математика мектебі» КЕАҚ басқарма төрағасының бірінші орынбасары	первый заместитель председателя правления НАО «Республиканская физико- математическая школа»	APPROVED	machine:google-translate	Approved by user
223	специалист по коммерциализацииТОО «Азия-Auto Казахстан»	Азия-Авто Қазақстан ЖШС коммерцияландыру жөніндегі маман	специалист по коммерциализацииТОО «Азия-Auto Казахстан»	APPROVED	machine:google-translate	Approved by user
224	самозанятая	өзін-өзі жұмыспен қамтыған	самозанятая	APPROVED	machine:google-translate	Approved by user
225	ИП «Alma»	"IP ""Алма"""	ИП «Alma»	APPROVED	machine:google-translate	Approved by user
226	руководитель Центрального аппарата Казахстанской партии зеленых «Байтақ»	Қазақстандық «Байтақ» Жасылдар партиясы Орталық аппаратының басшысы	руководитель Центрального аппарата Казахстанской партии зеленых «Байтақ»	APPROVED	machine:google-translate	Approved by user
227	самозанятый	Өзін-өзі жұмыспен қамтыған	самозанятый	APPROVED	machine:google-translate	Approved by user
228	начальник отдела охраны окружающей среды ТОО «ПетроКазахстан Ойл Продактс»	ПетроҚазақстан Ойл Продактс ЖШС қоршаған ортаны қорғау бөлімінің бастығы	начальник отдела охраны окружающей среды ТОО «ПетроКазахстан Ойл Продактс»	APPROVED	machine:google-translate	Approved by user
229	учитель школы-гимназии № 131	№131 мектеп-гимназиясының мұғалімі	учитель школы-гимназии № 131	APPROVED	machine:google-translate	Approved by user
230	директор ТОО «КазОйлЭнерджи»	KazOilEnergy ЖШС директоры	директор ТОО «КазОйлЭнерджи»	APPROVED	machine:google-translate	Approved by user
231	ИП «Томирис»	"IP ""Томирис"""	ИП «Томирис»	APPROVED	machine:google-translate	Approved by user
232	директор ТОО «Bbi Project»	"""Bbi Project"" ЖШС директоры"	директор ТОО «Bbi Project»	APPROVED	machine:google-translate	Approved by user
233	руководитель аппарата ГУ «Аппарат акима Толебийского района Туркестанской области»	"""Түркістан облысы Төлеби ауданы әкімінің аппараты"" мемлекеттік мекемесінің аппарат басшысы"	руководитель аппарата ГУ «Аппарат акима Толебийского района Туркестанской области»	APPROVED	machine:google-translate	Approved by user
234	генеральный директор ТОО «Атыраугидрогеология»	Атыраугидрогеология ЖШС бас директоры	генеральный директор ТОО «Атыраугидрогеология»	APPROVED	machine:google-translate	Approved by user
235	врач стамотолог стоматологии ALFA-DENT»	ALFA-DENT Dentistry стоматологы	врач стамотолог стоматологии ALFA-DENT»	APPROVED	machine:google-translate	Approved by user
236	заместитель директора ГККП «Колледж № 7» управления образования Туркестанской области	Түркістан облысы білім басқармасының «No7 колледж» мемлекеттік қазыналық кәсіпорны директорының орынбасары	заместитель директора ГККП «Колледж № 7» управления образования Туркестанской области	APPROVED	machine:google-translate	Approved by user
237	директор ТОО «Eco Madeniet»	Эко Мәдениет» ЖШС директоры	директор ТОО «Eco Madeniet»	APPROVED	machine:google-translate	Approved by user
238	управляющий директор по безопасности ТОО «RS-ЖОЛ СЕРВИС»	RS-ZHOL SERVICE ЖШС қауіпсіздік жөніндегі басқарушы директоры	управляющий директор по безопасности ТОО «RS-ЖОЛ СЕРВИС»	APPROVED	machine:google-translate	Approved by user
239	директор ТОО «Астанинская Энергосбытовая компания»	Astana Energy Sales Company ЖШС директоры	директор ТОО «Астанинская Энергосбытовая компания»	APPROVED	machine:google-translate	Approved by user
240	исполнительный секретарь Казахстанской партии зеленых «Байтақ»	«Байтақ» Қазақстан жасыл партиясының атқарушы хатшысы	исполнительный секретарь Казахстанской партии зеленых «Байтақ»	APPROVED	machine:google-translate	Approved by user
241	начальник отдела бурения и КПРС ТОО «KazPetrol Group»	KazPetrol Group ЖШС бұрғылау және ұңғымаларды бақылау бөлімінің бастығы	начальник отдела бурения и КПРС ТОО «KazPetrol Group»	APPROVED	machine:google-translate	Approved by user
242	директор ТОО «АS-ЖОЛ СЕРВИС»	AS-ZHOL SERVICE ЖШС директоры	директор ТОО «АS-ЖОЛ СЕРВИС»	APPROVED	machine:google-translate	Approved by user
243	советник директора ТОО «Inter Group Story Invest»	Inter Group Story Invest ЖШС директорының кеңесшісі	советник директора ТОО «Inter Group Story Invest»	APPROVED	machine:google-translate	Approved by user
244	член правления Союза машиностроителей Казахстана	Қазақстан Инженерлік машина жасаушылар одағы басқармасының мүшесі	член правления Союза машиностроителей Казахстана	APPROVED	machine:google-translate	Approved by user
245	председатель Павлодарского областного филиала ОО «Народная партия Казахстана»	«Қазақстан Халық партиясы» ҚБ Павлодар облыстық филиалының төрағасы	председатель Павлодарского областного филиала ОО «Народная партия Казахстана»	APPROVED	machine:google-translate	Approved by user
246	председатель Жамбылского областного филиала ОО «Народная партия Казахстана»	«Қазақстан Халық партиясы» ҚБ Жамбыл облыстық филиалының төрағасы	председатель Жамбылского областного филиала ОО «Народная партия Казахстана»	APPROVED	machine:google-translate	Approved by user
247	генеральный директор РГП на ПХВ «Республиканский научно-исследовательский институт по охране труда»	«Еңбекті қорғау жөніндегі республикалық ғылыми-зерттеу институты» РМК жанындағы республикалық мемлекеттік кәсіпорнының бас директоры	генеральный директор РГП на ПХВ «Республиканский научно-исследовательский институт по охране труда»	APPROVED	machine:google-translate	Approved by user
248	артист-солист эстрадного отдела РГКП Государственная академическая концертная организация «Қазақконцерт имени Розы Баглановой» Комитета культуры Министерства культуры и информации Республики Казахстан. председатель Комиссии по культуре Общественного совета Министерства культуры и информации Республики Казахстан	Қазақстан Республикасы Мәдениет және ақпарат министрлігі Мәдениет комитетінің «Роза Бағланова атындағы қазақ концерті» РГКП Мемлекеттік академиялық концерттік ұйымы эстрада бөлімінің әртісі-солисті. Қазақстан Республикасы Мәдениет және ақпарат министрлігі Қоғамдық кеңесінің Мәдениет комиссиясының төрағасы	артист-солист эстрадного отдела РГКП Государственная академическая концертная организация «Қазақконцерт имени Розы Баглановой» Комитета культуры Министерства культуры и информации Республики Казахстан. председатель Комиссии по культуре Общественного совета Министерства культуры и информации Республики Казахстан	APPROVED	machine:google-translate	Approved by user
249	председатель совета директоров ТОО «Астана Авто Снаб Сервис-НС»	Астана Автожабдықтау Сервис-НС ЖШС директорлар кеңесінің төрағасы	председатель совета директоров ТОО «Астана Авто Снаб Сервис-НС»	APPROVED	machine:google-translate	Approved by user
250	директор Союза проектных компаний Казахстана	Қазақстан жобалау компаниялары одағының директоры	директор Союза проектных компаний Казахстана	APPROVED	machine:google-translate	Approved by user
251	советник председателя ОО «Народная партия Казахстана»	«Қазақстан Халық партиясы» ҚБ төрағасының кеңесшісі	советник председателя ОО «Народная партия Казахстана»	APPROVED	machine:google-translate	Approved by user
252	руководитель индивидуального предприятия «Аскарбекова»	«Асқарбекова» жеке кәсіпорнының жетекшісі	руководитель индивидуального предприятия «Аскарбекова»	APPROVED	machine:google-translate	Approved by user
253	старший преподаватель КазНУ имени Аль-Фараби	Әл-Фараби атындағы Қазақ ұлттық университетінің аға оқытушысы	старший преподаватель КазНУ имени Аль-Фараби	APPROVED	machine:google-translate	Approved by user
254	заместитель председателя ОО «Народная партия Казахстана»	Қазақстан Халық партиясы ҮЕҰ төрағасының орынбасары	заместитель председателя ОО «Народная партия Казахстана»	APPROVED	machine:google-translate	Approved by user
255	генеральный директор ТОО «Жигалма»	Жигалма ЖШС бас директоры	генеральный директор ТОО «Жигалма»	APPROVED	machine:google-translate	Approved by user
256	главный хормейстер Туркестанского музыкального драматического театра	Түркістан музыкалық драма театрының бас хормейстері	главный хормейстер Туркестанского музыкального драматического театра	APPROVED	machine:google-translate	Approved by user
257	руководитель отдела финансов РГУ «Департамента юстиции города Астаны Министерства юстиции РК»	«Қазақстан Республикасы Әділет министрлігі Астана қаласының Әділет департаменті» Ресей мемлекеттік мекемесінің қаржы бөлімінің бастығы	руководитель отдела финансов РГУ «Департамента юстиции города Астаны Министерства юстиции РК»	APPROVED	machine:google-translate	Approved by user
258	исполняющий обязанности ассоциированного профессора в Международном университете информационных технологий	Халықаралық ақпараттық технологиялар университетінің доцент м.а.	исполняющий обязанности ассоциированного профессора в Международном университете информационных технологий	APPROVED	machine:google-translate	Approved by user
259	ведущая Youtube-канала ОО «Народная партия Казахстана»	"""Қазақстан Халық партиясы"" ҮЕҰ Youtube арнасының жүргізушісі"	ведущая Youtube-канала ОО «Народная партия Казахстана»	APPROVED	machine:google-translate	Approved by user
260	директор департамента юридической службы Министерства труда и социальной защиты населения Республики Казахстан	Қазақстан Республикасы Еңбек және халықты әлеуметтік қорғау министрлігі Заң қызметі департаментінің директоры	директор департамента юридической службы Министерства труда и социальной защиты населения Республики Казахстан	APPROVED	machine:google-translate	Approved by user
261	заместитель директора департамента законодательства НПП РК «Атамекен»	ҚР «Атамекен» ҚР ҰКП Заңнама департаменті директорының орынбасары	заместитель директора департамента законодательства НПП РК «Атамекен»	APPROVED	machine:google-translate	Approved by user
262	независимый эксперт по банковским вопросам	Банк мәселелері бойынша тәуелсіз сарапшы	независимый эксперт по банковским вопросам	APPROVED	machine:google-translate	Approved by user
263	журналист-редактор ОО «Народная партия Казахстана»	«Қазақстан Халық партиясы» ҮЕҰ-ның журналист-редакторы	журналист-редактор ОО «Народная партия Казахстана»	APPROVED	machine:google-translate	Approved by user
264	генеральный директор частной компании «Omir Group»	«Өмір Групп» жеке компаниясының бас директоры	генеральный директор частной компании «Omir Group»	APPROVED	machine:google-translate	Approved by user
265	учитель начальных классов КГУ «Средняя школа №40»	«No40 орта мектеп» КММ бастауыш сынып мұғалімі	учитель начальных классов КГУ «Средняя школа №40»	APPROVED	machine:google-translate	Approved by user
266	вице-президент группы компаний «Шин-Лайн»	Шин-Лайн компаниялар тобының вице-президенті	вице-президент группы компаний «Шин-Лайн»	APPROVED	machine:google-translate	Approved by user
267	председатель Атырауского областного филиала ОО «Народная партия Казахстана»	«Қазақстан Халық партиясы» ҮЕҰ Атырау облыстық филиалының төрағасы	председатель Атырауского областного филиала ОО «Народная партия Казахстана»	APPROVED	machine:google-translate	Approved by user
268	исполняющий обязанности председателя Алматинского областного филиала ОО «Народная партия Казахстана»	«Қазақстан Халық партиясы» ҚБ Алматы облыстық филиалы төрағасының м.а.	исполняющий обязанности председателя Алматинского областного филиала ОО «Народная партия Казахстана»	APPROVED	machine:google-translate	Approved by user
269	руководитель центра научных исследований Министерства труда и социальной защиты населения Республики Казахстан	Қазақстан Республикасы Еңбек және халықты әлеуметтік қорғау министрлігі Ғылыми зерттеу орталығының жетекшісі	руководитель центра научных исследований Министерства труда и социальной защиты населения Республики Казахстан	APPROVED	machine:google-translate	Approved by user
270	председатель Кызылординского областного филиала ОО «Народная партия Казахстана»	төрағасы.	председатель Кызылординского областного филиала ОО «Народная партия Казахстана»	APPROVED	machine:google-translate	Approved by user
271	солист Мангистауской областной филармонии им. М. Өскінбаева	атындағы Маңғыстау облыстық филармониясының солисті. M. Oskinbaeva	солист Мангистауской областной филармонии им. М. Өскінбаева	APPROVED	machine:google-translate	Approved by user
272	учредитель ТОО «Ясли Сад Айшатай», директор и редактор ТОО «Информационное агентство «SERT-inform.kz»	"Founder of LLP ""Nursery Sad Aishatay"", Director and Editor of LLP ""Information Agency ""SERT-inform.kz"""	учредитель ТОО «Ясли Сад Айшатай», директор и редактор ТОО «Информационное агентство «SERT-inform.kz»	APPROVED	machine:google-translate	Approved by user
273	председатель филиала ОО «Народная партия Казахстана» в области Жетісу	"Chairman of the branch of the NGO ""People's Party of Kazakhstan"" in the Zhetisu region"	председатель филиала ОО «Народная партия Казахстана» в области Жетісу	APPROVED	machine:google-translate	Approved by user
274	председатель правления Алматинского городского Общества инвалидов	Алматы қалалық мүгедектер қоғамы басқармасының төрағасы	председатель правления Алматинского городского Общества инвалидов	APPROVED	machine:google-translate	Approved by user
275	председатель филиала ОО «Народная партия Казахстана» в области Абай	«Қазақстан Халық партиясы» ҚБ Абай ауданы бойынша филиалының төрағасы	председатель филиала ОО «Народная партия Казахстана» в области Абай	APPROVED	machine:google-translate	Approved by user
276	ректор АО «Казахский медицинский университет непрерывного образования»	Қазақ медицина университетінің үздіксіз білім беру университеті АҚ ректоры	ректор АО «Казахский медицинский университет непрерывного образования»	APPROVED	machine:google-translate	Approved by user
277	директор ТОО «Sadu»	Саду» ЖШС директоры	директор ТОО «Sadu»	APPROVED	machine:google-translate	Approved by user
278	руководитель Центрального аппарата ОО «Народная партия Казахстана»	"""Қазақстан Халық партиясы"" ҮЕҰ Орталық аппаратының басшысы"	руководитель Центрального аппарата ОО «Народная партия Казахстана»	APPROVED	machine:google-translate	Approved by user
279	руководитель филиала Республиканской палаты частных судебных исполнителей	Жеке сот орындаушыларының республикалық палатасы филиалының меңгерушісі	руководитель филиала Республиканской палаты частных судебных исполнителей	APPROVED	machine:google-translate	Approved by user
280	управляющий партнер адвокатской конторы «QALQAN ADVISORS»	"""QALQAN ADVISORS"" заң фирмасының басқарушы серіктесі"	управляющий партнер адвокатской конторы «QALQAN ADVISORS»	APPROVED	machine:google-translate	Approved by user
281	председатель Туркестанского областного филиала ОО «Народная партия Казахстана»	ҚХА Түркістан облыстық филиалының төрағасы	председатель Туркестанского областного филиала ОО «Народная партия Казахстана»	APPROVED	machine:google-translate	Approved by user
282	генеральный директор ТОО «Light Engineering»	Жеңіл Инжиниринг ЖШС бас директоры	генеральный директор ТОО «Light Engineering»	APPROVED	machine:google-translate	Approved by user
283	председатель Актюбинского областного филиала ОО «Народная партия Казахстана»	«Қазақстан Халық партиясы» ҮЕҰ Ақтөбе облыстық филиалының төрағасы	председатель Актюбинского областного филиала ОО «Народная партия Казахстана»	APPROVED	machine:google-translate	Approved by user
284	заместитель председателя Комитета государственных услуг Министерства искусственного интеллекта и цифрового развития Республики Казахстан	Қазақстан Республикасы Жасанды интеллект және цифрлық даму министрлігі Мемлекеттік қызметтер көрсету комитеті төрағасының орынбасары	заместитель председателя Комитета государственных услуг Министерства искусственного интеллекта и цифрового развития Республики Казахстан	APPROVED	machine:google-translate	Approved by user
285	тренер по правам лиц с инвалидностью в ОФ «Асыл Дария»	ҚР Құқық қорғау органдарына қатысты. Дария»	тренер по правам лиц с инвалидностью в ОФ «Асыл Дария»	APPROVED	machine:google-translate	Approved by user
286	председатель Западно-Казахстанского областного филиала ОО «Народная партия Казахстана»	«Қазақстан Халық партиясы» ҚБ Батыс Қазақстан облыстық филиалының төрағасы	председатель Западно-Казахстанского областного филиала ОО «Народная партия Казахстана»	APPROVED	machine:google-translate	Approved by user
287	заместитель председателя ОО «Народная партия Казахстана», председатель Карагандинского областного филиала ОО «Народная партия Казахстана» и филиала ОО «Народная партия Казахстана» в области Ұлытау	«Қазақстан Халық партиясы» ҚБ төрағасының орынбасары, «Қазақстан Халық партиясы» ҚБ Қарағанды облыстық филиалының төрағасы және «Қазақстан Халық партиясы» ҚҰП филиалының төрағасы Ұлытау облысы	заместитель председателя ОО «Народная партия Казахстана», председатель Карагандинского областного филиала ОО «Народная партия Казахстана» и филиала ОО «Народная партия Казахстана» в области Ұлытау	APPROVED	machine:google-translate	Approved by user
288	генеральный директор ТОО «Nigin Industry»	Nigin Industry ЖШС бас директоры	генеральный директор ТОО «Nigin Industry»	APPROVED	machine:google-translate	Approved by user
289	заместитель председателя правления НПП РК «Атамекен»	ҚР «Атамекен» АЭС Басқарма төрағасының орынбасары	заместитель председателя правления НПП РК «Атамекен»	APPROVED	machine:google-translate	Approved by user
290	коммерческий директор ТОО «Объединенная сырьевая компания»	Біріккен шикізат компаниясы» ЖШС коммерциялық директоры	коммерческий директор ТОО «Объединенная сырьевая компания»	APPROVED	machine:google-translate	Approved by user
291	актриса, продюсер	актриса, продюсер	актриса, продюсер	APPROVED	machine:google-translate	Approved by user
292	депутат VIII созыва Мажилиса Парламента Республики Казахстан, председатель ОО «Казахстанский отраслевой горно-металлургический профсоюз»	Қазақстан Республикасы Парламенті Мәжілісінің 8-ші шақырылымының депутаты, «Қазақстан өнеркәсіптік тау-кен металлургиялық кәсіподақ» ҚБ төрағасы	депутат VIII созыва Мажилиса Парламента Республики Казахстан, председатель ОО «Казахстанский отраслевой горно-металлургический профсоюз»	APPROVED	machine:google-translate	Approved by user
293	управляющий директор частной школы International Future School	Халықаралық болашақ мектебі жекеменшік мектебінің басқарушы директоры	управляющий директор частной школы International Future School	APPROVED	machine:google-translate	Approved by user
294	руководитель организационного отдела Центрального аппарата ОО «Народная партия Казахстана»	Қазақстан Халық партиясы ҮЕҰ Орталық аппаратының ұйымдастыру бөлімінің меңгерушісі	руководитель организационного отдела Центрального аппарата ОО «Народная партия Казахстана»	APPROVED	machine:google-translate	Approved by user
295	директор ТОО «Camrades Group»	Camrades Group ЖШС директоры	директор ТОО «Camrades Group»	APPROVED	machine:google-translate	Approved by user
296	вице-президент по БИОТ ТОО «Холдинговая компания Базис»	Базис Холдинг компаниясы ЖШС БИОТ жөніндегі вице-президенті	вице-президент по БИОТ ТОО «Холдинговая компания Базис»	APPROVED	machine:google-translate	Approved by user
297	генеральный директор ТОО «Kap Logistics»	Kap Logistics ЖШС бас директоры	генеральный директор ТОО «Kap Logistics»	APPROVED	machine:google-translate	Approved by user
298	нотариус города Алматы	Алматы қаласының нотариусы	нотариус города Алматы	APPROVED	machine:google-translate	Approved by user
299	советник директора «Государственный фонд развития молодежной политики города Алматы»	Алматы қаласының Жастар саясатын дамыту мемлекеттік қоры директорының кеңесшісі	советник директора «Государственный фонд развития молодежной политики города Алматы»	APPROVED	machine:google-translate	Approved by user
300	депутат VIII созыва Мажилиса Парламента Республики Казахстан, уполномоченный по правам социально уязвимых слоев населения при Президенте Республики Казахстан	Қазақстан Республикасы Парламенті Мәжілісінің VIII сайланған депутаты, Қазақстан Республикасы Президентінің әлеуметтік қорғалмаған топтары жанындағы уәкіл. Қазақстан	депутат VIII созыва Мажилиса Парламента Республики Казахстан, уполномоченный по правам социально уязвимых слоев населения при Президенте Республики Казахстан	APPROVED	machine:google-translate	Approved by user
301	генеральный директор Международной ассоциации «Глобальный шёлковый путь»	"""Жаһандық Жібек жолы"" халықаралық қауымдастығының бас директоры"	генеральный директор Международной ассоциации «Глобальный шёлковый путь»	APPROVED	machine:google-translate	Approved by user
302	депутат VIII созыва Мажилиса Парламента Республики Казахстан, государственный и общественный деятель	Қазақстан Республикасы Парламенті Мәжілісінің 8-ші шақырылымының депутаты, мемлекет және қоғам қайраткері	депутат VIII созыва Мажилиса Парламента Республики Казахстан, государственный и общественный деятель	APPROVED	machine:google-translate	Approved by user
303	государственный и общественный деятель, заместитель председателя Национальной комиссии по делам женщин и семейно-демографической политике при Президенте Республики Казахстан	мемлекет және қоғам қайраткері, Әйелдер істері және әйелдер істері жөніндегі ұлттық комиссия төрағасының орынбасары Қазақстан Республикасы Президентінің жанындағы саясат	государственный и общественный деятель, заместитель председателя Национальной комиссии по делам женщин и семейно-демографической политике при Президенте Республики Казахстан	APPROVED	machine:google-translate	Approved by user
304	депутат VIII созыва Мажилиса Парламента Республики Казахстан, руководитель молодежного крыла ОО «Народная партия Казахстана»	Қазақстан Республикасы Парламенті Мәжілісінің VIII сайланған депутаты, «Қазақстан Халық партиясы» ҮЕҰ жастар қанатының жетекшісі	депутат VIII созыва Мажилиса Парламента Республики Казахстан, руководитель молодежного крыла ОО «Народная партия Казахстана»	APPROVED	machine:google-translate	Approved by user
305	менеджер Центрального аппарата ОО «Народная партия Казахстана»	Қазақстан Халық партиясы ҮЕҰ Орталық аппаратының меңгерушісі	менеджер Центрального аппарата ОО «Народная партия Казахстана»	APPROVED	machine:google-translate	Approved by user
306	председатель Мангистауского областного филиала ОО «Народная партия Казахстана»	«Қазақстан Халық партиясы» ҚБ Маңғыстау облыстық филиалының төрағасы	председатель Мангистауского областного филиала ОО «Народная партия Казахстана»	APPROVED	machine:google-translate	Approved by user
307	преподаватель в КазНПУ имени Абая	Абай атындағы ҚазҰПУ оқытушысы	преподаватель в КазНПУ имени Абая	APPROVED	machine:google-translate	Approved by user
308	председатель Шымкентского городского филиала ОО «Народная партия Казахстана»	"""Қазақстан Халық партиясы"" ҚБ Шымкент қалалық филиалының төрағасы"	председатель Шымкентского городского филиала ОО «Народная партия Казахстана»	APPROVED	machine:google-translate	Approved by user
309	директор ТОО «NK-CARGO»	"""NK-CARGO"" ЖШС директоры"	директор ТОО «NK-CARGO»	APPROVED	machine:google-translate	Approved by user
310	председатель ОО «Народная партия Казахстана»	"""Қазақстан Халық партиясы"" ҮЕҰ төрағасы"	председатель ОО «Народная партия Казахстана»	APPROVED	machine:google-translate	Approved by user
311	руководитель управления тарифообразования и методологии оплаты медицинских услуг Министерства здравоохранения Республики Казахстан	Қазақстан Республикасы Денсаулық сақтау министрлігі Медициналық қызмет көрсету тарифтерін белгілеу және төлеу әдістемесі басқармасының басшысы	руководитель управления тарифообразования и методологии оплаты медицинских услуг Министерства здравоохранения Республики Казахстан	APPROVED	machine:google-translate	Approved by user
312	председатель Западно-Казахстанского областного филиала «ОСДП»	«ДСДП» Батыс Қазақстан облыстық филиалының төрағасы	председатель Западно-Казахстанского областного филиала «ОСДП»	APPROVED	machine:google-translate	Approved by user
313	Министерство юстиции Республики Казахстан, директор департамента по работе с персоналом	Қазақстан Республикасы Әділет министрлігі, Кадрлар департаментінің директоры	Министерство юстиции Республики Казахстан, директор департамента по работе с персоналом	APPROVED	machine:google-translate	Approved by user
314	исполняющий обязанности председателя Актюбинского областного филиала «ОСДП»	«ҚДП» Ақтөбе облыстық филиалы төрағасының м.а.	исполняющий обязанности председателя Актюбинского областного филиала «ОСДП»	APPROVED	machine:google-translate	Approved by user
315	руководитель женского крыла Акмолинского областного филиала «ОСДП»	ҚДП Ақмола облыстық филиалы әйелдер қанатының жетекшісіp	руководитель женского крыла Акмолинского областного филиала «ОСДП»	APPROVED	machine:google-translate	Approved by user
316	журналист центрального аппарата «ОСДП»	"""ЖҚДП"" орталық аппаратының журналисі"	журналист центрального аппарата «ОСДП»	APPROVED	machine:google-translate	Approved by user
317	председатель Карагандинского областного филиала «ОСДП»	"Қарағанды ​​облыстық филиалының ""ЖҚДП"" төрағасы"	председатель Карагандинского областного филиала «ОСДП»	APPROVED	machine:google-translate	Approved by user
318	руководитель женского крыла Столичного филиала «ОСДП»	«ҚДП» Елордалық филиалы әйелдер қанатының жетекшісі	руководитель женского крыла Столичного филиала «ОСДП»	APPROVED	machine:google-translate	Approved by user
319	руководитель молодежного крыла Жамбылского областного филиала «ОСДП»	«ЖСДП» Жамбыл облыстық филиалы жастар қанатының жетекшісі	руководитель молодежного крыла Жамбылского областного филиала «ОСДП»	APPROVED	machine:google-translate	Approved by user
320	специалист «ОСДП» по Алматинской области	«ҚДП» Алматы облысы бойынша маманы	специалист «ОСДП» по Алматинской области	APPROVED	machine:google-translate	Approved by user
321	председатель национальной ассоциации «AUTISM KAZAKHSTAN»	"""AUTISM KAZAKHSTAN"" ұлттық бірлестігінің төрағасы"	председатель национальной ассоциации «AUTISM KAZAKHSTAN»	APPROVED	machine:google-translate	Approved by user
322	председатель Туркестанского областного филиала «ОСДП»	"""ОСДП"" Түркістан облыстық филиалының төрағасы"	председатель Туркестанского областного филиала «ОСДП»	APPROVED	machine:google-translate	Approved by user
323	председатель Жамбылского областного филиала «ОСДП»	«ЖҚДП» Жамбыл облыстық филиалының төрағасы	председатель Жамбылского областного филиала «ОСДП»	APPROVED	machine:google-translate	Approved by user
324	председатель Костанайского областного филиала «ОСДП»	«ЖҚДП» Қостанай облыстық филиалының төрағасы	председатель Костанайского областного филиала «ОСДП»	APPROVED	machine:google-translate	Approved by user
325	председатель Павлодарского областного филиала «ОСДП»	«ЖҚДП» Павлодар облыстық филиалының төрағасы	председатель Павлодарского областного филиала «ОСДП»	APPROVED	machine:google-translate	Approved by user
326	исполнительный секретарь центрального аппарата «ОСДП»	"""ЖҚДП"" Орталық аппаратының жауапты хатшысы"	исполнительный секретарь центрального аппарата «ОСДП»	APPROVED	machine:google-translate	Approved by user
327	председатель Акмолинского областного филиала «ОСДП»	"""ЖҚДП"" Ақмола облыстық филиалының төрағасы"	председатель Акмолинского областного филиала «ОСДП»	APPROVED	machine:google-translate	Approved by user
328	председатель Восточно-Казахстанского областного филиала «ОСДП»	«ЖСДП» Шығыс Қазақстан облыстық филиалының төрағасы	председатель Восточно-Казахстанского областного филиала «ОСДП»	APPROVED	machine:google-translate	Approved by user
329	председатель Атырауского областного филиала «ОСДП»	«ЖҚДП» Атырау облыстық филиалының төрағасы	председатель Атырауского областного филиала «ОСДП»	APPROVED	machine:google-translate	Approved by user
330	аналитик Столичного филиала «ОСДП»	«ЖСДП» Астаналық филиалының талдаушысы	аналитик Столичного филиала «ОСДП»	APPROVED	machine:google-translate	Approved by user
331	адвокат коллегии адвокатов Восточно-Казахстанской области, член президиума Республиканской коллегии адвокатов	Шығыс Қазақстан облысы адвокаттар алқасының заңгері, Республикалық адвокаттар алқасы президиумының мүшесі	адвокат коллегии адвокатов Восточно-Казахстанской области, член президиума Республиканской коллегии адвокатов	APPROVED	machine:google-translate	Approved by user
332	руководитель партийного проекта PANA	ПАНА партия жобасының жетекшісі	руководитель партийного проекта PANA	APPROVED	machine:google-translate	Approved by user
333	председатель филиала области Жетысу «ОСДП»	«ЖҚДП» Жетісу облысы филиалының төрағасы	председатель филиала области Жетысу «ОСДП»	APPROVED	machine:google-translate	Approved by user
334	исполняющий обязанности председателя Мангистауского областного филиала «ОСДП»	МАИ-нің облыстық филиалының төрағасы «ЖСДП»	исполняющий обязанности председателя Мангистауского областного филиала «ОСДП»	APPROVED	machine:google-translate	Approved by user
335	руководитель центрального аппарата «ОСДП», председатель молодежного крыла	ЖСДП орталық аппаратының басшысы, жастар қанатының төрағасы	руководитель центрального аппарата «ОСДП», председатель молодежного крыла	APPROVED	machine:google-translate	Approved by user
336	председатель Алматинского областного филиала «ОСДП»	«ЖСДП» Алматы облыстық филиалының төрағасы	председатель Алматинского областного филиала «ОСДП»	APPROVED	machine:google-translate	Approved by user
337	исполняющий обязанности председателя Шымкентского городского филиала «ОСДП»	«ЖСДП» Шымкент қалалық филиалы төрағасының м.а.	исполняющий обязанности председателя Шымкентского городского филиала «ОСДП»	APPROVED	machine:google-translate	Approved by user
338	председатель партии «ОСДП», Депутат Мажилиса Парламента VIII созыва	«ЖСДП» партиясының төрағасы, Мәжілістің VIII сайланған депутаты	председатель партии «ОСДП», Депутат Мажилиса Парламента VIII созыва	APPROVED	machine:google-translate	Approved by user
339	руководитель Женского крыла «ОСДП», Депутат Мажилиса Парламента VIII созыва	«ЖСДП» Әйелдер қанатының жетекшісі, Мәжілістің VIII шақырылымының депутаты	руководитель Женского крыла «ОСДП», Депутат Мажилиса Парламента VIII созыва	APPROVED	machine:google-translate	Approved by user
340	руководитель молодежного крыла «ОСДП», Депутат Мажилиса Парламента VIII созыва	ҚР Парламенті Мәжілісінің депутаты, VIII сайланған Парламент Мәжілісі	руководитель молодежного крыла «ОСДП», Депутат Мажилиса Парламента VIII созыва	APPROVED	machine:google-translate	Approved by user
341	заместитель председателя партии «ОСДП»	ЖСДП партиясы төрағасының орынбасары	заместитель председателя партии «ОСДП»	APPROVED	machine:google-translate	Approved by user
342	председатель филиала «ОСДП» области Абай	ЖҚДП Абай аудандық филиалының төрағасы	председатель филиала «ОСДП» области Абай	APPROVED	machine:google-translate	Approved by user
343	эксперт Столичного филиала «ОСДП» по жилищно-коммунальному хозяйству и объединению собственников имущества	Тұрғын үй-коммуналдық шаруашылық және меншік иелері қауымдастығы «ЖҚД» Елордалық филиалының сарапшысы	эксперт Столичного филиала «ОСДП» по жилищно-коммунальному хозяйству и объединению собственников имущества	APPROVED	machine:google-translate	Approved by user
344	исполнительный директор ТОО «Казахмыс Барлау»	Қазақмыс Барлау ЖШС атқарушы директоры	исполнительный директор ТОО «Казахмыс Барлау»	APPROVED	machine:google-translate	Approved by user
345	президент Казахстанской ассоциации IT-компаний	Қазақстандық IT-компаниялар қауымдастығының президенті	президент Казахстанской ассоциации IT-компаний	APPROVED	machine:google-translate	Approved by user
346	заведующий Общим отделом Администрации Президента Республики Казахстан	Қазақстан Республикасы Президенті Әкімшілігінің Жалпы бөлімінің меңгерушісі	заведующий Общим отделом Администрации Президента Республики Казахстан	APPROVED	machine:google-translate	Approved by user
347	президент Фонда Президентских инициатив «Dara»	Президенттік бастамаларды қолдау «Дара» қорының президенті	президент Фонда Президентских инициатив «Dara»	APPROVED	machine:google-translate	Approved by user
348	депутат маслихата города Астаны	Астана қаласы мәслихатының депутаты	депутат маслихата города Астаны	APPROVED	machine:google-translate	Approved by user
349	депутат Мажилиса Парламента РК VIII созыва, преподаватель МNU	VIII сайланған Қазақстан Республикасы Парламенті Мәжілісінің депутаты, МҰУ оқытушысы	депутат Мажилиса Парламента РК VIII созыва, преподаватель МNU	APPROVED	machine:google-translate	Approved by user
350	экс-начальник управления прокуратуры по городу Астана	Астана қаласы прокуратурасының бұрынғы басшысы	экс-начальник управления прокуратуры по городу Астана	APPROVED	machine:google-translate	Approved by user
351	заместитель исполнительного директора Некоммерческая организация «Atomic Industry Development Association Non-profit Organisation»	"Deputy Executive Director of the Non-Profit Organization ""Atomic Industry Development Association Non-profit Organization"""	заместитель исполнительного директора Некоммерческая организация «Atomic Industry Development Association Non-profit Organisation»	APPROVED	machine:google-translate	Approved by user
352	заместитель управляющего Управления делами Президента Республики Казахстан	Deputy Manager of the Administration of the President of the Republic of Kazakhstan	заместитель управляющего Управления делами Президента Республики Казахстан	APPROVED	machine:google-translate	Approved by user
353	председатель маслихата Жамбылского района Алматинской области	Chairman of the Maslikhat of Zhambyl District, Almaty Region	председатель маслихата Жамбылского района Алматинской области	APPROVED	machine:google-translate	Approved by user
354	председатель «Social Innovation Hub»	«Әлеуметтік инновациялық хаб» төрағасы	председатель «Social Innovation Hub»	APPROVED	machine:google-translate	Approved by user
355	председатель РОО ПОФ «Казахстанский отраслевой профессиональный союз малого и среднего бизнеса»	«Қазақстандық шағын және орта бизнес кәсіподақ кәсіподағының» РОО ПОФ төрағасы	председатель РОО ПОФ «Казахстанский отраслевой профессиональный союз малого и среднего бизнеса»	APPROVED	machine:google-translate	Approved by user
356	независимый директор, член комитета АО «Самрук-Казына»	тәуелсіз директор, «Самұрық-Қазына» АҚ комитетінің мүшесі	независимый директор, член комитета АО «Самрук-Казына»	APPROVED	machine:google-translate	Approved by user
357	заместитель министра обороны Республики Казахстан	Қазақстан Республикасы Қорғаныс министрінің орынбасары	заместитель министра обороны Республики Казахстан	APPROVED	machine:google-translate	Approved by user
358	директор РГП «Национальный институт интеллектуальной собственности» Министерства юстиции Республики Казахстан	Қазақстан Республикасы Әділет министрлігі «Ұлттық зияткерлік меншік институты» РМК директоры	директор РГП «Национальный институт интеллектуальной собственности» Министерства юстиции Республики Казахстан	APPROVED	machine:google-translate	Approved by user
359	учредитель медицинского центра «Жан-Ер», доцент НАО «Медицинский университет Семей»	«Жан-Ер» медициналық орталығының негізін қалаушы, «Семей медицина университеті» КЕАҚ доценті	учредитель медицинского центра «Жан-Ер», доцент НАО «Медицинский университет Семей»	APPROVED	machine:google-translate	Approved by user
360	депутат Мажилиса Парламента Республики Казахстан VIII созыва	VIII сайланған Қазақстан Республикасы Парламенті Мәжілісінің депутаты	депутат Мажилиса Парламента Республики Казахстан VIII созыва	APPROVED	machine:google-translate	Approved by user
361	директор Института анализа и прогнозирования	Талдау және болжау институтының директоры	директор Института анализа и прогнозирования	APPROVED	machine:google-translate	Approved by user
362	журналист телеканала «Jibek Joly/Silk Way» РГП «Телерадиокомплекс Президента Республики Казахстан»	«Қазақстан Республикасы Президентінің Телерадиокешені» РМК «Жібек жолы/Жібек жолы» телеарнасының журналисі	журналист телеканала «Jibek Joly/Silk Way» РГП «Телерадиокомплекс Президента Республики Казахстан»	APPROVED	machine:google-translate	Approved by user
363	пресс-секретарь МОО «Жаңа адамдар»	«Жаңа адамдар» қалалық қоғамдық ұйымының баспасөз хатшысы	пресс-секретарь МОО «Жаңа адамдар»	APPROVED	machine:google-translate	Approved by user
364	директор МОО «Жаңа адамдар»	«Жаңа адамдар» қалалық қоғамдық ұйымының директоры	директор МОО «Жаңа адамдар»	APPROVED	machine:google-translate	Approved by user
365	проректор института Алихана Бокейхана	Әлихан Бөкейхан атындағы институттың проректоры	проректор института Алихана Бокейхана	APPROVED	machine:google-translate	Approved by user
366	председатель маслихата области Абай	Абай аудандық мәслихатының төрағасы	председатель маслихата области Абай	APPROVED	machine:google-translate	Approved by user
367	директор ОЮЛ «Союз кризисных центров»	«Дағдарыс орталықтары одағы» ММ директоры	директор ОЮЛ «Союз кризисных центров»	APPROVED	machine:google-translate	Approved by user
368	вице-министр искусственного интеллекта и цифрового развития Республики Казахстан	Қазақстан Республикасы Жасанды интеллект және цифрлық даму вице-министрі	вице-министр искусственного интеллекта и цифрового развития Республики Казахстан	APPROVED	machine:google-translate	Approved by user
369	директор ТОО «Ер-Ару»	Ер-Ару ЖШС директоры	директор ТОО «Ер-Ару»	APPROVED	machine:google-translate	Approved by user
370	шеф-редактор Агентства «Хабар», телеканала «24KZ»	24KZ телеарнасы «Хабар» агенттігінің бас редакторы	шеф-редактор Агентства «Хабар», телеканала «24KZ»	APPROVED	machine:google-translate	Approved by user
371	руководитель Управления образования Акмолинской области	Ақмола облысының білім басқармасының басшысы	руководитель Управления образования Акмолинской области	APPROVED	machine:google-translate	Approved by user
372	генеральный директор АО «QARMET»	QARMET АҚ бас директоры	генеральный директор АО «QARMET»	APPROVED	machine:google-translate	Approved by user
373	генеральный директор РГП «Национальный ядерный центр Республики Казахстан»	«Қазақстан Республикасының Ұлттық ядролық орталығы» РМК бас директоры	генеральный директор РГП «Национальный ядерный центр Республики Казахстан»	APPROVED	machine:google-translate	Approved by user
374	заместитель акима Актюбинской области	Ақтөбе облысы әкімінің орынбасары	заместитель акима Актюбинской области	APPROVED	machine:google-translate	Approved by user
375	посол по особым поручениям Министерства иностранных дел Республики Казахстан	Қазақстан Республикасы Сыртқы істер министрлігінің Ерекше тапсырмалар жөніндегі Елшісі	посол по особым поручениям Министерства иностранных дел Республики Казахстан	APPROVED	machine:google-translate	Approved by user
376	директор реабилитационного центра	Оңалту орталығының директоры	директор реабилитационного центра	APPROVED	machine:google-translate	Approved by user
377	председатель правления АО «Ульбинский металлургический завод»	Үлбі металлургиялық зауыты АҚ басқарма төрағасы	председатель правления АО «Ульбинский металлургический завод»	APPROVED	machine:google-translate	Approved by user
378	депутат Сената Парламента Республики Казахстан	Қазақстан Республикасы Парламенті Сенатының депутаты	депутат Сената Парламента Республики Казахстан	APPROVED	machine:google-translate	Approved by user
379	управляющий Международным финансовым центром «Астана»	Астана халықаралық қаржы орталығының басқарушысы	управляющий Международным финансовым центром «Астана»	APPROVED	machine:google-translate	Approved by user
380	заместитель акима города Шымкент	Шымкент қаласы әкімінің орынбасары	заместитель акима города Шымкент	APPROVED	machine:google-translate	Approved by user
381	председатель филиала «Партия «Әділет» Акмолинской области	«Әділет партиясы» Ақмола облысы филиалының төрағасы	председатель филиала «Партия «Әділет» Акмолинской области	APPROVED	machine:google-translate	Approved by user
382	председатель ОФ «Экологический клуб «NECO»	«NECO» экологиялық клубы» ҚҚ төрағасы	председатель ОФ «Экологический клуб «NECO»	APPROVED	machine:google-translate	Approved by user
383	директор ТОО «Зерде-Фарм»	Зерде-Фарм ЖШС директоры	директор ТОО «Зерде-Фарм»	APPROVED	machine:google-translate	Approved by user
384	чрезвычайный и полномочный посол Казахстана в Республике Северная Македония	Қазақстанның Солтүстік Македония Республикасындағы Төтенше және Өкілетті Елшісі	чрезвычайный и полномочный посол Казахстана в Республике Северная Македония	APPROVED	machine:google-translate	Approved by user
385	ассоциированный профессор кафедры общего языкознания и литературы Кокшетауского университета им. Ш. Уалиханова, разработка курсов по лингвистике, билингвизму, мультилингвизму и языковой политике; руководство студенческими и магистерскими исследованиями	Жалпы лингвистика және Көкше университеті кафедрасының доценті, Ш. Уалиханов, лингвистика, қостілділік, көптілділік және тіл саясаты бойынша курстарды дамыту; бакалавриат пен магистратураға жетекшілік ету	ассоциированный профессор кафедры общего языкознания и литературы Кокшетауского университета им. Ш. Уалиханова, разработка курсов по лингвистике, билингвизму, мультилингвизму и языковой политике; руководство студенческими и магистерскими исследованиями	APPROVED	machine:google-translate	Approved by user
386	независимый директор совета директоров АО НК «КТЖ»	«ҚТЖ» ҰК» АҚ директорлар кеңесінің тәуелсіз директоры	независимый директор совета директоров АО НК «КТЖ»	APPROVED	machine:google-translate	Approved by user
387	секретарь Актюбинского областного филиала «Партия «Әділет»	«Әділет партиясы» Ақтөбе облыстық филиалының хатшысы	секретарь Актюбинского областного филиала «Партия «Әділет»	APPROVED	machine:google-translate	Approved by user
388	директор ГКП на ПХВ «Многопрофильная городская больница №3»	«№3 көпсалалы қалалық аурухана» РҚБ мемлекеттік қазыналық кәсіпорнының директоры	директор ГКП на ПХВ «Многопрофильная городская больница №3»	APPROVED	machine:google-translate	Approved by user
389	сооснователь аналитической платформы «Astana open dialogue»	«Астана ашық диалогы» талдамалық платформасының тең құрылтайшысы	сооснователь аналитической платформы «Astana open dialogue»	APPROVED	machine:google-translate	Approved by user
390	директор филиала Академии государственного управления при Президенте Республики Казахстан по Алматинской области	ҚР Президенті жанындағы Қазақстан Республикасы Президенті жанындағы филиалының директоры Алматы облысы	директор филиала Академии государственного управления при Президенте Республики Казахстан по Алматинской области	APPROVED	machine:google-translate	Approved by user
391	председатель «Партии «Әділет»	Әділет партиясының төрағасы	председатель «Партии «Әділет»	APPROVED	machine:google-translate	Approved by user
392	председатель Совета директоров ТОО «AZALA Group» и АО «Жалтырбулак»	AZALA Group ЖШС және «Жалтырбұлақ» АҚ директорлар кеңесінің төрағасы	председатель Совета директоров ТОО «AZALA Group» и АО «Жалтырбулак»	APPROVED	machine:google-translate	Approved by user
393	президент Международного фонда защиты свободы слова «Әділ сөз»	Халықаралық «Әділ сөз» сөз бостандығын қорғау қорының президенті	президент Международного фонда защиты свободы слова «Әділ сөз»	APPROVED	machine:google-translate	Approved by user
394	директор Талдыкорганской городской многопрофильной больницы	Талдықорған қалалық көпсалалы ауруханасының директоры	директор Талдыкорганской городской многопрофильной больницы	APPROVED	machine:google-translate	Approved by user
395	председатель Алматинского городского филиала Жастар Рухы	Алматы қалалық филиалының төрағасы Рухы Жастар	председатель Алматинского городского филиала Жастар Рухы	APPROVED	machine:google-translate	Approved by user
396	ректор Карагандинского национального исследовательского университета им. Е.А. Букетова	Қарағанды ​​ұлттық зерттеу университетінің ректоры. Е.А. Бөкетова	ректор Карагандинского национального исследовательского университета им. Е.А. Букетова	APPROVED	machine:google-translate	Approved by user
397	директор «Асыл – LTD»	«Асыл - LTD» директоры	директор «Асыл – LTD»	APPROVED	machine:google-translate	Approved by user
398	аким Уйгурского района Алматинской области	Алматы облысы Ұйғыр ауданының әкімі	аким Уйгурского района Алматинской области	APPROVED	machine:google-translate	Approved by user
399	директор ТОО «Азия Газкубыры»	«Азия Газкубыры» ЖШС директоры	директор ТОО «Азия Газкубыры»	APPROVED	machine:google-translate	Approved by user
400	директор полного товарищества «Абзал и К»	Азал компаниясының бас серіктестігі	директор полного товарищества «Абзал и К»	APPROVED	machine:google-translate	Approved by user
401	заведующий отделом правоохранительной системы Администрации Президента Республики Казахстан	Head of the Department of Law Enforcement System of the Administration of the President of the Republic of Kazakhstan	заведующий отделом правоохранительной системы Администрации Президента Республики Казахстан	APPROVED	machine:google-translate	Approved by user
402	советник акима Туркестанской области	Adviser to the Akim of the Turkestan Region	советник акима Туркестанской области	APPROVED	machine:google-translate	Approved by user
403	заместитель председателя правления, член правления АО «Жасыл даму»	"Deputy Chairman of the Board, Member of the Board of JSC ""Zhasyl Damu"""	заместитель председателя правления, член правления АО «Жасыл даму»	APPROVED	machine:google-translate	Approved by user
404	руководитель Управления по вопросам молодежной политики Карагандинской области	Head of Қарағанды облысының жастар саясаты мәселелері басқармасы	руководитель Управления по вопросам молодежной политики Карагандинской области	APPROVED	machine:google-translate	Approved by user
405	вице-министр энергетики Республики Казахстан	Қазақстан Республикасы Энергетика вице-министрі	вице-министр энергетики Республики Казахстан	APPROVED	machine:google-translate	Approved by user
406	паралимпиец	Паралимпиадашы	паралимпиец	APPROVED	machine:google-translate	Approved by user
407	вице-министр юстиции Республики Казахстан	Қазақстан Республикасының Әділет вице-министрі	вице-министр юстиции Республики Казахстан	APPROVED	machine:google-translate	Approved by user
408	директор ТОО «GR Kenes»	ГР Кеңес» ЖШС директоры	директор ТОО «GR Kenes»	APPROVED	machine:google-translate	Approved by user
409	внештатный советник Председателя «Партии «Әділет» по предпринимательскому крылу	Әділет партиясы Төрағасының кәсіпкерлік қанат бойынша штаттан тыс кеңесшісі	внештатный советник Председателя «Партии «Әділет» по предпринимательскому крылу	APPROVED	machine:google-translate	Approved by user
410	аким района Жетысу города Алматы	Алматы қаласы Жетісу ауданы әкімінің	аким района Жетысу города Алматы	APPROVED	machine:google-translate	Approved by user
411	соучредитель Благотворительного фонда «Қасиетті жол»	«Қасиетті жол» қайырымдылық қорының тең құрылтайшысы	соучредитель Благотворительного фонда «Қасиетті жол»	APPROVED	machine:google-translate	Approved by user
412	директор КТ «Зенченко и компания»	«Зенченко және компания» КТ директоры	директор КТ «Зенченко и компания»	APPROVED	machine:google-translate	Approved by user
413	генеральный директор ТОО «Alageum Electric»	Alageum Electric ЖШС бас директоры	генеральный директор ТОО «Alageum Electric»	APPROVED	machine:google-translate	Approved by user
414	председатель Молодежного крыла «Жастар Рухы»	«Жастар рухы» Жастар қанатының төрағасы	председатель Молодежного крыла «Жастар Рухы»	APPROVED	machine:google-translate	Approved by user
415	директор РГП на ПХВ «Телерадиокомплекс Президента РК» Управления делами Президента Республики Казахстан	Қазақстан Республикасы Президенті Әкімшілігінің «Қазақстан Республикасы Президентінің Телерадиокешені» РМК жанындағы РМК директоры	директор РГП на ПХВ «Телерадиокомплекс Президента РК» Управления делами Президента Республики Казахстан	APPROVED	machine:google-translate	Approved by user
416	секретарь Жамбылского областного филиала «Партии «Әділет»	"""Әділет партиясы"" Жамбыл облыстық филиалының хатшысы"	секретарь Жамбылского областного филиала «Партии «Әділет»	APPROVED	machine:google-translate	Approved by user
417	первый проректор Казахского Национального медицинского университета имени С.Д.Асфендиярова	С.Д. атындағы Қазақ ұлттық медицина университетінің бірінші проректоры. Асфендияров	первый проректор Казахского Национального медицинского университета имени С.Д.Асфендиярова	APPROVED	machine:google-translate	Approved by user
418	председатель комиссии экономики и бюджета маслихата Павлодарской области	Павлодар облысы мәслихатының Экономика және бюджет комиссиясының төрағасы	председатель комиссии экономики и бюджета маслихата Павлодарской области	APPROVED	machine:google-translate	Approved by user
419	председатель правления-ректор НАО «Актюбинский региональный университет имени К.Жубанова»	Қ.Жұбанов атындағы Ақтөбе өңірлік университеті» КЕАҚ Басқарма Төрағасы-Ректоры	председатель правления-ректор НАО «Актюбинский региональный университет имени К.Жубанова»	APPROVED	machine:google-translate	Approved by user
420	председатель межотраслевого совета женского предпринимательства	Халықаралық әйелдер кеңесінің төрағасы. Кәсіпкерлік	председатель межотраслевого совета женского предпринимательства	APPROVED	machine:google-translate	Approved by user
421	первый заместитель руководителя Администрации Президента Республики Казахстан	Қазақстан Республикасы Президенті Әкімшілігі Басшысының бірінші орынбасары	первый заместитель руководителя Администрации Президента Республики Казахстан	APPROVED	machine:google-translate	Approved by user
422	внештатный советник Председателя «Партии «Әділет» по вопросам образования	Әділет партиясы Төрағасының білім беру мәселелері жөніндегі штаттан тыс кеңесшісі	внештатный советник Председателя «Партии «Әділет» по вопросам образования	APPROVED	machine:google-translate	Approved by user
423	внештатный советник Председателя «Партии «Әділет» по проектам	Әділет партиясы Төрағасының жобалар бойынша штаттан тыс кеңесшісі	внештатный советник Председателя «Партии «Әділет» по проектам	APPROVED	machine:google-translate	Approved by user
424	пенсионер	Зейнеткер	пенсионер	APPROVED	machine:google-translate	Approved by user
425	президент ОО «Международный фонд казахского языка»	«Халықаралық қазақ тілі қоры» үкіметтік емес ұйымының президенті	президент ОО «Международный фонд казахского языка»	APPROVED	machine:google-translate	Approved by user
426	генеральный директор ТОО «Retail Stores Kazakhstan», президент БОФ «Mobil Plus Komek»	«Retail Stores Kazakhstan» ЖШС бас директоры, «Mobil Plus Көмек» қайырымдылық қорының президенті	генеральный директор ТОО «Retail Stores Kazakhstan», президент БОФ «Mobil Plus Komek»	APPROVED	machine:google-translate	Approved by user
427	директор средней школы № 7 города Аркалык	қаладағы №427 мектеп. Арқалық қ	директор средней школы № 7 города Аркалык	APPROVED	machine:google-translate	Approved by user
428	директор ОФ «Информационно-ресурсный центр»	«Ақпараттық-ресурстық орталығы» ҚҚ директоры	директор ОФ «Информационно-ресурсный центр»	APPROVED	machine:google-translate	Approved by user
429	вице-президент АО «Петро Казахстан Құмкөл»	Петро Қазақстан Құмкөл» АҚ вице-президенті	вице-президент АО «Петро Казахстан Құмкөл»	APPROVED	machine:google-translate	Approved by user
430	заместитель директора «Қоғамдық келісім»	Қоғамдық Келісім директорының орынбасары	заместитель директора «Қоғамдық келісім»	APPROVED	machine:google-translate	Approved by user
431	председатель правления группы компаний «Универсал»	Әмбебап компаниялар тобының басқарма төрағасы	председатель правления группы компаний «Универсал»	APPROVED	machine:google-translate	Approved by user
432	директор «КБТО», руководитель филиала ТОО «Корпорация Казахмыс»	ҚБТО директоры, «Қазақмыс корпорациясы» ЖШС филиалының басшысы	директор «КБТО», руководитель филиала ТОО «Корпорация Казахмыс»	APPROVED	machine:google-translate	Approved by user
433	генеральный директор ТОО «Қазақ газеттері»	«Қазақ газеттері» ЖШС бас директоры	генеральный директор ТОО «Қазақ газеттері»	APPROVED	machine:google-translate	Approved by user
434	секретарь областного филиала «Партия «Әділет» области Ұлытау	"""Secretarty""-ның аймақтық филиалы. Ұлытау облысы"	секретарь областного филиала «Партия «Әділет» области Ұлытау	APPROVED	machine:google-translate	Approved by user
435	руководитель Атырауского областного филиала МК «Жастар Рухы»	«Жастар рухы» МК Атырау облыстық филиалының басшысы	руководитель Атырауского областного филиала МК «Жастар Рухы»	APPROVED	machine:google-translate	Approved by user
436	председатель Совета директоров АО «Группа компаний «Аллюр»	«Аллур» компаниялар тобы» АҚ Директорлар кеңесінің төрағасы	председатель Совета директоров АО «Группа компаний «Аллюр»	APPROVED	machine:google-translate	Approved by user
437	председатель Совета директоров АО «Алтын»	Алтын» АҚ Директорлар кеңесінің төрағасы	председатель Совета директоров АО «Алтын»	APPROVED	machine:google-translate	Approved by user
438	ведущий РГП на ПХВ «Телерадиокомплекс Президента Республики Казахстан Управления делами Президента Республики Казахстан»	Қазақстан Республикасы Президенті Әкімшілігінің Телерадиокешені» РМК-ның жетекші РМК Қазақстан»	ведущий РГП на ПХВ «Телерадиокомплекс Президента Республики Казахстан Управления делами Президента Республики Казахстан»	APPROVED	machine:google-translate	Approved by user
439	менеджер ТОО «ДЦР Funny School»	«ДКР» Көңілділер мектебі» ЖШС менеджері	менеджер ТОО «ДЦР Funny School»	APPROVED	machine:google-translate	Approved by user
440	секретарь Восточно-Казахстанского областного филиала партии «Әділет»	«Әділет» партиясы Шығыс Қазақстан облыстық филиалының хатшысы	секретарь Восточно-Казахстанского областного филиала партии «Әділет»	APPROVED	machine:google-translate	Approved by user
441	председатель правления АО «Казахтелеком»	Қазақтелеком АҚ Басқарма Төрағасы	председатель правления АО «Казахтелеком»	APPROVED	machine:google-translate	Approved by user
442	председатель наблюдательного совета ТОО «Интегра Констракшн КЗ», президент Федерации бокса Казахстана, член Совета менеджеров ERG	Integra Construction KZ ЖШС бақылау кеңесінің төрағасы, Қазақстан бокс федерациясының президенті, ERG менеджерлер кеңесінің мүшесі	председатель наблюдательного совета ТОО «Интегра Констракшн КЗ», президент Федерации бокса Казахстана, член Совета менеджеров ERG	APPROVED	machine:google-translate	Approved by user
443	учредитель ТОО «КазКонстракшн Групп»	KazConstruction Group ЖШС құрылтайшысы	учредитель ТОО «КазКонстракшн Групп»	APPROVED	machine:google-translate	Approved by user
444	аким Теректинского района Западно-Казахстанской области	Батыс Қазақстан облысы Теректі ауданының әкімі	аким Теректинского района Западно-Казахстанской области	APPROVED	machine:google-translate	Approved by user
445	заведующий сектором Канцелярии Президента Республики Казахстан	Қазақстан Республикасы Президенті Іс басқармасының сектор меңгерушісі	заведующий сектором Канцелярии Президента Республики Казахстан	APPROVED	machine:google-translate	Approved by user
446	директор Палаты предпринимателей Акмолинской области	Ақмола облысы Кәсіпкерлер палатасының директоры	директор Палаты предпринимателей Акмолинской области	APPROVED	machine:google-translate	Approved by user
447	председатель республиканской палаты адвокатов	Республикалық заңгерлер палатасының төрағасы	председатель республиканской палаты адвокатов	APPROVED	machine:google-translate	Approved by user
448	директор ТОО «Барыс 2007»	«Барыс 2007» ЖШС директоры	директор ТОО «Барыс 2007»	APPROVED	machine:google-translate	Approved by user
449	председатель маслихата города Шымкент	Шымкент қаласы мәслихатының төрағасы	председатель маслихата города Шымкент	APPROVED	machine:google-translate	Approved by user
450	директор научно-исследовательского центра «Молодежь»	«Жастар» ғылыми-зерттеу орталығының директоры	директор научно-исследовательского центра «Молодежь»	APPROVED	machine:google-translate	Approved by user
451	председатель наблюдательного совета ТОО «РСИТА АЗИЯ»	RSITA ASIA ЖШС Қадағалау кеңесінің төрағасы	председатель наблюдательного совета ТОО «РСИТА АЗИЯ»	APPROVED	machine:google-translate	Approved by user
452	заместитель акима Восточно-Казахстанской области	Шығыс Қазақстан облысы әкімінің орынбасары	заместитель акима Восточно-Казахстанской области	APPROVED	machine:google-translate	Approved by user
453	директор ТОО «Salem Turkestan»	Сәлем Түркістан» ЖШС директоры	директор ТОО «Salem Turkestan»	APPROVED	machine:google-translate	Approved by user
454	директор «ЭкоМангистау»	ЭкоМаңғыстау директоры	директор «ЭкоМангистау»	APPROVED	machine:google-translate	Approved by user
455	экс-руководитель Представительства Президента Республики Казахстан в Парламенте	Қазақстан Республикасы Президентінің Парламенттегі Өкілдігінің бұрынғы Басшысы	экс-руководитель Представительства Президента Республики Казахстан в Парламенте	APPROVED	machine:google-translate	Approved by user
456	советник акима Костанайской области	Қостанай облысы әкімінің кеңесшісі	советник акима Костанайской области	APPROVED	machine:google-translate	Approved by user
457	директор КГКП «Костанайский высший колледж автомобильного транспорта»	Қостанай жоғары автомобиль көлігі колледжінің директоры	директор КГКП «Костанайский высший колледж автомобильного транспорта»	APPROVED	machine:google-translate	Approved by user
458	индивидуальный предприниматель «Парсегова А.Б.»	Жеке кәсіпкер «Парсегова А.Б.»	индивидуальный предприниматель «Парсегова А.Б.»	APPROVED	machine:google-translate	Approved by user
459	заместитель руководителя службы правового обеспечения «Партии «Әділет»	«Әділет» партиясы Құқықтық қамтамасыз ету қызметі басшысының орынбасары	заместитель руководителя службы правового обеспечения «Партии «Әділет»	APPROVED	machine:google-translate	Approved by user
460	председатель ОО «Узбекский этнокультурный центр города Астаны»	«Астана қаласының өзбек этномәдени орталығы» ҚБ төрағасы	председатель ОО «Узбекский этнокультурный центр города Астаны»	APPROVED	machine:google-translate	Approved by user
461	директор колледжа Технологий	Технология колледжінің директоры	директор колледжа Технологий	APPROVED	machine:google-translate	Approved by user
462	руководитель КГУ «Қоғамдық келісім» Управления общественного развития акимата Костанайской области	Қостанай облысы әкімдігінің әлеуметтік даму басқармасының «Қоғамдық келісім» КММ басшысы	руководитель КГУ «Қоғамдық келісім» Управления общественного развития акимата Костанайской области	APPROVED	machine:google-translate	Approved by user
463	председатель маслихата района Магжана Жумабаева Северо-Казахстанской области	Солтүстік Қазақстан облысы Мағжан Жұмабаев ауданы мәслихатының төрағасы	председатель маслихата района Магжана Жумабаева Северо-Казахстанской области	APPROVED	machine:google-translate	Approved by user
464	директор Общественного Фонда «Национальный фонд поддержки спорта «Дала Қырандары»	«Дала қырандары» спортты қолдау ұлттық қоры» қоғамдық қорының директоры	директор Общественного Фонда «Национальный фонд поддержки спорта «Дала Қырандары»	APPROVED	machine:google-translate	Approved by user
465	директор Института Сорбонна-Казахстан	Сорбонна институтының директоры	директор Института Сорбонна-Казахстан	APPROVED	machine:google-translate	Approved by user
466	заместитель секретаря Карагандинского областного филиала «Партия «Әділет»	"""Әділет партиясы"" Қарағанды ​​облыстық филиалы хатшысының орынбасары"	заместитель секретаря Карагандинского областного филиала «Партия «Әділет»	APPROVED	machine:google-translate	Approved by user
467	председатель правления АО «Автобусный парк 1»	«1-автобус паркі» АҚ басқарма төрағасы	председатель правления АО «Автобусный парк 1»	APPROVED	machine:google-translate	Approved by user
468	главный консультант Қазақстан Халық Кеңесі	Қазақстан Халық Кеңесі Бас консультанты	главный консультант Қазақстан Халық Кеңесі	APPROVED	machine:google-translate	Approved by user
469	управляющий директор АО «Национальные информационные технологии»	Ұлттық ақпараттық технологиялар АҚ басқарушы директоры	управляющий директор АО «Национальные информационные технологии»	APPROVED	machine:google-translate	Approved by user
470	директор КГП на ПХВ «Атырауский областной онкологический диспансер»	Атырау облыстық онкологиялық диспансері мемлекеттік кәсіпорнының директоры	директор КГП на ПХВ «Атырауский областной онкологический диспансер»	APPROVED	machine:google-translate	Approved by user
471	директор PR департамента «Қазатомпром өнеркәсіп»	«Қазатомөнеркәсіп Өнеркәсіп» PR департаментінің директоры	директор PR департамента «Қазатомпром өнеркәсіп»	APPROVED	machine:google-translate	Approved by user
472	заместитель директора департамента «Қаражанбасмұнай»	«Қаражанбасмұнай» департаменті директорының орынбасары	заместитель директора департамента «Қаражанбасмұнай»	APPROVED	machine:google-translate	Approved by user
473	индивидуальный предприниматель «Семидоцкая»	жеке кәсіпкер «Семидоцкая»	индивидуальный предприниматель «Семидоцкая»	APPROVED	machine:google-translate	Approved by user
474	председатель ОО «Қазақ табиғат қорғау»	«Қазақ Табиғат Қорғау» ҚБ төрағасы	председатель ОО «Қазақ табиғат қорғау»	APPROVED	machine:google-translate	Approved by user
475	директор Литературно-мемориального музея им. Ф.М. Достоевского	әдеби-мемориалдық музейінің директоры. Ф.М. Достоевский	директор Литературно-мемориального музея им. Ф.М. Достоевского	APPROVED	machine:google-translate	Approved by user
476	региональный уполномоченный по правам ребенка в области Абай, руководитель ОЮЛ «Гражданский Альянс» области Абай	Абай облысы бойынша Балалардың құқықтарын қорғау жөніндегі облыстық уәкілі, Абай ауданы бойынша «Азаматтық альянс» ММ басшысы	региональный уполномоченный по правам ребенка в области Абай, руководитель ОЮЛ «Гражданский Альянс» области Абай	APPROVED	machine:google-translate	Approved by user
477	директор Общественного Фонда «Павлодарский штаб студенческих строительных и молодежных отрядов «Жасыл Ел»	«Жасыл ел» студенттік құрылыс және жастар жасақтарының Павлодар штабы» қоғамдық қорының директоры	директор Общественного Фонда «Павлодарский штаб студенческих строительных и молодежных отрядов «Жасыл Ел»	APPROVED	machine:google-translate	Approved by user
478	ведущий инженер ТОО «Корпорация Казахмыс»	Қазақмыс Корпорациясы ЖШС жетекші инженері	ведущий инженер ТОО «Корпорация Казахмыс»	APPROVED	machine:google-translate	Approved by user
479	Министр образования и просвещения	Білім және ағарту министрі	Министр образования и просвещения	APPROVED	machine:google-translate	Approved by user
480	председатель Общественного объединения «Ұлттық рух»	"""Ұлттық рух"" қоғамдық бірлестігінің төрағасы"	председатель Общественного объединения «Ұлттық рух»	APPROVED	machine:google-translate	Approved by user
481	генеральный директор «ТОО ТРК «Тандым»	ТРК «Тандым» ЖШС бас директоры	генеральный директор «ТОО ТРК «Тандым»	APPROVED	machine:google-translate	Approved by user
482	председатель Улытауского областного филиала МОО «Жастар Рухы»	«Жастар рухы» коммуналдық қоғамдық ұйымының Ұлытау аудандық филиалының төрағасы	председатель Улытауского областного филиала МОО «Жастар Рухы»	APPROVED	machine:google-translate	Approved by user
483	заместитель акима Жамбылской области	Жамбыл облысы әкімінің орынбасары	заместитель акима Жамбылской области	APPROVED	machine:google-translate	Approved by user
484	генеральный директор Медиахолдинга Uni-Q Group	Uni-Q Group медиахолдингінің бас директоры	генеральный директор Медиахолдинга Uni-Q Group	APPROVED	machine:google-translate	Approved by user
485	ректор META University	META университетінің ректоры	ректор META University	APPROVED	machine:google-translate	Approved by user
486	телеведущая РТРК «Qazaqstan»	"""Qazaqstan"" РТРК тележүргізушісі"	телеведущая РТРК «Qazaqstan»	APPROVED	machine:google-translate	Approved by user
487	аким Кегенского района области Жетісу	Жетісу облысы Кеген ауданының әкімі	аким Кегенского района области Жетісу	APPROVED	machine:google-translate	Approved by user
488	председатель маслихата Павлодарской области	Павлодар облысы мәслихатының төрағасы	председатель маслихата Павлодарской области	APPROVED	machine:google-translate	Approved by user
489	учредитель ТОО «Жайык-Таза қала»	Жайық-Таза қала» ЖШС құрылтайшысы	учредитель ТОО «Жайык-Таза қала»	APPROVED	machine:google-translate	Approved by user
490	председатель маслихата области Жетісу	Жетісу аудандық мәслихатының төрағасы	председатель маслихата области Жетісу	APPROVED	machine:google-translate	Approved by user
491	ведущий и продюсер интерактивного проекта АО РТРК «Qazaqstan», «Жедел желі»	«Qazaqstan» РТРК» АҚ интерактивті жобасының жүргізушісі және продюсері, «Жедел желі»	ведущий и продюсер интерактивного проекта АО РТРК «Qazaqstan», «Жедел желі»	APPROVED	machine:google-translate	Approved by user
492	директор ТОО «Муниципальное телевидение»	Қалалық телевидение» ЖШС директоры	директор ТОО «Муниципальное телевидение»	APPROVED	machine:google-translate	Approved by user
493	председатель Туркестанского областного филиала «Партия «Әділет»	«Әділет партиясы» Түркістан облыстық филиалының төрағасы	председатель Туркестанского областного филиала «Партия «Әділет»	APPROVED	machine:google-translate	Approved by user
494	главный специалист по внутреннему контролю Департамента риск-менеджмента ТОО «Корпорация Казахмыс»	Қазақмыс корпорациясы» ЖШС Тәуекелдерді басқару бөлімінің ішкі бақылау бөлімінің бас маманы	главный специалист по внутреннему контролю Департамента риск-менеджмента ТОО «Корпорация Казахмыс»	APPROVED	machine:google-translate	Approved by user
495	заместитель председателя «Партия «Әділет»	«Әділет партиясы» төрағасының орынбасары	заместитель председателя «Партия «Әділет»	APPROVED	machine:google-translate	Approved by user
496	секретарь Северо-Казахстанского областного филиала «Партия «Әділет»	"""Әділет партиясы"" Солтүстік Қазақстан облыстық филиалының хатшысы"	секретарь Северо-Казахстанского областного филиала «Партия «Әділет»	APPROVED	machine:google-translate	Approved by user
497	заместитель акима Мангистауской области	Маңғыстау облысы әкімінің орынбасары	заместитель акима Мангистауской области	APPROVED	machine:google-translate	Approved by user
498	заместитель директора РГП «Қоғамдык келісім», КМО МКИ РК	ҚР МКИ ҚМО «Қоғамдық Келісім» РМК директорының орынбасары	заместитель директора РГП «Қоғамдык келісім», КМО МКИ РК	APPROVED	machine:google-translate	Approved by user
499	директор Института языкознания имени А.Байтурсынулы	А.Байтұрсынұлы атындағы Тіл білімі институтының директоры	директор Института языкознания имени А.Байтурсынулы	APPROVED	machine:google-translate	Approved by user
500	генеральный директор ТОО «Сенчури Интегрейшн»	Century Integration LLP бас директорыp	генеральный директор ТОО «Сенчури Интегрейшн»	APPROVED	machine:google-translate	Approved by user
501	председатель маслихата Атырауский области	Атырау облыстық мәслихатының төрағасы	председатель маслихата Атырауский области	APPROVED	machine:google-translate	Approved by user
502	председатель постоянной комиссии Атырауского областного маслихата по вопросам экологии и природопользования	Атырау облыстық мәслихатының экология және табиғи ресурстар жөніндегі тұрақты комиссиясының төрағасы	председатель постоянной комиссии Атырауского областного маслихата по вопросам экологии и природопользования	APPROVED	machine:google-translate	Approved by user
503	региональный руководитель по городу Кокшетау МОО «Дала Қырандары»	Көкшетау қаласы бойынша аймақ басшысы, «Дала қырандары» коммуналдық қоғамдық ұйымы	региональный руководитель по городу Кокшетау МОО «Дала Қырандары»	APPROVED	machine:google-translate	Approved by user
504	председатель правления Общественного фонда «Қазақстан халқына»	«Қазақстан халқына» қоғамдық қорының басқарма төрағасы	председатель правления Общественного фонда «Қазақстан халқына»	APPROVED	machine:google-translate	Approved by user
505	директор «ТАН ЛТД»	«ТАН>ЛТД» ЖШС директоры	директор «ТАН ЛТД»	APPROVED	machine:google-translate	Approved by user
506	председатель постоянной комиссии по здравоохранению, образованию и занятости маслихата города Алматы	Алматы қаласы мәслихатының денсаулық сақтау, білім және жұмыспен қамту мәселелері жөніндегі тұрақты комиссиясының төрағасы	председатель постоянной комиссии по здравоохранению, образованию и занятости маслихата города Алматы	APPROVED	machine:google-translate	Approved by user
507	заместитель акима Кызылординской области	Қызылорда облысы әкімінің орынбасары	заместитель акима Кызылординской области	APPROVED	machine:google-translate	Approved by user
508	заместитель директора ОФ «Международный институт»	«Халықаралық институт» ҚҚ директорының орынбасары	заместитель директора ОФ «Международный институт»	APPROVED	machine:google-translate	Approved by user
509	заместитель Генерального директора ТОО «АЛАСЕМ»	ALASEM ЖШС бас директорының орынбасары	заместитель Генерального директора ТОО «АЛАСЕМ»	APPROVED	machine:google-translate	Approved by user
510	директор «Туркестан ет өнімдері»	«Түркістан және өнімдері» директоры	директор «Туркестан ет өнімдері»	APPROVED	machine:google-translate	Approved by user
