unit_id	party_id	doc_sha256	char_start	char_end	page	section_path	unit_kind	has_number	has_deadline	context_lead
adilet-0001	adilet	0103559e998a25366d6ad971a00c82fb1442081691942e8cd2965ddd8b2aa688	0	38	1	ПРЕДВЫБОРНАЯ ПРОГРАММА ПАРТИИ «ӘДІЛЕТ»	structural	0	0	
adilet-0002	adilet	0103559e998a25366d6ad971a00c82fb1442081691942e8cd2965ddd8b2aa688	39	41	1	ЗА	structural	0	0	
adilet-0003	adilet	0103559e998a25366d6ad971a00c82fb1442081691942e8cd2965ddd8b2aa688	42	54	1	СПРАВЕДЛИВОЕ	structural	0	0	
adilet-0004	adilet	0103559e998a25366d6ad971a00c82fb1442081691942e8cd2965ddd8b2aa688	55	62	1	БУДУЩЕЕ	structural	0	0	
adilet-0005	adilet	0103559e998a25366d6ad971a00c82fb1442081691942e8cd2965ddd8b2aa688	73	95	2	НАВИГАЦИЯ ПО ПРОГРАММЕ	structural	0	0	
adilet-0006	adilet	0103559e998a25366d6ad971a00c82fb1442081691942e8cd2965ddd8b2aa688	96	106	2	СОДЕРЖАНИЕ	structural	0	0	
adilet-0007	adilet	0103559e998a25366d6ad971a00c82fb1442081691942e8cd2965ddd8b2aa688	107	142	2	• Преамбула. Дорогие казахстанцы! 1	structural	1	0	
adilet-0008	adilet	0103559e998a25366d6ad971a00c82fb1442081691942e8cd2965ddd8b2aa688	143	171	2	• Кто мы и за что отвечаем 4	structural	1	0	
adilet-0009	adilet	0103559e998a25366d6ad971a00c82fb1442081691942e8cd2965ddd8b2aa688	172	206	2	• 10 приоритетов партии «Әділет» 7	structural	1	0	
adilet-0010	adilet	0103559e998a25366d6ad971a00c82fb1442081691942e8cd2965ddd8b2aa688	207	226	2	1 Закон и Порядок 7	structural	1	0	
adilet-0011	adilet	0103559e998a25366d6ad971a00c82fb1442081691942e8cd2965ddd8b2aa688	227	252	2	2 Эффективные институты 9	structural	1	0	
adilet-0012	adilet	0103559e998a25366d6ad971a00c82fb1442081691942e8cd2965ddd8b2aa688	253	290	2	3 Сильные регионы – сильная страна 12	structural	1	0	
adilet-0013	adilet	0103559e998a25366d6ad971a00c82fb1442081691942e8cd2965ddd8b2aa688	291	332	2	4 Справедливая, конкурентная экономика 19	structural	1	0	
adilet-0014	adilet	0103559e998a25366d6ad971a00c82fb1442081691942e8cd2965ddd8b2aa688	333	358	2	5 Цифровое государство 37	structural	1	0	
adilet-0015	adilet	0103559e998a25366d6ad971a00c82fb1442081691942e8cd2965ddd8b2aa688	359	408	2	6 Социальная солидарность и адресная поддержка 42	structural	1	0	
adilet-0016	adilet	0103559e998a25366d6ad971a00c82fb1442081691942e8cd2965ddd8b2aa688	409	446	2	7 Ставка на человеческий потенциал 46	structural	1	0	
adilet-0017	adilet	0103559e998a25366d6ad971a00c82fb1442081691942e8cd2965ddd8b2aa688	447	499	2	8 Формирование новой культуры и становление нации 56	structural	1	0	
adilet-0018	adilet	0103559e998a25366d6ad971a00c82fb1442081691942e8cd2965ddd8b2aa688	500	519	2	9 Таза Қазақстан 59	structural	1	0	
adilet-0019	adilet	0103559e998a25366d6ad971a00c82fb1442081691942e8cd2965ddd8b2aa688	520	555	2	10 Ответственная средняя держава 63	structural	1	0	
adilet-0020	adilet	0103559e998a25366d6ad971a00c82fb1442081691942e8cd2965ddd8b2aa688	556	614	2	ВМЕСТЕ – К ЕДИНОМУ, СПРАВЕДЛИВОМУ И УСПЕШНОМУ БУДУЩЕМУ! 64	structural	1	0	
adilet-0021	adilet	0103559e998a25366d6ad971a00c82fb1442081691942e8cd2965ddd8b2aa688	615	665	2	ПРЕДВЫБОРНАЯ ПРОГРАММА ПАРТИИ «ӘДІЛЕТ» · 2026—2031	structural	1	1	
adilet-0022	adilet	0103559e998a25366d6ad971a00c82fb1442081691942e8cd2965ddd8b2aa688	666	685	3	ПРЕАМБУЛА ПРОГРАММЫ	structural	0	0	
adilet-0023	adilet	0103559e998a25366d6ad971a00c82fb1442081691942e8cd2965ddd8b2aa688	707	754	3	ПРЕАМБУЛА ПРОГРАММЫ	substantive	0	0	
adilet-0024	adilet	0103559e998a25366d6ad971a00c82fb1442081691942e8cd2965ddd8b2aa688	755	944	3	ПРЕАМБУЛА ПРОГРАММЫ	substantive	1	0	
adilet-0025	adilet	0103559e998a25366d6ad971a00c82fb1442081691942e8cd2965ddd8b2aa688	945	1055	3	ПРЕАМБУЛА ПРОГРАММЫ	substantive	0	0	
adilet-0026	adilet	0103559e998a25366d6ad971a00c82fb1442081691942e8cd2965ddd8b2aa688	1056	1091	3	ПРЕАМБУЛА ПРОГРАММЫ	substantive	0	0	
adilet-0027	adilet	0103559e998a25366d6ad971a00c82fb1442081691942e8cd2965ddd8b2aa688	1092	1186	3	ПРЕАМБУЛА ПРОГРАММЫ	substantive	0	0	
adilet-0028	adilet	0103559e998a25366d6ad971a00c82fb1442081691942e8cd2965ddd8b2aa688	1187	1254	3	ПРЕАМБУЛА ПРОГРАММЫ	substantive	0	0	
adilet-0029	adilet	0103559e998a25366d6ad971a00c82fb1442081691942e8cd2965ddd8b2aa688	1255	1480	3	ПРЕАМБУЛА ПРОГРАММЫ	substantive	0	0	
adilet-0030	adilet	0103559e998a25366d6ad971a00c82fb1442081691942e8cd2965ddd8b2aa688	1481	1584	3	ПРЕАМБУЛА ПРОГРАММЫ	substantive	0	0	
adilet-0031	adilet	0103559e998a25366d6ad971a00c82fb1442081691942e8cd2965ddd8b2aa688	1585	1661	3	ПРЕАМБУЛА ПРОГРАММЫ	substantive	0	0	
adilet-0032	adilet	0103559e998a25366d6ad971a00c82fb1442081691942e8cd2965ddd8b2aa688	1662	1735	3	ПРЕАМБУЛА ПРОГРАММЫ	substantive	0	0	
adilet-0033	adilet	0103559e998a25366d6ad971a00c82fb1442081691942e8cd2965ddd8b2aa688	1736	1823	3	ПРЕАМБУЛА ПРОГРАММЫ	substantive	0	0	
adilet-0034	adilet	0103559e998a25366d6ad971a00c82fb1442081691942e8cd2965ddd8b2aa688	1824	1941	3	ПРЕАМБУЛА ПРОГРАММЫ	substantive	0	0	
adilet-0035	adilet	0103559e998a25366d6ad971a00c82fb1442081691942e8cd2965ddd8b2aa688	1942	1986	3	ПРЕАМБУЛА ПРОГРАММЫ	lead_in	1	0	
adilet-0036	adilet	0103559e998a25366d6ad971a00c82fb1442081691942e8cd2965ddd8b2aa688	1987	2128	3	ПРЕАМБУЛА ПРОГРАММЫ	substantive	0	0	
adilet-0037	adilet	0103559e998a25366d6ad971a00c82fb1442081691942e8cd2965ddd8b2aa688	2129	2226	3	ПРЕАМБУЛА ПРОГРАММЫ	substantive	0	0	
adilet-0038	adilet	0103559e998a25366d6ad971a00c82fb1442081691942e8cd2965ddd8b2aa688	2227	2272	3	ПРЕАМБУЛА ПРОГРАММЫ	substantive	0	0	
adilet-0039	adilet	0103559e998a25366d6ad971a00c82fb1442081691942e8cd2965ddd8b2aa688	2273	2331	3	ПРЕАМБУЛА ПРОГРАММЫ	substantive	0	0	
adilet-0040	adilet	0103559e998a25366d6ad971a00c82fb1442081691942e8cd2965ddd8b2aa688	2332	2387	3	ПРЕАМБУЛА ПРОГРАММЫ	substantive	0	0	
adilet-0041	adilet	0103559e998a25366d6ad971a00c82fb1442081691942e8cd2965ddd8b2aa688	2388	2591	3	ПРЕАМБУЛА ПРОГРАММЫ	substantive	0	0	
adilet-0042	adilet	0103559e998a25366d6ad971a00c82fb1442081691942e8cd2965ddd8b2aa688	2592	2690	3	ПРЕАМБУЛА ПРОГРАММЫ	substantive	0	0	
adilet-0043	adilet	0103559e998a25366d6ad971a00c82fb1442081691942e8cd2965ddd8b2aa688	2691	2743	3	ПРЕАМБУЛА ПРОГРАММЫ	substantive	0	0	
adilet-0044	adilet	0103559e998a25366d6ad971a00c82fb1442081691942e8cd2965ddd8b2aa688	2744	2826	3	ПРЕАМБУЛА ПРОГРАММЫ	substantive	0	0	
adilet-0045	adilet	0103559e998a25366d6ad971a00c82fb1442081691942e8cd2965ddd8b2aa688	2827	2922	3	ПРЕАМБУЛА ПРОГРАММЫ	substantive	0	0	
adilet-0046	adilet	0103559e998a25366d6ad971a00c82fb1442081691942e8cd2965ddd8b2aa688	2923	2972	4	ПРЕАМБУЛА ПРОГРАММЫ	substantive	0	0	
adilet-0047	adilet	0103559e998a25366d6ad971a00c82fb1442081691942e8cd2965ddd8b2aa688	2973	3067	4	ПРЕАМБУЛА ПРОГРАММЫ	substantive	0	0	
adilet-0048	adilet	0103559e998a25366d6ad971a00c82fb1442081691942e8cd2965ddd8b2aa688	3068	3212	4	ПРЕАМБУЛА ПРОГРАММЫ	substantive	0	0	
adilet-0049	adilet	0103559e998a25366d6ad971a00c82fb1442081691942e8cd2965ddd8b2aa688	3213	3376	4	ПРЕАМБУЛА ПРОГРАММЫ	substantive	0	0	
adilet-0050	adilet	0103559e998a25366d6ad971a00c82fb1442081691942e8cd2965ddd8b2aa688	3377	3480	4	ПРЕАМБУЛА ПРОГРАММЫ	substantive	0	0	
adilet-0051	adilet	0103559e998a25366d6ad971a00c82fb1442081691942e8cd2965ddd8b2aa688	3481	3559	4	ПРЕАМБУЛА ПРОГРАММЫ	substantive	0	0	
adilet-0052	adilet	0103559e998a25366d6ad971a00c82fb1442081691942e8cd2965ddd8b2aa688	3560	3884	4	ПРЕАМБУЛА ПРОГРАММЫ	substantive	0	0	
adilet-0053	adilet	0103559e998a25366d6ad971a00c82fb1442081691942e8cd2965ddd8b2aa688	3885	4007	4	ПРЕАМБУЛА ПРОГРАММЫ	lead_in	1	0	
adilet-0054	adilet	0103559e998a25366d6ad971a00c82fb1442081691942e8cd2965ddd8b2aa688	4008	4019	4	30м² ЦЕЛЬ 1	structural	1	0	
adilet-0055	adilet	0103559e998a25366d6ad971a00c82fb1442081691942e8cd2965ddd8b2aa688	4020	4070	4	30м² ЦЕЛЬ 1	substantive	0	0	
adilet-0056	adilet	0103559e998a25366d6ad971a00c82fb1442081691942e8cd2965ddd8b2aa688	4071	4141	4	30м² ЦЕЛЬ 1	substantive	1	0	
adilet-0057	adilet	0103559e998a25366d6ad971a00c82fb1442081691942e8cd2965ddd8b2aa688	4142	4331	4	30м² ЦЕЛЬ 1	substantive	1	0	
adilet-0058	adilet	0103559e998a25366d6ad971a00c82fb1442081691942e8cd2965ddd8b2aa688	4332	4386	4	30м² ЦЕЛЬ 1	substantive	1	0	
adilet-0059	adilet	0103559e998a25366d6ad971a00c82fb1442081691942e8cd2965ddd8b2aa688	4387	4465	4	30м² ЦЕЛЬ 1	substantive	1	0	
adilet-0060	adilet	0103559e998a25366d6ad971a00c82fb1442081691942e8cd2965ddd8b2aa688	4466	4533	4	30м² ЦЕЛЬ 1	lead_in	0	0	
adilet-0061	adilet	0103559e998a25366d6ad971a00c82fb1442081691942e8cd2965ddd8b2aa688	4534	4709	4	30м² ЦЕЛЬ 1	substantive	1	0	Переведем здравоохранение из режима лечения в режим предупреждения:
adilet-0062	adilet	0103559e998a25366d6ad971a00c82fb1442081691942e8cd2965ddd8b2aa688	4710	4716	5	ЦЕЛЬ 3	structural	1	0	
adilet-0063	adilet	0103559e998a25366d6ad971a00c82fb1442081691942e8cd2965ddd8b2aa688	4717	4770	5	ЦЕЛЬ 3	substantive	1	0	
adilet-0064	adilet	0103559e998a25366d6ad971a00c82fb1442081691942e8cd2965ddd8b2aa688	4771	4834	5	ЦЕЛЬ 3	substantive	1	0	
adilet-0065	adilet	0103559e998a25366d6ad971a00c82fb1442081691942e8cd2965ddd8b2aa688	4835	4950	5	ЦЕЛЬ 3	substantive	0	0	
adilet-0066	adilet	0103559e998a25366d6ad971a00c82fb1442081691942e8cd2965ddd8b2aa688	4951	5072	5	ЦЕЛЬ 3	substantive	0	0	
adilet-0067	adilet	0103559e998a25366d6ad971a00c82fb1442081691942e8cd2965ddd8b2aa688	5073	5083	5	20% ЦЕЛЬ 4	structural	1	0	
adilet-0068	adilet	0103559e998a25366d6ad971a00c82fb1442081691942e8cd2965ddd8b2aa688	5084	5115	5	20% ЦЕЛЬ 4	substantive	0	0	
adilet-0069	adilet	0103559e998a25366d6ad971a00c82fb1442081691942e8cd2965ddd8b2aa688	5116	5207	5	20% ЦЕЛЬ 4	substantive	1	0	
adilet-0070	adilet	0103559e998a25366d6ad971a00c82fb1442081691942e8cd2965ddd8b2aa688	5208	5385	5	20% ЦЕЛЬ 4	substantive	0	0	
adilet-0071	adilet	0103559e998a25366d6ad971a00c82fb1442081691942e8cd2965ddd8b2aa688	5386	5501	5	20% ЦЕЛЬ 4	substantive	0	0	
adilet-0072	adilet	0103559e998a25366d6ad971a00c82fb1442081691942e8cd2965ddd8b2aa688	5502	5513	5	2,5% ЦЕЛЬ 5	structural	1	0	
adilet-0073	adilet	0103559e998a25366d6ad971a00c82fb1442081691942e8cd2965ddd8b2aa688	5514	5554	5	2,5% ЦЕЛЬ 5	substantive	0	0	
adilet-0074	adilet	0103559e998a25366d6ad971a00c82fb1442081691942e8cd2965ddd8b2aa688	5555	5610	5	2,5% ЦЕЛЬ 5	substantive	1	0	
adilet-0075	adilet	0103559e998a25366d6ad971a00c82fb1442081691942e8cd2965ddd8b2aa688	5611	5696	5	2,5% ЦЕЛЬ 5	lead_in	0	0	
adilet-0076	adilet	0103559e998a25366d6ad971a00c82fb1442081691942e8cd2965ddd8b2aa688	5697	5784	5	2,5% ЦЕЛЬ 5	substantive	1	0	Качественно повысим доходы 1 миллиона сельских жителей. Масштабируем программу «Ауыл аманаты», ориентированную на социально уязвимых граждан:
adilet-0077	adilet	0103559e998a25366d6ad971a00c82fb1442081691942e8cd2965ddd8b2aa688	5785	5796	6	100% ЦЕЛЬ 6	structural	1	0	
adilet-0078	adilet	0103559e998a25366d6ad971a00c82fb1442081691942e8cd2965ddd8b2aa688	5797	5884	6	100% ЦЕЛЬ 6	substantive	0	0	
adilet-0079	adilet	0103559e998a25366d6ad971a00c82fb1442081691942e8cd2965ddd8b2aa688	5885	5948	6	100% ЦЕЛЬ 6	substantive	1	0	
adilet-0080	adilet	0103559e998a25366d6ad971a00c82fb1442081691942e8cd2965ddd8b2aa688	5949	6016	6	100% ЦЕЛЬ 6	substantive	0	0	
adilet-0081	adilet	0103559e998a25366d6ad971a00c82fb1442081691942e8cd2965ddd8b2aa688	6017	6190	6	100% ЦЕЛЬ 6	substantive	0	0	
adilet-0082	adilet	0103559e998a25366d6ad971a00c82fb1442081691942e8cd2965ddd8b2aa688	6191	6334	6	100% ЦЕЛЬ 6	substantive	0	0	
adilet-0083	adilet	0103559e998a25366d6ad971a00c82fb1442081691942e8cd2965ddd8b2aa688	6335	6403	6	100% ЦЕЛЬ 6	substantive	1	0	
adilet-0084	adilet	0103559e998a25366d6ad971a00c82fb1442081691942e8cd2965ddd8b2aa688	6404	6531	6	100% ЦЕЛЬ 6	substantive	1	0	
adilet-0085	adilet	0103559e998a25366d6ad971a00c82fb1442081691942e8cd2965ddd8b2aa688	6532	6571	6	100% ЦЕЛЬ 6	substantive	0	0	
adilet-0086	adilet	0103559e998a25366d6ad971a00c82fb1442081691942e8cd2965ddd8b2aa688	6572	6642	6	100% ЦЕЛЬ 6	substantive	0	0	
adilet-0087	adilet	0103559e998a25366d6ad971a00c82fb1442081691942e8cd2965ddd8b2aa688	6643	6706	6	100% ЦЕЛЬ 6	substantive	0	0	
adilet-0088	adilet	0103559e998a25366d6ad971a00c82fb1442081691942e8cd2965ddd8b2aa688	6707	6817	6	100% ЦЕЛЬ 6	substantive	0	0	
adilet-0089	adilet	0103559e998a25366d6ad971a00c82fb1442081691942e8cd2965ddd8b2aa688	6818	6915	6	100% ЦЕЛЬ 6	substantive	0	0	
adilet-0090	adilet	0103559e998a25366d6ad971a00c82fb1442081691942e8cd2965ddd8b2aa688	6916	7012	6	100% ЦЕЛЬ 6	substantive	0	0	
adilet-0091	adilet	0103559e998a25366d6ad971a00c82fb1442081691942e8cd2965ddd8b2aa688	7013	7037	6	КТО МЫ И ЗА ЧТО ОТВЕЧАЕМ	structural	0	0	
adilet-0092	adilet	0103559e998a25366d6ad971a00c82fb1442081691942e8cd2965ddd8b2aa688	7038	7139	6	КТО МЫ И ЗА ЧТО ОТВЕЧАЕМ	substantive	0	0	
adilet-0093	adilet	0103559e998a25366d6ad971a00c82fb1442081691942e8cd2965ddd8b2aa688	7140	7308	6	КТО МЫ И ЗА ЧТО ОТВЕЧАЕМ	substantive	0	0	
adilet-0094	adilet	0103559e998a25366d6ad971a00c82fb1442081691942e8cd2965ddd8b2aa688	7309	7401	6	КТО МЫ И ЗА ЧТО ОТВЕЧАЕМ	substantive	0	0	
adilet-0095	adilet	0103559e998a25366d6ad971a00c82fb1442081691942e8cd2965ddd8b2aa688	7402	7437	6	КТО МЫ И ЗА ЧТО ОТВЕЧАЕМ	structural	0	0	
adilet-0096	adilet	0103559e998a25366d6ad971a00c82fb1442081691942e8cd2965ddd8b2aa688	7438	7522	6	КТО МЫ И ЗА ЧТО ОТВЕЧАЕМ	substantive	0	0	
adilet-0097	adilet	0103559e998a25366d6ad971a00c82fb1442081691942e8cd2965ddd8b2aa688	7523	7632	6	КТО МЫ И ЗА ЧТО ОТВЕЧАЕМ	substantive	0	0	
adilet-0098	adilet	0103559e998a25366d6ad971a00c82fb1442081691942e8cd2965ddd8b2aa688	7633	7750	7	КТО МЫ И ЗА ЧТО ОТВЕЧАЕМ	substantive	0	0	
adilet-0099	adilet	0103559e998a25366d6ad971a00c82fb1442081691942e8cd2965ddd8b2aa688	7751	7828	7	КТО МЫ И ЗА ЧТО ОТВЕЧАЕМ	substantive	0	0	
adilet-0100	adilet	0103559e998a25366d6ad971a00c82fb1442081691942e8cd2965ddd8b2aa688	7829	7881	7	КТО МЫ И ЗА ЧТО ОТВЕЧАЕМ	substantive	0	0	
adilet-0101	adilet	0103559e998a25366d6ad971a00c82fb1442081691942e8cd2965ddd8b2aa688	7883	7913	7	КТО МЫ И ЗА ЧТО ОТВЕЧАЕМ	fragment	0	0	
adilet-0102	adilet	0103559e998a25366d6ad971a00c82fb1442081691942e8cd2965ddd8b2aa688	7915	7954	7	КТО МЫ И ЗА ЧТО ОТВЕЧАЕМ	fragment	0	0	
adilet-0103	adilet	0103559e998a25366d6ad971a00c82fb1442081691942e8cd2965ddd8b2aa688	7980	8015	7	КТО МЫ И ЗА ЧТО ОТВЕЧАЕМ	fragment	0	0	
adilet-0104	adilet	0103559e998a25366d6ad971a00c82fb1442081691942e8cd2965ddd8b2aa688	8017	8050	7	КТО МЫ И ЗА ЧТО ОТВЕЧАЕМ	fragment	0	0	
adilet-0105	adilet	0103559e998a25366d6ad971a00c82fb1442081691942e8cd2965ddd8b2aa688	8052	8133	7	КТО МЫ И ЗА ЧТО ОТВЕЧАЕМ	fragment	0	0	
adilet-0106	adilet	0103559e998a25366d6ad971a00c82fb1442081691942e8cd2965ddd8b2aa688	8134	8353	7	КТО МЫ И ЗА ЧТО ОТВЕЧАЕМ	substantive	0	0	
adilet-0107	adilet	0103559e998a25366d6ad971a00c82fb1442081691942e8cd2965ddd8b2aa688	8354	8514	7	КТО МЫ И ЗА ЧТО ОТВЕЧАЕМ	substantive	0	0	
adilet-0108	adilet	0103559e998a25366d6ad971a00c82fb1442081691942e8cd2965ddd8b2aa688	8515	8597	7	КТО МЫ И ЗА ЧТО ОТВЕЧАЕМ	substantive	0	0	
adilet-0109	adilet	0103559e998a25366d6ad971a00c82fb1442081691942e8cd2965ddd8b2aa688	8598	8708	7	КТО МЫ И ЗА ЧТО ОТВЕЧАЕМ	substantive	0	0	
adilet-0110	adilet	0103559e998a25366d6ad971a00c82fb1442081691942e8cd2965ddd8b2aa688	8709	8869	7	КТО МЫ И ЗА ЧТО ОТВЕЧАЕМ	substantive	0	0	
adilet-0111	adilet	0103559e998a25366d6ad971a00c82fb1442081691942e8cd2965ddd8b2aa688	8870	8936	7	КТО МЫ И ЗА ЧТО ОТВЕЧАЕМ	substantive	0	0	
adilet-0112	adilet	0103559e998a25366d6ad971a00c82fb1442081691942e8cd2965ddd8b2aa688	8937	9127	7	КТО МЫ И ЗА ЧТО ОТВЕЧАЕМ	substantive	0	0	
adilet-0113	adilet	0103559e998a25366d6ad971a00c82fb1442081691942e8cd2965ddd8b2aa688	9128	9303	7	КТО МЫ И ЗА ЧТО ОТВЕЧАЕМ	substantive	0	0	
adilet-0114	adilet	0103559e998a25366d6ad971a00c82fb1442081691942e8cd2965ddd8b2aa688	9304	9536	7	КТО МЫ И ЗА ЧТО ОТВЕЧАЕМ	substantive	0	0	
adilet-0115	adilet	0103559e998a25366d6ad971a00c82fb1442081691942e8cd2965ddd8b2aa688	9537	9658	7	КТО МЫ И ЗА ЧТО ОТВЕЧАЕМ	substantive	0	0	
adilet-0116	adilet	0103559e998a25366d6ad971a00c82fb1442081691942e8cd2965ddd8b2aa688	9659	9886	7	КТО МЫ И ЗА ЧТО ОТВЕЧАЕМ	substantive	0	0	
adilet-0117	adilet	0103559e998a25366d6ad971a00c82fb1442081691942e8cd2965ddd8b2aa688	9887	10116	7	КТО МЫ И ЗА ЧТО ОТВЕЧАЕМ	substantive	0	0	
adilet-0118	adilet	0103559e998a25366d6ad971a00c82fb1442081691942e8cd2965ddd8b2aa688	10117	10171	7	КТО МЫ И ЗА ЧТО ОТВЕЧАЕМ	substantive	0	0	
adilet-0119	adilet	0103559e998a25366d6ad971a00c82fb1442081691942e8cd2965ddd8b2aa688	10172	10257	7	КТО МЫ И ЗА ЧТО ОТВЕЧАЕМ	substantive	0	0	
adilet-0120	adilet	0103559e998a25366d6ad971a00c82fb1442081691942e8cd2965ddd8b2aa688	10258	10418	7	КТО МЫ И ЗА ЧТО ОТВЕЧАЕМ	substantive	0	0	
adilet-0121	adilet	0103559e998a25366d6ad971a00c82fb1442081691942e8cd2965ddd8b2aa688	10419	10460	7	КТО МЫ И ЗА ЧТО ОТВЕЧАЕМ	substantive	0	0	
adilet-0122	adilet	0103559e998a25366d6ad971a00c82fb1442081691942e8cd2965ddd8b2aa688	10461	10568	8	КТО МЫ И ЗА ЧТО ОТВЕЧАЕМ	substantive	0	0	
adilet-0123	adilet	0103559e998a25366d6ad971a00c82fb1442081691942e8cd2965ddd8b2aa688	10569	10790	8	КТО МЫ И ЗА ЧТО ОТВЕЧАЕМ	substantive	0	0	
adilet-0124	adilet	0103559e998a25366d6ad971a00c82fb1442081691942e8cd2965ddd8b2aa688	10791	10852	8	КТО МЫ И ЗА ЧТО ОТВЕЧАЕМ	substantive	0	0	
adilet-0125	adilet	0103559e998a25366d6ad971a00c82fb1442081691942e8cd2965ddd8b2aa688	10853	10918	8	КТО МЫ И ЗА ЧТО ОТВЕЧАЕМ	substantive	0	0	
adilet-0126	adilet	0103559e998a25366d6ad971a00c82fb1442081691942e8cd2965ddd8b2aa688	10919	11129	8	КТО МЫ И ЗА ЧТО ОТВЕЧАЕМ	substantive	0	0	
adilet-0127	adilet	0103559e998a25366d6ad971a00c82fb1442081691942e8cd2965ddd8b2aa688	11130	11214	8	КТО МЫ И ЗА ЧТО ОТВЕЧАЕМ	substantive	0	0	
adilet-0128	adilet	0103559e998a25366d6ad971a00c82fb1442081691942e8cd2965ddd8b2aa688	11215	11261	8	КТО МЫ И ЗА ЧТО ОТВЕЧАЕМ	substantive	0	0	
adilet-0129	adilet	0103559e998a25366d6ad971a00c82fb1442081691942e8cd2965ddd8b2aa688	11262	11361	8	КТО МЫ И ЗА ЧТО ОТВЕЧАЕМ	substantive	0	0	
adilet-0130	adilet	0103559e998a25366d6ad971a00c82fb1442081691942e8cd2965ddd8b2aa688	11362	11533	8	КТО МЫ И ЗА ЧТО ОТВЕЧАЕМ	substantive	0	0	
adilet-0131	adilet	0103559e998a25366d6ad971a00c82fb1442081691942e8cd2965ddd8b2aa688	11534	11609	8	КТО МЫ И ЗА ЧТО ОТВЕЧАЕМ	substantive	0	0	
adilet-0132	adilet	0103559e998a25366d6ad971a00c82fb1442081691942e8cd2965ddd8b2aa688	11610	11732	8	КТО МЫ И ЗА ЧТО ОТВЕЧАЕМ	substantive	0	0	
adilet-0133	adilet	0103559e998a25366d6ad971a00c82fb1442081691942e8cd2965ddd8b2aa688	11733	11916	8	КТО МЫ И ЗА ЧТО ОТВЕЧАЕМ	substantive	0	0	
adilet-0134	adilet	0103559e998a25366d6ad971a00c82fb1442081691942e8cd2965ddd8b2aa688	11917	12027	8	КТО МЫ И ЗА ЧТО ОТВЕЧАЕМ	substantive	0	0	
adilet-0135	adilet	0103559e998a25366d6ad971a00c82fb1442081691942e8cd2965ddd8b2aa688	12028	12284	8	КТО МЫ И ЗА ЧТО ОТВЕЧАЕМ	substantive	0	0	
adilet-0136	adilet	0103559e998a25366d6ad971a00c82fb1442081691942e8cd2965ddd8b2aa688	12285	12331	8	КТО МЫ И ЗА ЧТО ОТВЕЧАЕМ	substantive	0	0	
adilet-0137	adilet	0103559e998a25366d6ad971a00c82fb1442081691942e8cd2965ddd8b2aa688	12332	12600	8	КТО МЫ И ЗА ЧТО ОТВЕЧАЕМ	substantive	0	0	
adilet-0138	adilet	0103559e998a25366d6ad971a00c82fb1442081691942e8cd2965ddd8b2aa688	12601	12647	8	КТО МЫ И ЗА ЧТО ОТВЕЧАЕМ	substantive	0	0	
adilet-0139	adilet	0103559e998a25366d6ad971a00c82fb1442081691942e8cd2965ddd8b2aa688	12648	12787	8	КТО МЫ И ЗА ЧТО ОТВЕЧАЕМ	substantive	0	0	
adilet-0140	adilet	0103559e998a25366d6ad971a00c82fb1442081691942e8cd2965ddd8b2aa688	12788	12933	8	КТО МЫ И ЗА ЧТО ОТВЕЧАЕМ	substantive	0	0	
adilet-0141	adilet	0103559e998a25366d6ad971a00c82fb1442081691942e8cd2965ddd8b2aa688	12934	13006	8	КТО МЫ И ЗА ЧТО ОТВЕЧАЕМ	substantive	0	0	
adilet-0142	adilet	0103559e998a25366d6ad971a00c82fb1442081691942e8cd2965ddd8b2aa688	13007	13176	8	КТО МЫ И ЗА ЧТО ОТВЕЧАЕМ	substantive	0	0	
adilet-0143	adilet	0103559e998a25366d6ad971a00c82fb1442081691942e8cd2965ddd8b2aa688	13177	13326	8	КТО МЫ И ЗА ЧТО ОТВЕЧАЕМ	substantive	0	0	
adilet-0144	adilet	0103559e998a25366d6ad971a00c82fb1442081691942e8cd2965ddd8b2aa688	13327	13357	9	10 ПРИОРИТЕТОВ ПАРТИИ «ӘДІЛЕТ»	structural	1	0	
adilet-0145	adilet	0103559e998a25366d6ad971a00c82fb1442081691942e8cd2965ddd8b2aa688	13358	13427	9	10 ПРИОРИТЕТОВ ПАРТИИ «ӘДІЛЕТ»	substantive	0	0	
adilet-0146	adilet	0103559e998a25366d6ad971a00c82fb1442081691942e8cd2965ddd8b2aa688	13428	13536	9	10 ПРИОРИТЕТОВ ПАРТИИ «ӘДІЛЕТ»	substantive	0	0	
adilet-0147	adilet	0103559e998a25366d6ad971a00c82fb1442081691942e8cd2965ddd8b2aa688	13537	13627	9	10 ПРИОРИТЕТОВ ПАРТИИ «ӘДІЛЕТ»	substantive	0	0	
adilet-0148	adilet	0103559e998a25366d6ad971a00c82fb1442081691942e8cd2965ddd8b2aa688	13628	13773	9	10 ПРИОРИТЕТОВ ПАРТИИ «ӘДІЛЕТ»	substantive	0	0	
adilet-0149	adilet	0103559e998a25366d6ad971a00c82fb1442081691942e8cd2965ddd8b2aa688	13774	13782	9	РАЗДЕЛ 1	structural	1	0	
adilet-0150	adilet	0103559e998a25366d6ad971a00c82fb1442081691942e8cd2965ddd8b2aa688	13783	13800	9	1 ЗАКОН И ПОРЯДОК	structural	1	0	
adilet-0151	adilet	0103559e998a25366d6ad971a00c82fb1442081691942e8cd2965ddd8b2aa688	13801	13855	9	1 ЗАКОН И ПОРЯДОК / 1.1. Правопорядок для граждан Справедливого Казахстана	structural	1	0	
adilet-0152	adilet	0103559e998a25366d6ad971a00c82fb1442081691942e8cd2965ddd8b2aa688	13856	14055	9	1 ЗАКОН И ПОРЯДОК / 1.1. Правопорядок для граждан Справедливого Казахстана	substantive	0	0	
adilet-0153	adilet	0103559e998a25366d6ad971a00c82fb1442081691942e8cd2965ddd8b2aa688	14056	14118	9	1 ЗАКОН И ПОРЯДОК / 1.1. Правопорядок для граждан Справедливого Казахстана	substantive	0	0	
adilet-0154	adilet	0103559e998a25366d6ad971a00c82fb1442081691942e8cd2965ddd8b2aa688	14119	14235	9	1 ЗАКОН И ПОРЯДОК / 1.1. Правопорядок для граждан Справедливого Казахстана	substantive	0	0	
adilet-0155	adilet	0103559e998a25366d6ad971a00c82fb1442081691942e8cd2965ddd8b2aa688	14236	14427	9	1 ЗАКОН И ПОРЯДОК / 1.1. Правопорядок для граждан Справедливого Казахстана	substantive	0	0	
adilet-0156	adilet	0103559e998a25366d6ad971a00c82fb1442081691942e8cd2965ddd8b2aa688	14428	14551	9	1 ЗАКОН И ПОРЯДОК / 1.1. Правопорядок для граждан Справедливого Казахстана	substantive	0	0	
adilet-0157	adilet	0103559e998a25366d6ad971a00c82fb1442081691942e8cd2965ddd8b2aa688	14552	14694	9	1 ЗАКОН И ПОРЯДОК / 1.1. Правопорядок для граждан Справедливого Казахстана	substantive	0	0	
adilet-0158	adilet	0103559e998a25366d6ad971a00c82fb1442081691942e8cd2965ddd8b2aa688	14695	14788	9	1 ЗАКОН И ПОРЯДОК / 1.1. Правопорядок для граждан Справедливого Казахстана	substantive	0	0	
adilet-0159	adilet	0103559e998a25366d6ad971a00c82fb1442081691942e8cd2965ddd8b2aa688	14789	14945	9	1 ЗАКОН И ПОРЯДОК / 1.1. Правопорядок для граждан Справедливого Казахстана	substantive	0	0	
adilet-0160	adilet	0103559e998a25366d6ad971a00c82fb1442081691942e8cd2965ddd8b2aa688	14946	15028	10	1 ЗАКОН И ПОРЯДОК / 1.1. Правопорядок для граждан Справедливого Казахстана	substantive	0	0	
adilet-0161	adilet	0103559e998a25366d6ad971a00c82fb1442081691942e8cd2965ddd8b2aa688	15029	15102	10	1 ЗАКОН И ПОРЯДОК / 1.1. Правопорядок для граждан Справедливого Казахстана	substantive	0	0	
adilet-0162	adilet	0103559e998a25366d6ad971a00c82fb1442081691942e8cd2965ddd8b2aa688	15103	15173	10	1 ЗАКОН И ПОРЯДОК / 1.1. Правопорядок для граждан Справедливого Казахстана	substantive	0	0	
adilet-0163	adilet	0103559e998a25366d6ad971a00c82fb1442081691942e8cd2965ddd8b2aa688	15174	15262	10	1 ЗАКОН И ПОРЯДОК / 1.1. Правопорядок для граждан Справедливого Казахстана	substantive	0	0	
adilet-0164	adilet	0103559e998a25366d6ad971a00c82fb1442081691942e8cd2965ddd8b2aa688	15263	15364	10	1 ЗАКОН И ПОРЯДОК / 1.1. Правопорядок для граждан Справедливого Казахстана	substantive	0	0	
adilet-0165	adilet	0103559e998a25366d6ad971a00c82fb1442081691942e8cd2965ddd8b2aa688	15365	15522	10	1 ЗАКОН И ПОРЯДОК / 1.1. Правопорядок для граждан Справедливого Казахстана	substantive	0	0	
adilet-0166	adilet	0103559e998a25366d6ad971a00c82fb1442081691942e8cd2965ddd8b2aa688	15523	15658	10	1 ЗАКОН И ПОРЯДОК / 1.1. Правопорядок для граждан Справедливого Казахстана	substantive	0	0	
adilet-0167	adilet	0103559e998a25366d6ad971a00c82fb1442081691942e8cd2965ddd8b2aa688	15659	15737	10	1 ЗАКОН И ПОРЯДОК / 1.1. Правопорядок для граждан Справедливого Казахстана	substantive	0	0	
adilet-0168	adilet	0103559e998a25366d6ad971a00c82fb1442081691942e8cd2965ddd8b2aa688	15738	15795	10	1 ЗАКОН И ПОРЯДОК / 1.1. Правопорядок для граждан Справедливого Казахстана	substantive	0	0	
adilet-0169	adilet	0103559e998a25366d6ad971a00c82fb1442081691942e8cd2965ddd8b2aa688	15796	15991	10	1 ЗАКОН И ПОРЯДОК / 1.1. Правопорядок для граждан Справедливого Казахстана	substantive	0	0	
adilet-0170	adilet	0103559e998a25366d6ad971a00c82fb1442081691942e8cd2965ddd8b2aa688	15992	16032	10	1 ЗАКОН И ПОРЯДОК / 1.2. Справедливое и доступное правосудие	structural	1	0	
adilet-0171	adilet	0103559e998a25366d6ad971a00c82fb1442081691942e8cd2965ddd8b2aa688	16033	16201	10	1 ЗАКОН И ПОРЯДОК / 1.2. Справедливое и доступное правосудие	substantive	0	0	
adilet-0172	adilet	0103559e998a25366d6ad971a00c82fb1442081691942e8cd2965ddd8b2aa688	16202	16329	10	1 ЗАКОН И ПОРЯДОК / 1.2. Справедливое и доступное правосудие	substantive	0	0	
adilet-0173	adilet	0103559e998a25366d6ad971a00c82fb1442081691942e8cd2965ddd8b2aa688	16330	16522	10	1 ЗАКОН И ПОРЯДОК / 1.2. Справедливое и доступное правосудие	substantive	0	0	
adilet-0174	adilet	0103559e998a25366d6ad971a00c82fb1442081691942e8cd2965ddd8b2aa688	16523	16632	10	1 ЗАКОН И ПОРЯДОК / 1.2. Справедливое и доступное правосудие	substantive	0	0	
adilet-0175	adilet	0103559e998a25366d6ad971a00c82fb1442081691942e8cd2965ddd8b2aa688	16633	16750	10	1 ЗАКОН И ПОРЯДОК / 1.2. Справедливое и доступное правосудие	substantive	0	0	
adilet-0176	adilet	0103559e998a25366d6ad971a00c82fb1442081691942e8cd2965ddd8b2aa688	16751	16872	10	1 ЗАКОН И ПОРЯДОК / 1.2. Справедливое и доступное правосудие	substantive	0	0	
adilet-0177	adilet	0103559e998a25366d6ad971a00c82fb1442081691942e8cd2965ddd8b2aa688	16873	16978	10	1 ЗАКОН И ПОРЯДОК / 1.2. Справедливое и доступное правосудие	substantive	0	0	
adilet-0178	adilet	0103559e998a25366d6ad971a00c82fb1442081691942e8cd2965ddd8b2aa688	16979	17086	10	1 ЗАКОН И ПОРЯДОК / 1.2. Справедливое и доступное правосудие	substantive	0	0	
adilet-0179	adilet	0103559e998a25366d6ad971a00c82fb1442081691942e8cd2965ddd8b2aa688	17087	17176	10	1 ЗАКОН И ПОРЯДОК / 1.2. Справедливое и доступное правосудие	substantive	0	0	
adilet-0180	adilet	0103559e998a25366d6ad971a00c82fb1442081691942e8cd2965ddd8b2aa688	17177	17286	11	1 ЗАКОН И ПОРЯДОК / 1.2. Справедливое и доступное правосудие	substantive	0	0	
adilet-0181	adilet	0103559e998a25366d6ad971a00c82fb1442081691942e8cd2965ddd8b2aa688	17287	17387	11	1 ЗАКОН И ПОРЯДОК / 1.2. Справедливое и доступное правосудие	substantive	0	0	
adilet-0182	adilet	0103559e998a25366d6ad971a00c82fb1442081691942e8cd2965ddd8b2aa688	17388	17512	11	1 ЗАКОН И ПОРЯДОК / 1.2. Справедливое и доступное правосудие	substantive	0	0	
adilet-0183	adilet	0103559e998a25366d6ad971a00c82fb1442081691942e8cd2965ddd8b2aa688	17513	17681	11	1 ЗАКОН И ПОРЯДОК / 1.2. Справедливое и доступное правосудие	substantive	0	0	
adilet-0184	adilet	0103559e998a25366d6ad971a00c82fb1442081691942e8cd2965ddd8b2aa688	17682	17732	11	1 ЗАКОН И ПОРЯДОК / 1.2. Справедливое и доступное правосудие	substantive	0	0	
adilet-0185	adilet	0103559e998a25366d6ad971a00c82fb1442081691942e8cd2965ddd8b2aa688	17733	17933	11	1 ЗАКОН И ПОРЯДОК / 1.2. Справедливое и доступное правосудие	substantive	0	0	
adilet-0186	adilet	0103559e998a25366d6ad971a00c82fb1442081691942e8cd2965ddd8b2aa688	17934	18065	11	1 ЗАКОН И ПОРЯДОК / 1.2. Справедливое и доступное правосудие	substantive	0	0	
adilet-0187	adilet	0103559e998a25366d6ad971a00c82fb1442081691942e8cd2965ddd8b2aa688	18066	18074	11	РАЗДЕЛ 2	structural	1	0	
adilet-0188	adilet	0103559e998a25366d6ad971a00c82fb1442081691942e8cd2965ddd8b2aa688	18075	18098	11	2 ЭФФЕКТИВНЫЕ ИНСТИТУТЫ	structural	1	0	
adilet-0189	adilet	0103559e998a25366d6ad971a00c82fb1442081691942e8cd2965ddd8b2aa688	18099	18210	11	2 ЭФФЕКТИВНЫЕ ИНСТИТУТЫ	substantive	0	0	
adilet-0190	adilet	0103559e998a25366d6ad971a00c82fb1442081691942e8cd2965ddd8b2aa688	18211	18359	11	2 ЭФФЕКТИВНЫЕ ИНСТИТУТЫ	substantive	0	0	
adilet-0191	adilet	0103559e998a25366d6ad971a00c82fb1442081691942e8cd2965ddd8b2aa688	18360	18422	11	2 ЭФФЕКТИВНЫЕ ИНСТИТУТЫ	substantive	0	0	
adilet-0192	adilet	0103559e998a25366d6ad971a00c82fb1442081691942e8cd2965ddd8b2aa688	18423	18554	11	2 ЭФФЕКТИВНЫЕ ИНСТИТУТЫ	substantive	0	0	
adilet-0193	adilet	0103559e998a25366d6ad971a00c82fb1442081691942e8cd2965ddd8b2aa688	18555	18704	11	2 ЭФФЕКТИВНЫЕ ИНСТИТУТЫ	substantive	0	0	
adilet-0194	adilet	0103559e998a25366d6ad971a00c82fb1442081691942e8cd2965ddd8b2aa688	18710	18904	11	2 ЭФФЕКТИВНЫЕ ИНСТИТУТЫ	substantive	0	0	
adilet-0195	adilet	0103559e998a25366d6ad971a00c82fb1442081691942e8cd2965ddd8b2aa688	18905	19014	11	2 ЭФФЕКТИВНЫЕ ИНСТИТУТЫ	substantive	0	0	
adilet-0196	adilet	0103559e998a25366d6ad971a00c82fb1442081691942e8cd2965ddd8b2aa688	19015	19193	11	2 ЭФФЕКТИВНЫЕ ИНСТИТУТЫ	substantive	0	0	
adilet-0197	adilet	0103559e998a25366d6ad971a00c82fb1442081691942e8cd2965ddd8b2aa688	19194	19342	11	2 ЭФФЕКТИВНЫЕ ИНСТИТУТЫ	substantive	0	0	
adilet-0198	adilet	0103559e998a25366d6ad971a00c82fb1442081691942e8cd2965ddd8b2aa688	19343	19443	12	2 ЭФФЕКТИВНЫЕ ИНСТИТУТЫ	substantive	0	0	
adilet-0199	adilet	0103559e998a25366d6ad971a00c82fb1442081691942e8cd2965ddd8b2aa688	19444	19592	12	2 ЭФФЕКТИВНЫЕ ИНСТИТУТЫ	substantive	0	0	
adilet-0200	adilet	0103559e998a25366d6ad971a00c82fb1442081691942e8cd2965ddd8b2aa688	19593	19674	12	2 ЭФФЕКТИВНЫЕ ИНСТИТУТЫ	substantive	0	0	
adilet-0201	adilet	0103559e998a25366d6ad971a00c82fb1442081691942e8cd2965ddd8b2aa688	19675	19795	12	2 ЭФФЕКТИВНЫЕ ИНСТИТУТЫ	substantive	0	0	
adilet-0202	adilet	0103559e998a25366d6ad971a00c82fb1442081691942e8cd2965ddd8b2aa688	19796	19904	12	2 ЭФФЕКТИВНЫЕ ИНСТИТУТЫ	substantive	0	0	
adilet-0203	adilet	0103559e998a25366d6ad971a00c82fb1442081691942e8cd2965ddd8b2aa688	19905	19971	12	2 ЭФФЕКТИВНЫЕ ИНСТИТУТЫ / 2.2. Представительная власть и вовлеченность гражданского общества	structural	1	0	
adilet-0204	adilet	0103559e998a25366d6ad971a00c82fb1442081691942e8cd2965ddd8b2aa688	19972	20164	12	2 ЭФФЕКТИВНЫЕ ИНСТИТУТЫ / 2.2. Представительная власть и вовлеченность гражданского общества	substantive	0	0	
adilet-0205	adilet	0103559e998a25366d6ad971a00c82fb1442081691942e8cd2965ddd8b2aa688	20165	20297	12	2 ЭФФЕКТИВНЫЕ ИНСТИТУТЫ / 2.2. Представительная власть и вовлеченность гражданского общества	substantive	0	0	
adilet-0206	adilet	0103559e998a25366d6ad971a00c82fb1442081691942e8cd2965ddd8b2aa688	20298	20388	12	2 ЭФФЕКТИВНЫЕ ИНСТИТУТЫ / 2.2. Представительная власть и вовлеченность гражданского общества	substantive	0	0	
adilet-0207	adilet	0103559e998a25366d6ad971a00c82fb1442081691942e8cd2965ddd8b2aa688	20389	20579	12	2 ЭФФЕКТИВНЫЕ ИНСТИТУТЫ / 2.2. Представительная власть и вовлеченность гражданского общества	substantive	0	0	
adilet-0208	adilet	0103559e998a25366d6ad971a00c82fb1442081691942e8cd2965ddd8b2aa688	20580	20816	12	2 ЭФФЕКТИВНЫЕ ИНСТИТУТЫ / 2.2. Представительная власть и вовлеченность гражданского общества	substantive	0	0	
adilet-0209	adilet	0103559e998a25366d6ad971a00c82fb1442081691942e8cd2965ddd8b2aa688	20817	21003	12	2 ЭФФЕКТИВНЫЕ ИНСТИТУТЫ / 2.2. Представительная власть и вовлеченность гражданского общества	substantive	0	0	
adilet-0210	adilet	0103559e998a25366d6ad971a00c82fb1442081691942e8cd2965ddd8b2aa688	21004	21041	12	2 ЭФФЕКТИВНЫЕ ИНСТИТУТЫ / 2.3. Меритократия и кадровая политика	structural	1	0	
adilet-0211	adilet	0103559e998a25366d6ad971a00c82fb1442081691942e8cd2965ddd8b2aa688	21042	21157	12	2 ЭФФЕКТИВНЫЕ ИНСТИТУТЫ / 2.3. Меритократия и кадровая политика	substantive	0	0	
adilet-0212	adilet	0103559e998a25366d6ad971a00c82fb1442081691942e8cd2965ddd8b2aa688	21158	21371	12	2 ЭФФЕКТИВНЫЕ ИНСТИТУТЫ / 2.3. Меритократия и кадровая политика	substantive	0	0	
adilet-0213	adilet	0103559e998a25366d6ad971a00c82fb1442081691942e8cd2965ddd8b2aa688	21372	21438	12	2 ЭФФЕКТИВНЫЕ ИНСТИТУТЫ / 2.3. Меритократия и кадровая политика	substantive	0	0	
adilet-0214	adilet	0103559e998a25366d6ad971a00c82fb1442081691942e8cd2965ddd8b2aa688	21439	21536	13	2 ЭФФЕКТИВНЫЕ ИНСТИТУТЫ / 2.3. Меритократия и кадровая политика	substantive	0	0	
adilet-0215	adilet	0103559e998a25366d6ad971a00c82fb1442081691942e8cd2965ddd8b2aa688	21537	21649	13	2 ЭФФЕКТИВНЫЕ ИНСТИТУТЫ / 2.3. Меритократия и кадровая политика	substantive	0	0	
adilet-0216	adilet	0103559e998a25366d6ad971a00c82fb1442081691942e8cd2965ddd8b2aa688	21650	21688	13	2 ЭФФЕКТИВНЫЕ ИНСТИТУТЫ / 2.4. Слышащее государство – в действии	structural	1	0	
adilet-0217	adilet	0103559e998a25366d6ad971a00c82fb1442081691942e8cd2965ddd8b2aa688	21689	21827	13	2 ЭФФЕКТИВНЫЕ ИНСТИТУТЫ / 2.4. Слышащее государство – в действии	substantive	0	0	
adilet-0218	adilet	0103559e998a25366d6ad971a00c82fb1442081691942e8cd2965ddd8b2aa688	21828	22003	13	2 ЭФФЕКТИВНЫЕ ИНСТИТУТЫ / 2.4. Слышащее государство – в действии	substantive	0	0	
adilet-0219	adilet	0103559e998a25366d6ad971a00c82fb1442081691942e8cd2965ddd8b2aa688	22004	22137	13	2 ЭФФЕКТИВНЫЕ ИНСТИТУТЫ / 2.4. Слышащее государство – в действии	substantive	0	0	
adilet-0220	adilet	0103559e998a25366d6ad971a00c82fb1442081691942e8cd2965ddd8b2aa688	22138	22229	13	2 ЭФФЕКТИВНЫЕ ИНСТИТУТЫ / 2.4. Слышащее государство – в действии	substantive	0	0	
adilet-0221	adilet	0103559e998a25366d6ad971a00c82fb1442081691942e8cd2965ddd8b2aa688	22230	22525	13	2 ЭФФЕКТИВНЫЕ ИНСТИТУТЫ / 2.4. Слышащее государство – в действии	substantive	0	0	
adilet-0222	adilet	0103559e998a25366d6ad971a00c82fb1442081691942e8cd2965ddd8b2aa688	22526	22581	13	2 ЭФФЕКТИВНЫЕ ИНСТИТУТЫ / 2.4. Слышащее государство – в действии	substantive	0	0	
adilet-0223	adilet	0103559e998a25366d6ad971a00c82fb1442081691942e8cd2965ddd8b2aa688	22582	22784	13	2 ЭФФЕКТИВНЫЕ ИНСТИТУТЫ / 2.4. Слышащее государство – в действии	substantive	0	0	
adilet-0224	adilet	0103559e998a25366d6ad971a00c82fb1442081691942e8cd2965ddd8b2aa688	22785	22966	13	2 ЭФФЕКТИВНЫЕ ИНСТИТУТЫ / 2.4. Слышащее государство – в действии	substantive	0	0	
adilet-0225	adilet	0103559e998a25366d6ad971a00c82fb1442081691942e8cd2965ddd8b2aa688	22967	23081	13	2 ЭФФЕКТИВНЫЕ ИНСТИТУТЫ / 2.4. Слышащее государство – в действии	substantive	0	0	
adilet-0226	adilet	0103559e998a25366d6ad971a00c82fb1442081691942e8cd2965ddd8b2aa688	23082	23138	13	2 ЭФФЕКТИВНЫЕ ИНСТИТУТЫ / 2.4. Слышащее государство – в действии	substantive	1	0	
adilet-0227	adilet	0103559e998a25366d6ad971a00c82fb1442081691942e8cd2965ddd8b2aa688	23139	23214	13	2 ЭФФЕКТИВНЫЕ ИНСТИТУТЫ / 2.4. Слышащее государство – в действии	substantive	1	0	
adilet-0228	adilet	0103559e998a25366d6ad971a00c82fb1442081691942e8cd2965ddd8b2aa688	23215	23350	13	2 ЭФФЕКТИВНЫЕ ИНСТИТУТЫ / 2.4. Слышащее государство – в действии	substantive	0	0	
adilet-0229	adilet	0103559e998a25366d6ad971a00c82fb1442081691942e8cd2965ddd8b2aa688	23351	23390	13	2 ЭФФЕКТИВНЫЕ ИНСТИТУТЫ / 2.4. Слышащее государство – в действии	substantive	0	0	
adilet-0230	adilet	0103559e998a25366d6ad971a00c82fb1442081691942e8cd2965ddd8b2aa688	23391	23498	13	2 ЭФФЕКТИВНЫЕ ИНСТИТУТЫ / 2.4. Слышащее государство – в действии	substantive	0	0	
adilet-0231	adilet	0103559e998a25366d6ad971a00c82fb1442081691942e8cd2965ddd8b2aa688	23499	23596	13	2 ЭФФЕКТИВНЫЕ ИНСТИТУТЫ / 2.4. Слышащее государство – в действии	substantive	0	0	
adilet-0232	adilet	0103559e998a25366d6ad971a00c82fb1442081691942e8cd2965ddd8b2aa688	23597	23657	14	2 ЭФФЕКТИВНЫЕ ИНСТИТУТЫ / 2.4. Слышащее государство – в действии	substantive	0	0	
adilet-0233	adilet	0103559e998a25366d6ad971a00c82fb1442081691942e8cd2965ddd8b2aa688	23658	23769	14	2 ЭФФЕКТИВНЫЕ ИНСТИТУТЫ / 2.4. Слышащее государство – в действии	substantive	0	0	
adilet-0234	adilet	0103559e998a25366d6ad971a00c82fb1442081691942e8cd2965ddd8b2aa688	23770	23918	14	2 ЭФФЕКТИВНЫЕ ИНСТИТУТЫ / 2.4. Слышащее государство – в действии	substantive	0	0	
adilet-0235	adilet	0103559e998a25366d6ad971a00c82fb1442081691942e8cd2965ddd8b2aa688	23919	24152	14	2 ЭФФЕКТИВНЫЕ ИНСТИТУТЫ / 2.4. Слышащее государство – в действии	substantive	0	0	
adilet-0236	adilet	0103559e998a25366d6ad971a00c82fb1442081691942e8cd2965ddd8b2aa688	24153	24280	14	2 ЭФФЕКТИВНЫЕ ИНСТИТУТЫ / 2.4. Слышащее государство – в действии	substantive	0	0	
adilet-0237	adilet	0103559e998a25366d6ad971a00c82fb1442081691942e8cd2965ddd8b2aa688	24281	24443	14	2 ЭФФЕКТИВНЫЕ ИНСТИТУТЫ / 2.4. Слышащее государство – в действии	substantive	0	0	
adilet-0238	adilet	0103559e998a25366d6ad971a00c82fb1442081691942e8cd2965ddd8b2aa688	24444	24494	14	2 ЭФФЕКТИВНЫЕ ИНСТИТУТЫ / 2.4. Слышащее государство – в действии	substantive	0	0	
adilet-0239	adilet	0103559e998a25366d6ad971a00c82fb1442081691942e8cd2965ddd8b2aa688	24495	24713	14	2 ЭФФЕКТИВНЫЕ ИНСТИТУТЫ / 2.4. Слышащее государство – в действии	substantive	0	0	
adilet-0240	adilet	0103559e998a25366d6ad971a00c82fb1442081691942e8cd2965ddd8b2aa688	24714	24819	14	2 ЭФФЕКТИВНЫЕ ИНСТИТУТЫ / 2.4. Слышащее государство – в действии	substantive	0	0	
adilet-0241	adilet	0103559e998a25366d6ad971a00c82fb1442081691942e8cd2965ddd8b2aa688	24820	24933	14	2 ЭФФЕКТИВНЫЕ ИНСТИТУТЫ / 2.4. Слышащее государство – в действии	substantive	0	0	
adilet-0242	adilet	0103559e998a25366d6ad971a00c82fb1442081691942e8cd2965ddd8b2aa688	24934	25171	14	2 ЭФФЕКТИВНЫЕ ИНСТИТУТЫ / 2.4. Слышащее государство – в действии	substantive	0	0	
adilet-0243	adilet	0103559e998a25366d6ad971a00c82fb1442081691942e8cd2965ddd8b2aa688	25172	25246	14	2 ЭФФЕКТИВНЫЕ ИНСТИТУТЫ / 2.4. Слышащее государство – в действии	substantive	0	0	
adilet-0244	adilet	0103559e998a25366d6ad971a00c82fb1442081691942e8cd2965ddd8b2aa688	25247	25255	14	РАЗДЕЛ 3	structural	1	0	
adilet-0245	adilet	0103559e998a25366d6ad971a00c82fb1442081691942e8cd2965ddd8b2aa688	25256	25290	14	3 СИЛЬНЫЕ РЕГИОНЫ – СИЛЬНАЯ СТРАНА	structural	1	0	
adilet-0246	adilet	0103559e998a25366d6ad971a00c82fb1442081691942e8cd2965ddd8b2aa688	25291	25317	14	3 СИЛЬНЫЕ РЕГИОНЫ – СИЛЬНАЯ СТРАНА / 3.1. Региональное развитие	structural	1	0	
adilet-0247	adilet	0103559e998a25366d6ad971a00c82fb1442081691942e8cd2965ddd8b2aa688	25318	25368	14	3 СИЛЬНЫЕ РЕГИОНЫ – СИЛЬНАЯ СТРАНА / 3.1. Региональное развитие	substantive	0	0	
adilet-0248	adilet	0103559e998a25366d6ad971a00c82fb1442081691942e8cd2965ddd8b2aa688	25369	25553	14	3 СИЛЬНЫЕ РЕГИОНЫ – СИЛЬНАЯ СТРАНА / 3.1. Региональное развитие	substantive	0	0	
adilet-0249	adilet	0103559e998a25366d6ad971a00c82fb1442081691942e8cd2965ddd8b2aa688	25554	25743	14	3 СИЛЬНЫЕ РЕГИОНЫ – СИЛЬНАЯ СТРАНА / 3.1. Региональное развитие	substantive	0	0	
adilet-0250	adilet	0103559e998a25366d6ad971a00c82fb1442081691942e8cd2965ddd8b2aa688	25744	25818	15	3 СИЛЬНЫЕ РЕГИОНЫ – СИЛЬНАЯ СТРАНА / 3.1. Региональное развитие	substantive	0	0	
adilet-0251	adilet	0103559e998a25366d6ad971a00c82fb1442081691942e8cd2965ddd8b2aa688	25819	25990	15	3 СИЛЬНЫЕ РЕГИОНЫ – СИЛЬНАЯ СТРАНА / 3.1. Региональное развитие	substantive	0	0	
adilet-0252	adilet	0103559e998a25366d6ad971a00c82fb1442081691942e8cd2965ddd8b2aa688	25991	26123	15	3 СИЛЬНЫЕ РЕГИОНЫ – СИЛЬНАЯ СТРАНА / 3.1. Региональное развитие	substantive	0	0	
adilet-0253	adilet	0103559e998a25366d6ad971a00c82fb1442081691942e8cd2965ddd8b2aa688	26124	26194	15	3 СИЛЬНЫЕ РЕГИОНЫ – СИЛЬНАЯ СТРАНА / 3.1. Региональное развитие	substantive	0	0	
adilet-0254	adilet	0103559e998a25366d6ad971a00c82fb1442081691942e8cd2965ddd8b2aa688	26195	26286	15	3 СИЛЬНЫЕ РЕГИОНЫ – СИЛЬНАЯ СТРАНА / 3.1. Региональное развитие	substantive	0	0	
adilet-0255	adilet	0103559e998a25366d6ad971a00c82fb1442081691942e8cd2965ddd8b2aa688	26287	26366	15	3 СИЛЬНЫЕ РЕГИОНЫ – СИЛЬНАЯ СТРАНА / 3.1. Региональное развитие	substantive	0	0	
adilet-0256	adilet	0103559e998a25366d6ad971a00c82fb1442081691942e8cd2965ddd8b2aa688	26367	26495	15	3 СИЛЬНЫЕ РЕГИОНЫ – СИЛЬНАЯ СТРАНА / 3.1. Региональное развитие	substantive	0	0	
adilet-0257	adilet	0103559e998a25366d6ad971a00c82fb1442081691942e8cd2965ddd8b2aa688	26496	26591	15	3 СИЛЬНЫЕ РЕГИОНЫ – СИЛЬНАЯ СТРАНА / 3.1. Региональное развитие	substantive	0	0	
adilet-0258	adilet	0103559e998a25366d6ad971a00c82fb1442081691942e8cd2965ddd8b2aa688	26592	26701	15	3 СИЛЬНЫЕ РЕГИОНЫ – СИЛЬНАЯ СТРАНА / 3.1. Региональное развитие	substantive	0	0	
adilet-0259	adilet	0103559e998a25366d6ad971a00c82fb1442081691942e8cd2965ddd8b2aa688	26702	26798	15	3 СИЛЬНЫЕ РЕГИОНЫ – СИЛЬНАЯ СТРАНА / 3.1. Региональное развитие	substantive	0	0	
adilet-0260	adilet	0103559e998a25366d6ad971a00c82fb1442081691942e8cd2965ddd8b2aa688	26799	26873	15	3 СИЛЬНЫЕ РЕГИОНЫ – СИЛЬНАЯ СТРАНА / 3.1. Региональное развитие	substantive	0	0	
adilet-0261	adilet	0103559e998a25366d6ad971a00c82fb1442081691942e8cd2965ddd8b2aa688	26874	27043	15	3 СИЛЬНЫЕ РЕГИОНЫ – СИЛЬНАЯ СТРАНА / 3.1. Региональное развитие	substantive	0	0	
adilet-0262	adilet	0103559e998a25366d6ad971a00c82fb1442081691942e8cd2965ddd8b2aa688	27044	27144	15	3 СИЛЬНЫЕ РЕГИОНЫ – СИЛЬНАЯ СТРАНА / 3.1. Региональное развитие	substantive	0	0	
adilet-0263	adilet	0103559e998a25366d6ad971a00c82fb1442081691942e8cd2965ddd8b2aa688	27145	27236	15	3 СИЛЬНЫЕ РЕГИОНЫ – СИЛЬНАЯ СТРАНА / 3.1. Региональное развитие	substantive	0	0	
adilet-0264	adilet	0103559e998a25366d6ad971a00c82fb1442081691942e8cd2965ddd8b2aa688	27237	27385	15	3 СИЛЬНЫЕ РЕГИОНЫ – СИЛЬНАЯ СТРАНА / 3.1. Региональное развитие	substantive	0	0	
adilet-0265	adilet	0103559e998a25366d6ad971a00c82fb1442081691942e8cd2965ddd8b2aa688	27386	27454	15	3 СИЛЬНЫЕ РЕГИОНЫ – СИЛЬНАЯ СТРАНА / 3.1. Региональное развитие	substantive	0	0	
adilet-0266	adilet	0103559e998a25366d6ad971a00c82fb1442081691942e8cd2965ddd8b2aa688	27455	27615	15	3 СИЛЬНЫЕ РЕГИОНЫ – СИЛЬНАЯ СТРАНА / 3.1. Региональное развитие	substantive	0	0	
adilet-0267	adilet	0103559e998a25366d6ad971a00c82fb1442081691942e8cd2965ddd8b2aa688	27616	27679	15	3 СИЛЬНЫЕ РЕГИОНЫ – СИЛЬНАЯ СТРАНА / 3.1. Региональное развитие	substantive	0	0	
adilet-0268	adilet	0103559e998a25366d6ad971a00c82fb1442081691942e8cd2965ddd8b2aa688	27680	27792	15	3 СИЛЬНЫЕ РЕГИОНЫ – СИЛЬНАЯ СТРАНА / 3.1. Региональное развитие	substantive	0	0	
adilet-0269	adilet	0103559e998a25366d6ad971a00c82fb1442081691942e8cd2965ddd8b2aa688	27793	27904	15	3 СИЛЬНЫЕ РЕГИОНЫ – СИЛЬНАЯ СТРАНА / 3.1. Региональное развитие	substantive	0	0	
adilet-0270	adilet	0103559e998a25366d6ad971a00c82fb1442081691942e8cd2965ddd8b2aa688	27905	27997	15	3 СИЛЬНЫЕ РЕГИОНЫ – СИЛЬНАЯ СТРАНА / 3.1. Региональное развитие	substantive	0	0	
adilet-0271	adilet	0103559e998a25366d6ad971a00c82fb1442081691942e8cd2965ddd8b2aa688	27998	28052	15	3 СИЛЬНЫЕ РЕГИОНЫ – СИЛЬНАЯ СТРАНА / 3.1. Региональное развитие	substantive	0	0	
adilet-0272	adilet	0103559e998a25366d6ad971a00c82fb1442081691942e8cd2965ddd8b2aa688	28053	28198	15	3 СИЛЬНЫЕ РЕГИОНЫ – СИЛЬНАЯ СТРАНА / 3.1. Региональное развитие	substantive	0	0	
adilet-0273	adilet	0103559e998a25366d6ad971a00c82fb1442081691942e8cd2965ddd8b2aa688	28199	28272	16	3 СИЛЬНЫЕ РЕГИОНЫ – СИЛЬНАЯ СТРАНА / 3.1. Региональное развитие	substantive	0	0	
adilet-0274	adilet	0103559e998a25366d6ad971a00c82fb1442081691942e8cd2965ddd8b2aa688	28273	28362	16	3 СИЛЬНЫЕ РЕГИОНЫ – СИЛЬНАЯ СТРАНА / 3.1. Региональное развитие	substantive	0	0	
adilet-0275	adilet	0103559e998a25366d6ad971a00c82fb1442081691942e8cd2965ddd8b2aa688	28363	28383	16	3 СИЛЬНЫЕ РЕГИОНЫ – СИЛЬНАЯ СТРАНА / 3.2. Доступное жилье	structural	1	0	
adilet-0276	adilet	0103559e998a25366d6ad971a00c82fb1442081691942e8cd2965ddd8b2aa688	28384	28474	16	3 СИЛЬНЫЕ РЕГИОНЫ – СИЛЬНАЯ СТРАНА / 3.2. Доступное жилье	substantive	0	0	
adilet-0277	adilet	0103559e998a25366d6ad971a00c82fb1442081691942e8cd2965ddd8b2aa688	28475	28553	16	3 СИЛЬНЫЕ РЕГИОНЫ – СИЛЬНАЯ СТРАНА / 3.2. Доступное жилье	substantive	1	0	
adilet-0278	adilet	0103559e998a25366d6ad971a00c82fb1442081691942e8cd2965ddd8b2aa688	28554	28670	16	3 СИЛЬНЫЕ РЕГИОНЫ – СИЛЬНАЯ СТРАНА / 3.2. Доступное жилье	substantive	0	0	
adilet-0279	adilet	0103559e998a25366d6ad971a00c82fb1442081691942e8cd2965ddd8b2aa688	28671	28838	16	3 СИЛЬНЫЕ РЕГИОНЫ – СИЛЬНАЯ СТРАНА / 3.2. Доступное жилье	substantive	1	0	
adilet-0280	adilet	0103559e998a25366d6ad971a00c82fb1442081691942e8cd2965ddd8b2aa688	28839	28858	16	30КВАДРАТНЫХ МЕТРОВ	structural	1	0	
adilet-0281	adilet	0103559e998a25366d6ad971a00c82fb1442081691942e8cd2965ddd8b2aa688	28859	28965	16	30КВАДРАТНЫХ МЕТРОВ	substantive	1	0	
adilet-0282	adilet	0103559e998a25366d6ad971a00c82fb1442081691942e8cd2965ddd8b2aa688	28966	29103	16	30КВАДРАТНЫХ МЕТРОВ	substantive	0	0	
adilet-0283	adilet	0103559e998a25366d6ad971a00c82fb1442081691942e8cd2965ddd8b2aa688	29104	29256	16	30КВАДРАТНЫХ МЕТРОВ	substantive	0	0	
adilet-0284	adilet	0103559e998a25366d6ad971a00c82fb1442081691942e8cd2965ddd8b2aa688	29257	29383	16	30КВАДРАТНЫХ МЕТРОВ	substantive	0	0	
adilet-0285	adilet	0103559e998a25366d6ad971a00c82fb1442081691942e8cd2965ddd8b2aa688	29384	29515	16	30КВАДРАТНЫХ МЕТРОВ	substantive	0	0	
adilet-0286	adilet	0103559e998a25366d6ad971a00c82fb1442081691942e8cd2965ddd8b2aa688	29516	29677	16	30КВАДРАТНЫХ МЕТРОВ	substantive	0	0	
adilet-0287	adilet	0103559e998a25366d6ad971a00c82fb1442081691942e8cd2965ddd8b2aa688	29678	29719	16	30КВАДРАТНЫХ МЕТРОВ	substantive	0	0	
adilet-0288	adilet	0103559e998a25366d6ad971a00c82fb1442081691942e8cd2965ddd8b2aa688	29720	29905	16	30КВАДРАТНЫХ МЕТРОВ	substantive	0	0	
adilet-0289	adilet	0103559e998a25366d6ad971a00c82fb1442081691942e8cd2965ddd8b2aa688	29906	29911	16	30ТЫС	structural	1	0	
adilet-0290	adilet	0103559e998a25366d6ad971a00c82fb1442081691942e8cd2965ddd8b2aa688	29912	29973	16	30ТЫС	substantive	0	0	
adilet-0291	adilet	0103559e998a25366d6ad971a00c82fb1442081691942e8cd2965ddd8b2aa688	29974	30050	16	30ТЫС	substantive	1	0	
adilet-0292	adilet	0103559e998a25366d6ad971a00c82fb1442081691942e8cd2965ddd8b2aa688	30051	30200	16	30ТЫС	substantive	1	0	
adilet-0293	adilet	0103559e998a25366d6ad971a00c82fb1442081691942e8cd2965ddd8b2aa688	30201	30399	17	30ТЫС	substantive	1	0	
adilet-0294	adilet	0103559e998a25366d6ad971a00c82fb1442081691942e8cd2965ddd8b2aa688	30400	30540	17	30ТЫС	substantive	0	0	
adilet-0295	adilet	0103559e998a25366d6ad971a00c82fb1442081691942e8cd2965ddd8b2aa688	30541	30621	17	30ТЫС	substantive	0	0	
adilet-0296	adilet	0103559e998a25366d6ad971a00c82fb1442081691942e8cd2965ddd8b2aa688	30622	30764	17	30ТЫС	substantive	0	0	
adilet-0297	adilet	0103559e998a25366d6ad971a00c82fb1442081691942e8cd2965ddd8b2aa688	30765	30807	17	30ТЫС	substantive	0	0	
adilet-0298	adilet	0103559e998a25366d6ad971a00c82fb1442081691942e8cd2965ddd8b2aa688	30808	30941	17	30ТЫС	substantive	0	0	
adilet-0299	adilet	0103559e998a25366d6ad971a00c82fb1442081691942e8cd2965ddd8b2aa688	30942	31123	17	30ТЫС	substantive	0	0	
adilet-0300	adilet	0103559e998a25366d6ad971a00c82fb1442081691942e8cd2965ddd8b2aa688	31124	31166	17	30ТЫС / 3.3. Модернизация ЖКХ и коммунальных сетей	structural	1	0	
adilet-0301	adilet	0103559e998a25366d6ad971a00c82fb1442081691942e8cd2965ddd8b2aa688	31167	31237	17	30ТЫС / 3.3. Модернизация ЖКХ и коммунальных сетей	substantive	0	0	
adilet-0302	adilet	0103559e998a25366d6ad971a00c82fb1442081691942e8cd2965ddd8b2aa688	31238	31326	17	30ТЫС / 3.3. Модернизация ЖКХ и коммунальных сетей	substantive	0	0	
adilet-0303	adilet	0103559e998a25366d6ad971a00c82fb1442081691942e8cd2965ddd8b2aa688	31327	31416	17	30ТЫС / 3.3. Модернизация ЖКХ и коммунальных сетей	substantive	0	0	
adilet-0304	adilet	0103559e998a25366d6ad971a00c82fb1442081691942e8cd2965ddd8b2aa688	31417	31422	17	86ТЫС	structural	1	0	
adilet-0305	adilet	0103559e998a25366d6ad971a00c82fb1442081691942e8cd2965ddd8b2aa688	31423	31509	17	86ТЫС	substantive	0	0	
adilet-0306	adilet	0103559e998a25366d6ad971a00c82fb1442081691942e8cd2965ddd8b2aa688	31510	31633	17	86ТЫС	substantive	1	1	
adilet-0307	adilet	0103559e998a25366d6ad971a00c82fb1442081691942e8cd2965ddd8b2aa688	31634	31698	17	86ТЫС	substantive	1	1	
adilet-0308	adilet	0103559e998a25366d6ad971a00c82fb1442081691942e8cd2965ddd8b2aa688	31699	31781	17	86ТЫС	substantive	0	0	
adilet-0309	adilet	0103559e998a25366d6ad971a00c82fb1442081691942e8cd2965ddd8b2aa688	31782	31914	17	86ТЫС	substantive	0	0	
adilet-0310	adilet	0103559e998a25366d6ad971a00c82fb1442081691942e8cd2965ddd8b2aa688	31915	31997	17	86ТЫС	substantive	0	0	
adilet-0311	adilet	0103559e998a25366d6ad971a00c82fb1442081691942e8cd2965ddd8b2aa688	31998	32099	17	86ТЫС	substantive	0	0	
adilet-0312	adilet	0103559e998a25366d6ad971a00c82fb1442081691942e8cd2965ddd8b2aa688	32100	32195	17	86ТЫС	substantive	0	0	
adilet-0313	adilet	0103559e998a25366d6ad971a00c82fb1442081691942e8cd2965ddd8b2aa688	32196	32275	17	86ТЫС	substantive	0	0	
adilet-0314	adilet	0103559e998a25366d6ad971a00c82fb1442081691942e8cd2965ddd8b2aa688	32276	32351	17	86ТЫС	substantive	0	0	
adilet-0315	adilet	0103559e998a25366d6ad971a00c82fb1442081691942e8cd2965ddd8b2aa688	32352	32408	18	86ТЫС	substantive	0	0	
adilet-0316	adilet	0103559e998a25366d6ad971a00c82fb1442081691942e8cd2965ddd8b2aa688	32409	32533	18	86ТЫС	substantive	0	0	
adilet-0317	adilet	0103559e998a25366d6ad971a00c82fb1442081691942e8cd2965ddd8b2aa688	32534	32632	18	86ТЫС	substantive	0	0	
adilet-0318	adilet	0103559e998a25366d6ad971a00c82fb1442081691942e8cd2965ddd8b2aa688	32633	32771	18	86ТЫС	substantive	0	0	
adilet-0319	adilet	0103559e998a25366d6ad971a00c82fb1442081691942e8cd2965ddd8b2aa688	32772	32838	18	86ТЫС / 3.4. Развитие транспортной инфраструктуры и транзитного потенциала	structural	1	0	
adilet-0320	adilet	0103559e998a25366d6ad971a00c82fb1442081691942e8cd2965ddd8b2aa688	32839	32983	18	86ТЫС / 3.4. Развитие транспортной инфраструктуры и транзитного потенциала	substantive	0	0	
adilet-0321	adilet	0103559e998a25366d6ad971a00c82fb1442081691942e8cd2965ddd8b2aa688	32984	32990	18	10 ТЫС	structural	1	0	
adilet-0322	adilet	0103559e998a25366d6ad971a00c82fb1442081691942e8cd2965ddd8b2aa688	32991	33070	18	10 ТЫС	substantive	1	1	
adilet-0323	adilet	0103559e998a25366d6ad971a00c82fb1442081691942e8cd2965ddd8b2aa688	33071	33167	18	10 ТЫС	substantive	0	0	
adilet-0324	adilet	0103559e998a25366d6ad971a00c82fb1442081691942e8cd2965ddd8b2aa688	33168	33301	18	10 ТЫС	substantive	0	0	
adilet-0325	adilet	0103559e998a25366d6ad971a00c82fb1442081691942e8cd2965ddd8b2aa688	33302	33371	18	10 ТЫС	substantive	0	0	
adilet-0326	adilet	0103559e998a25366d6ad971a00c82fb1442081691942e8cd2965ddd8b2aa688	33372	33513	18	10 ТЫС	substantive	0	0	
adilet-0327	adilet	0103559e998a25366d6ad971a00c82fb1442081691942e8cd2965ddd8b2aa688	33514	33612	18	10 ТЫС	substantive	0	0	
adilet-0328	adilet	0103559e998a25366d6ad971a00c82fb1442081691942e8cd2965ddd8b2aa688	33613	33740	18	10 ТЫС	substantive	0	0	
adilet-0329	adilet	0103559e998a25366d6ad971a00c82fb1442081691942e8cd2965ddd8b2aa688	33741	33874	18	10 ТЫС	substantive	0	0	
adilet-0330	adilet	0103559e998a25366d6ad971a00c82fb1442081691942e8cd2965ddd8b2aa688	33875	33942	18	10 ТЫС	substantive	0	0	
adilet-0331	adilet	0103559e998a25366d6ad971a00c82fb1442081691942e8cd2965ddd8b2aa688	33943	34066	18	10 ТЫС	substantive	0	0	
adilet-0332	adilet	0103559e998a25366d6ad971a00c82fb1442081691942e8cd2965ddd8b2aa688	34067	34144	18	10 ТЫС	substantive	0	0	
adilet-0333	adilet	0103559e998a25366d6ad971a00c82fb1442081691942e8cd2965ddd8b2aa688	34145	34282	18	10 ТЫС	substantive	0	0	
adilet-0334	adilet	0103559e998a25366d6ad971a00c82fb1442081691942e8cd2965ddd8b2aa688	34283	34355	18	10 ТЫС	substantive	0	0	
adilet-0335	adilet	0103559e998a25366d6ad971a00c82fb1442081691942e8cd2965ddd8b2aa688	34356	34543	18	10 ТЫС	substantive	0	0	
adilet-0336	adilet	0103559e998a25366d6ad971a00c82fb1442081691942e8cd2965ddd8b2aa688	34544	34605	19	10 ТЫС	substantive	0	0	
adilet-0337	adilet	0103559e998a25366d6ad971a00c82fb1442081691942e8cd2965ddd8b2aa688	34606	34927	19	10 ТЫС	substantive	0	0	
adilet-0338	adilet	0103559e998a25366d6ad971a00c82fb1442081691942e8cd2965ddd8b2aa688	34928	34961	19	10 ТЫС / 3.5. Развитие сельских территорий	structural	1	0	
adilet-0339	adilet	0103559e998a25366d6ad971a00c82fb1442081691942e8cd2965ddd8b2aa688	34962	35103	19	10 ТЫС / 3.5. Развитие сельских территорий	substantive	0	0	
adilet-0340	adilet	0103559e998a25366d6ad971a00c82fb1442081691942e8cd2965ddd8b2aa688	35104	35221	19	10 ТЫС / 3.5. Развитие сельских территорий	substantive	0	0	
adilet-0341	adilet	0103559e998a25366d6ad971a00c82fb1442081691942e8cd2965ddd8b2aa688	35222	35340	19	10 ТЫС / 3.5. Развитие сельских территорий	substantive	1	0	
adilet-0342	adilet	0103559e998a25366d6ad971a00c82fb1442081691942e8cd2965ddd8b2aa688	35341	35403	19	10 ТЫС / 3.5. Развитие сельских территорий	substantive	0	0	
adilet-0343	adilet	0103559e998a25366d6ad971a00c82fb1442081691942e8cd2965ddd8b2aa688	35404	35569	19	10 ТЫС / 3.5. Развитие сельских территорий	substantive	1	1	
adilet-0344	adilet	0103559e998a25366d6ad971a00c82fb1442081691942e8cd2965ddd8b2aa688	35570	35663	19	10 ТЫС / 3.5. Развитие сельских территорий	substantive	1	0	
adilet-0345	adilet	0103559e998a25366d6ad971a00c82fb1442081691942e8cd2965ddd8b2aa688	35664	35714	19	10 ТЫС / 3.5. Развитие сельских территорий	substantive	0	0	
adilet-0346	adilet	0103559e998a25366d6ad971a00c82fb1442081691942e8cd2965ddd8b2aa688	35715	35836	19	10 ТЫС / 3.5. Развитие сельских территорий	substantive	0	0	
adilet-0347	adilet	0103559e998a25366d6ad971a00c82fb1442081691942e8cd2965ddd8b2aa688	35837	36026	19	10 ТЫС / 3.5. Развитие сельских территорий	substantive	0	0	
adilet-0348	adilet	0103559e998a25366d6ad971a00c82fb1442081691942e8cd2965ddd8b2aa688	36027	36172	19	10 ТЫС / 3.5. Развитие сельских территорий	substantive	0	0	
adilet-0349	adilet	0103559e998a25366d6ad971a00c82fb1442081691942e8cd2965ddd8b2aa688	36173	36310	19	10 ТЫС / 3.5. Развитие сельских территорий	substantive	0	0	
adilet-0350	adilet	0103559e998a25366d6ad971a00c82fb1442081691942e8cd2965ddd8b2aa688	36311	36366	19	10 ТЫС / 3.5. Развитие сельских территорий	substantive	0	0	
adilet-0351	adilet	0103559e998a25366d6ad971a00c82fb1442081691942e8cd2965ddd8b2aa688	36367	36541	19	10 ТЫС / 3.5. Развитие сельских территорий	substantive	0	0	
adilet-0352	adilet	0103559e998a25366d6ad971a00c82fb1442081691942e8cd2965ddd8b2aa688	36542	36749	20	10 ТЫС / 3.5. Развитие сельских территорий	substantive	0	0	
adilet-0353	adilet	0103559e998a25366d6ad971a00c82fb1442081691942e8cd2965ddd8b2aa688	36750	36802	20	10 ТЫС / 3.5. Развитие сельских территорий	substantive	0	0	
adilet-0354	adilet	0103559e998a25366d6ad971a00c82fb1442081691942e8cd2965ddd8b2aa688	36803	36913	20	10 ТЫС / 3.5. Развитие сельских территорий	substantive	0	0	
adilet-0355	adilet	0103559e998a25366d6ad971a00c82fb1442081691942e8cd2965ddd8b2aa688	36914	36978	20	10 ТЫС / 3.5. Развитие сельских территорий	substantive	0	0	
adilet-0356	adilet	0103559e998a25366d6ad971a00c82fb1442081691942e8cd2965ddd8b2aa688	36979	37104	20	10 ТЫС / 3.5. Развитие сельских территорий	substantive	0	0	
adilet-0357	adilet	0103559e998a25366d6ad971a00c82fb1442081691942e8cd2965ddd8b2aa688	37105	37169	20	10 ТЫС / 3.5. Развитие сельских территорий	substantive	1	0	
adilet-0358	adilet	0103559e998a25366d6ad971a00c82fb1442081691942e8cd2965ddd8b2aa688	37170	37325	20	10 ТЫС / 3.5. Развитие сельских территорий	substantive	0	0	
adilet-0359	adilet	0103559e998a25366d6ad971a00c82fb1442081691942e8cd2965ddd8b2aa688	37326	37427	20	10 ТЫС / 3.5. Развитие сельских территорий	substantive	0	0	
adilet-0360	adilet	0103559e998a25366d6ad971a00c82fb1442081691942e8cd2965ddd8b2aa688	37428	37557	20	10 ТЫС / 3.5. Развитие сельских территорий	substantive	0	0	
adilet-0361	adilet	0103559e998a25366d6ad971a00c82fb1442081691942e8cd2965ddd8b2aa688	37558	37646	20	10 ТЫС / 3.5. Развитие сельских территорий	substantive	1	0	
adilet-0362	adilet	0103559e998a25366d6ad971a00c82fb1442081691942e8cd2965ddd8b2aa688	37647	37734	20	10 ТЫС / 3.5. Развитие сельских территорий	substantive	0	0	
adilet-0363	adilet	0103559e998a25366d6ad971a00c82fb1442081691942e8cd2965ddd8b2aa688	37735	37811	20	10 ТЫС / 3.5. Развитие сельских территорий	substantive	0	0	
adilet-0364	adilet	0103559e998a25366d6ad971a00c82fb1442081691942e8cd2965ddd8b2aa688	37812	37917	20	10 ТЫС / 3.5. Развитие сельских территорий	substantive	0	0	
adilet-0365	adilet	0103559e998a25366d6ad971a00c82fb1442081691942e8cd2965ddd8b2aa688	37918	37981	20	10 ТЫС / 3.5. Развитие сельских территорий	substantive	0	0	
adilet-0366	adilet	0103559e998a25366d6ad971a00c82fb1442081691942e8cd2965ddd8b2aa688	37982	38114	20	10 ТЫС / 3.5. Развитие сельских территорий	substantive	0	0	
adilet-0367	adilet	0103559e998a25366d6ad971a00c82fb1442081691942e8cd2965ddd8b2aa688	38115	38170	20	10 ТЫС / 3.5. Развитие сельских территорий	substantive	0	0	
adilet-0368	adilet	0103559e998a25366d6ad971a00c82fb1442081691942e8cd2965ddd8b2aa688	38171	38325	20	10 ТЫС / 3.5. Развитие сельских территорий	substantive	0	0	
adilet-0369	adilet	0103559e998a25366d6ad971a00c82fb1442081691942e8cd2965ddd8b2aa688	38326	38412	20	10 ТЫС / 3.5. Развитие сельских территорий	substantive	0	0	
adilet-0370	adilet	0103559e998a25366d6ad971a00c82fb1442081691942e8cd2965ddd8b2aa688	38413	38499	20	10 ТЫС / 3.5. Развитие сельских территорий	substantive	0	0	
adilet-0371	adilet	0103559e998a25366d6ad971a00c82fb1442081691942e8cd2965ddd8b2aa688	38500	38577	20	10 ТЫС / 3.5. Развитие сельских территорий	substantive	0	0	
adilet-0372	adilet	0103559e998a25366d6ad971a00c82fb1442081691942e8cd2965ddd8b2aa688	38578	38692	20	10 ТЫС / 3.5. Развитие сельских территорий	substantive	0	0	
adilet-0373	adilet	0103559e998a25366d6ad971a00c82fb1442081691942e8cd2965ddd8b2aa688	38693	38701	21	РАЗДЕЛ 4	structural	1	0	
adilet-0374	adilet	0103559e998a25366d6ad971a00c82fb1442081691942e8cd2965ddd8b2aa688	38702	38730	21	4 СПРАВЕДЛИВАЯ, КОНКУРЕНТНАЯ	structural	1	0	
adilet-0375	adilet	0103559e998a25366d6ad971a00c82fb1442081691942e8cd2965ddd8b2aa688	38731	38740	21	ЭКОНОМИКА	structural	0	0	
adilet-0376	adilet	0103559e998a25366d6ad971a00c82fb1442081691942e8cd2965ddd8b2aa688	38741	38797	21	ЭКОНОМИКА	lead_in	0	0	
adilet-0377	adilet	0103559e998a25366d6ad971a00c82fb1442081691942e8cd2965ddd8b2aa688	38798	38915	21	ЭКОНОМИКА	substantive	0	0	Мы открыто называем то, против чего боремся в экономике:
adilet-0378	adilet	0103559e998a25366d6ad971a00c82fb1442081691942e8cd2965ddd8b2aa688	38916	39011	21	ЭКОНОМИКА	substantive	0	0	Мы открыто называем то, против чего боремся в экономике:
adilet-0379	adilet	0103559e998a25366d6ad971a00c82fb1442081691942e8cd2965ddd8b2aa688	39012	39077	21	ЭКОНОМИКА	substantive	0	0	
adilet-0380	adilet	0103559e998a25366d6ad971a00c82fb1442081691942e8cd2965ddd8b2aa688	39078	39237	21	ЭКОНОМИКА	substantive	0	0	
adilet-0381	adilet	0103559e998a25366d6ad971a00c82fb1442081691942e8cd2965ddd8b2aa688	39238	39294	21	ЭКОНОМИКА / 4.1. Индустриальная политика: производить, а не добывать	structural	1	0	
adilet-0382	adilet	0103559e998a25366d6ad971a00c82fb1442081691942e8cd2965ddd8b2aa688	39295	39465	21	ЭКОНОМИКА / 4.1. Индустриальная политика: производить, а не добывать	substantive	1	0	
adilet-0383	adilet	0103559e998a25366d6ad971a00c82fb1442081691942e8cd2965ddd8b2aa688	39466	39630	21	ЭКОНОМИКА / 4.1. Индустриальная политика: производить, а не добывать	substantive	0	0	
adilet-0384	adilet	0103559e998a25366d6ad971a00c82fb1442081691942e8cd2965ddd8b2aa688	39631	39759	21	ЭКОНОМИКА / 4.1. Индустриальная политика: производить, а не добывать	substantive	0	0	
adilet-0385	adilet	0103559e998a25366d6ad971a00c82fb1442081691942e8cd2965ddd8b2aa688	39760	39806	21	ЭКОНОМИКА / 4.1. Индустриальная политика: производить, а не добывать	substantive	0	0	
adilet-0386	adilet	0103559e998a25366d6ad971a00c82fb1442081691942e8cd2965ddd8b2aa688	39807	39973	21	ЭКОНОМИКА / 4.1. Индустриальная политика: производить, а не добывать	substantive	0	0	
adilet-0387	adilet	0103559e998a25366d6ad971a00c82fb1442081691942e8cd2965ddd8b2aa688	39974	40085	21	ЭКОНОМИКА / 4.1. Индустриальная политика: производить, а не добывать	substantive	0	0	
adilet-0388	adilet	0103559e998a25366d6ad971a00c82fb1442081691942e8cd2965ddd8b2aa688	40086	40196	21	ЭКОНОМИКА / 4.1. Индустриальная политика: производить, а не добывать	substantive	0	0	
adilet-0389	adilet	0103559e998a25366d6ad971a00c82fb1442081691942e8cd2965ddd8b2aa688	40197	40287	21	ЭКОНОМИКА / 4.1. Индустриальная политика: производить, а не добывать	substantive	0	0	
adilet-0390	adilet	0103559e998a25366d6ad971a00c82fb1442081691942e8cd2965ddd8b2aa688	40288	40336	21	ЭКОНОМИКА / 4.1. Индустриальная политика: производить, а не добывать	substantive	0	0	
adilet-0391	adilet	0103559e998a25366d6ad971a00c82fb1442081691942e8cd2965ddd8b2aa688	40337	40534	21	ЭКОНОМИКА / 4.1. Индустриальная политика: производить, а не добывать	substantive	0	0	
adilet-0392	adilet	0103559e998a25366d6ad971a00c82fb1442081691942e8cd2965ddd8b2aa688	40535	40605	22	ЭКОНОМИКА / 4.1. Индустриальная политика: производить, а не добывать	substantive	0	0	
adilet-0393	adilet	0103559e998a25366d6ad971a00c82fb1442081691942e8cd2965ddd8b2aa688	40606	40747	22	ЭКОНОМИКА / 4.1. Индустриальная политика: производить, а не добывать	substantive	0	0	
adilet-0394	adilet	0103559e998a25366d6ad971a00c82fb1442081691942e8cd2965ddd8b2aa688	40748	40912	22	ЭКОНОМИКА / 4.1. Индустриальная политика: производить, а не добывать	substantive	0	0	
adilet-0395	adilet	0103559e998a25366d6ad971a00c82fb1442081691942e8cd2965ddd8b2aa688	40913	41018	22	ЭКОНОМИКА / 4.1. Индустриальная политика: производить, а не добывать	substantive	0	0	
adilet-0396	adilet	0103559e998a25366d6ad971a00c82fb1442081691942e8cd2965ddd8b2aa688	41019	41192	22	ЭКОНОМИКА / 4.1. Индустриальная политика: производить, а не добывать	substantive	0	0	
adilet-0397	adilet	0103559e998a25366d6ad971a00c82fb1442081691942e8cd2965ddd8b2aa688	41193	41318	22	ЭКОНОМИКА / 4.1. Индустриальная политика: производить, а не добывать	substantive	0	0	
adilet-0398	adilet	0103559e998a25366d6ad971a00c82fb1442081691942e8cd2965ddd8b2aa688	41319	41414	22	ЭКОНОМИКА / 4.1. Индустриальная политика: производить, а не добывать	substantive	0	0	
adilet-0399	adilet	0103559e998a25366d6ad971a00c82fb1442081691942e8cd2965ddd8b2aa688	41415	41541	22	ЭКОНОМИКА / 4.1. Индустриальная политика: производить, а не добывать	substantive	0	0	
adilet-0400	adilet	0103559e998a25366d6ad971a00c82fb1442081691942e8cd2965ddd8b2aa688	41542	41583	22	ЭКОНОМИКА / 4.1. Индустриальная политика: производить, а не добывать	substantive	0	0	
adilet-0401	adilet	0103559e998a25366d6ad971a00c82fb1442081691942e8cd2965ddd8b2aa688	41584	41806	22	ЭКОНОМИКА / 4.1. Индустриальная политика: производить, а не добывать	substantive	0	0	
adilet-0402	adilet	0103559e998a25366d6ad971a00c82fb1442081691942e8cd2965ddd8b2aa688	41807	41867	22	ЭКОНОМИКА / 4.1. Индустриальная политика: производить, а не добывать	substantive	0	0	
adilet-0403	adilet	0103559e998a25366d6ad971a00c82fb1442081691942e8cd2965ddd8b2aa688	41868	42077	22	ЭКОНОМИКА / 4.1. Индустриальная политика: производить, а не добывать	substantive	0	0	
adilet-0404	adilet	0103559e998a25366d6ad971a00c82fb1442081691942e8cd2965ddd8b2aa688	42078	42282	22	ЭКОНОМИКА / 4.1. Индустриальная политика: производить, а не добывать	substantive	0	0	
adilet-0405	adilet	0103559e998a25366d6ad971a00c82fb1442081691942e8cd2965ddd8b2aa688	42283	42341	22	ЭКОНОМИКА / 4.1. Индустриальная политика: производить, а не добывать	substantive	0	0	
adilet-0406	adilet	0103559e998a25366d6ad971a00c82fb1442081691942e8cd2965ddd8b2aa688	42342	42450	22	ЭКОНОМИКА / 4.1. Индустриальная политика: производить, а не добывать	substantive	0	0	
adilet-0407	adilet	0103559e998a25366d6ad971a00c82fb1442081691942e8cd2965ddd8b2aa688	42451	42589	22	ЭКОНОМИКА / 4.1. Индустриальная политика: производить, а не добывать	substantive	0	0	
adilet-0408	adilet	0103559e998a25366d6ad971a00c82fb1442081691942e8cd2965ddd8b2aa688	42590	42612	22	ЭКОНОМИКА / 4.2. Торговая политика	structural	1	0	
adilet-0409	adilet	0103559e998a25366d6ad971a00c82fb1442081691942e8cd2965ddd8b2aa688	42613	42664	22	ЭКОНОМИКА / 4.2. Торговая политика	substantive	0	0	
adilet-0410	adilet	0103559e998a25366d6ad971a00c82fb1442081691942e8cd2965ddd8b2aa688	42665	42793	22	ЭКОНОМИКА / 4.2. Торговая политика	substantive	0	0	
adilet-0411	adilet	0103559e998a25366d6ad971a00c82fb1442081691942e8cd2965ddd8b2aa688	42794	42938	22	ЭКОНОМИКА / 4.2. Торговая политика	substantive	0	0	
adilet-0412	adilet	0103559e998a25366d6ad971a00c82fb1442081691942e8cd2965ddd8b2aa688	42939	43058	23	ЭКОНОМИКА / 4.2. Торговая политика	substantive	0	0	
adilet-0413	adilet	0103559e998a25366d6ad971a00c82fb1442081691942e8cd2965ddd8b2aa688	43059	43178	23	ЭКОНОМИКА / 4.2. Торговая политика	substantive	0	0	
adilet-0414	adilet	0103559e998a25366d6ad971a00c82fb1442081691942e8cd2965ddd8b2aa688	43179	43242	23	ЭКОНОМИКА / 4.2. Торговая политика	substantive	0	0	
adilet-0415	adilet	0103559e998a25366d6ad971a00c82fb1442081691942e8cd2965ddd8b2aa688	43243	43373	23	ЭКОНОМИКА / 4.2. Торговая политика	substantive	0	0	
adilet-0416	adilet	0103559e998a25366d6ad971a00c82fb1442081691942e8cd2965ddd8b2aa688	43374	43472	23	ЭКОНОМИКА / 4.2. Торговая политика	substantive	0	0	
adilet-0417	adilet	0103559e998a25366d6ad971a00c82fb1442081691942e8cd2965ddd8b2aa688	43473	43553	23	ЭКОНОМИКА / 4.2. Торговая политика	substantive	0	0	
adilet-0418	adilet	0103559e998a25366d6ad971a00c82fb1442081691942e8cd2965ddd8b2aa688	43554	43731	23	ЭКОНОМИКА / 4.2. Торговая политика	substantive	0	0	
adilet-0419	adilet	0103559e998a25366d6ad971a00c82fb1442081691942e8cd2965ddd8b2aa688	43732	43846	23	ЭКОНОМИКА / 4.2. Торговая политика	substantive	0	0	
adilet-0420	adilet	0103559e998a25366d6ad971a00c82fb1442081691942e8cd2965ddd8b2aa688	43847	43885	23	ЭКОНОМИКА / 4.2. Торговая политика	substantive	0	0	
adilet-0421	adilet	0103559e998a25366d6ad971a00c82fb1442081691942e8cd2965ddd8b2aa688	43886	44053	23	ЭКОНОМИКА / 4.2. Торговая политика	substantive	0	0	
adilet-0422	adilet	0103559e998a25366d6ad971a00c82fb1442081691942e8cd2965ddd8b2aa688	44054	44105	23	ЭКОНОМИКА / 4.2. Торговая политика	substantive	0	0	
adilet-0423	adilet	0103559e998a25366d6ad971a00c82fb1442081691942e8cd2965ddd8b2aa688	44106	44269	23	ЭКОНОМИКА / 4.2. Торговая политика	substantive	0	0	
adilet-0424	adilet	0103559e998a25366d6ad971a00c82fb1442081691942e8cd2965ddd8b2aa688	44270	44356	23	ЭКОНОМИКА / 4.2. Торговая политика	substantive	0	0	
adilet-0425	adilet	0103559e998a25366d6ad971a00c82fb1442081691942e8cd2965ddd8b2aa688	44357	44482	23	ЭКОНОМИКА / 4.2. Торговая политика	substantive	0	0	
adilet-0426	adilet	0103559e998a25366d6ad971a00c82fb1442081691942e8cd2965ddd8b2aa688	44483	44539	23	ЭКОНОМИКА / 4.2. Торговая политика	substantive	0	0	
adilet-0427	adilet	0103559e998a25366d6ad971a00c82fb1442081691942e8cd2965ddd8b2aa688	44540	44773	23	ЭКОНОМИКА / 4.2. Торговая политика	substantive	0	0	
adilet-0428	adilet	0103559e998a25366d6ad971a00c82fb1442081691942e8cd2965ddd8b2aa688	44774	44919	23	ЭКОНОМИКА / 4.2. Торговая политика	substantive	0	0	
adilet-0429	adilet	0103559e998a25366d6ad971a00c82fb1442081691942e8cd2965ddd8b2aa688	44920	45008	23	ЭКОНОМИКА / 4.2. Торговая политика	substantive	0	0	
adilet-0430	adilet	0103559e998a25366d6ad971a00c82fb1442081691942e8cd2965ddd8b2aa688	45009	45106	23	ЭКОНОМИКА / 4.2. Торговая политика	substantive	0	0	
adilet-0431	adilet	0103559e998a25366d6ad971a00c82fb1442081691942e8cd2965ddd8b2aa688	45107	45186	23	ЭКОНОМИКА / 4.2. Торговая политика	substantive	0	0	
adilet-0432	adilet	0103559e998a25366d6ad971a00c82fb1442081691942e8cd2965ddd8b2aa688	45187	45339	23	ЭКОНОМИКА / 4.2. Торговая политика	substantive	0	0	
adilet-0433	adilet	0103559e998a25366d6ad971a00c82fb1442081691942e8cd2965ddd8b2aa688	45340	45426	24	ЭКОНОМИКА / 4.2. Торговая политика	substantive	0	0	
adilet-0434	adilet	0103559e998a25366d6ad971a00c82fb1442081691942e8cd2965ddd8b2aa688	45427	45549	24	ЭКОНОМИКА / 4.2. Торговая политика	substantive	0	0	
adilet-0435	adilet	0103559e998a25366d6ad971a00c82fb1442081691942e8cd2965ddd8b2aa688	45550	45606	24	ЭКОНОМИКА / 4.3. Инвестиционная привлекательность и финансовый рынок	structural	1	0	
adilet-0436	adilet	0103559e998a25366d6ad971a00c82fb1442081691942e8cd2965ddd8b2aa688	45607	45716	24	ЭКОНОМИКА / 4.3. Инвестиционная привлекательность и финансовый рынок	substantive	0	0	
adilet-0437	adilet	0103559e998a25366d6ad971a00c82fb1442081691942e8cd2965ddd8b2aa688	45717	45863	24	ЭКОНОМИКА / 4.3. Инвестиционная привлекательность и финансовый рынок	substantive	0	0	
adilet-0438	adilet	0103559e998a25366d6ad971a00c82fb1442081691942e8cd2965ddd8b2aa688	45864	46014	24	ЭКОНОМИКА / 4.3. Инвестиционная привлекательность и финансовый рынок	substantive	0	0	
adilet-0439	adilet	0103559e998a25366d6ad971a00c82fb1442081691942e8cd2965ddd8b2aa688	46015	46061	24	ЭКОНОМИКА / 4.3. Инвестиционная привлекательность и финансовый рынок	substantive	0	0	
adilet-0440	adilet	0103559e998a25366d6ad971a00c82fb1442081691942e8cd2965ddd8b2aa688	46062	46216	24	ЭКОНОМИКА / 4.3. Инвестиционная привлекательность и финансовый рынок	substantive	0	0	
adilet-0441	adilet	0103559e998a25366d6ad971a00c82fb1442081691942e8cd2965ddd8b2aa688	46217	46325	24	ЭКОНОМИКА / 4.3. Инвестиционная привлекательность и финансовый рынок	substantive	0	0	
adilet-0442	adilet	0103559e998a25366d6ad971a00c82fb1442081691942e8cd2965ddd8b2aa688	46326	46485	24	ЭКОНОМИКА / 4.3. Инвестиционная привлекательность и финансовый рынок	substantive	0	0	
adilet-0443	adilet	0103559e998a25366d6ad971a00c82fb1442081691942e8cd2965ddd8b2aa688	46486	46558	24	ЭКОНОМИКА / 4.3. Инвестиционная привлекательность и финансовый рынок	substantive	0	0	
adilet-0444	adilet	0103559e998a25366d6ad971a00c82fb1442081691942e8cd2965ddd8b2aa688	46559	46657	24	ЭКОНОМИКА / 4.3. Инвестиционная привлекательность и финансовый рынок	substantive	0	0	
adilet-0445	adilet	0103559e998a25366d6ad971a00c82fb1442081691942e8cd2965ddd8b2aa688	46658	46826	24	ЭКОНОМИКА / 4.3. Инвестиционная привлекательность и финансовый рынок	substantive	0	0	
adilet-0446	adilet	0103559e998a25366d6ad971a00c82fb1442081691942e8cd2965ddd8b2aa688	46827	46926	24	ЭКОНОМИКА / 4.3. Инвестиционная привлекательность и финансовый рынок	substantive	0	0	
adilet-0447	adilet	0103559e998a25366d6ad971a00c82fb1442081691942e8cd2965ddd8b2aa688	46927	47096	24	ЭКОНОМИКА / 4.3. Инвестиционная привлекательность и финансовый рынок	substantive	0	0	
adilet-0448	adilet	0103559e998a25366d6ad971a00c82fb1442081691942e8cd2965ddd8b2aa688	47097	47141	24	ЭКОНОМИКА / 4.3. Инвестиционная привлекательность и финансовый рынок	substantive	0	0	
adilet-0449	adilet	0103559e998a25366d6ad971a00c82fb1442081691942e8cd2965ddd8b2aa688	47142	47289	24	ЭКОНОМИКА / 4.3. Инвестиционная привлекательность и финансовый рынок	substantive	0	0	
adilet-0450	adilet	0103559e998a25366d6ad971a00c82fb1442081691942e8cd2965ddd8b2aa688	47290	47392	24	ЭКОНОМИКА / 4.3. Инвестиционная привлекательность и финансовый рынок	substantive	0	0	
adilet-0451	adilet	0103559e998a25366d6ad971a00c82fb1442081691942e8cd2965ddd8b2aa688	47393	47464	24	ЭКОНОМИКА / 4.3. Инвестиционная привлекательность и финансовый рынок	substantive	0	0	
adilet-0452	adilet	0103559e998a25366d6ad971a00c82fb1442081691942e8cd2965ddd8b2aa688	47465	47740	24	ЭКОНОМИКА / 4.3. Инвестиционная привлекательность и финансовый рынок	substantive	0	0	
adilet-0453	adilet	0103559e998a25366d6ad971a00c82fb1442081691942e8cd2965ddd8b2aa688	47741	47868	25	ЭКОНОМИКА / 4.3. Инвестиционная привлекательность и финансовый рынок	substantive	0	0	
adilet-0454	adilet	0103559e998a25366d6ad971a00c82fb1442081691942e8cd2965ddd8b2aa688	47869	47989	25	ЭКОНОМИКА / 4.3. Инвестиционная привлекательность и финансовый рынок	substantive	0	0	
adilet-0455	adilet	0103559e998a25366d6ad971a00c82fb1442081691942e8cd2965ddd8b2aa688	47990	48030	25	ЭКОНОМИКА / 4.3. Инвестиционная привлекательность и финансовый рынок	substantive	0	0	
adilet-0456	adilet	0103559e998a25366d6ad971a00c82fb1442081691942e8cd2965ddd8b2aa688	48031	48177	25	ЭКОНОМИКА / 4.3. Инвестиционная привлекательность и финансовый рынок	substantive	0	0	
adilet-0457	adilet	0103559e998a25366d6ad971a00c82fb1442081691942e8cd2965ddd8b2aa688	48178	48239	25	ЭКОНОМИКА / 4.3. Инвестиционная привлекательность и финансовый рынок	substantive	0	0	
adilet-0458	adilet	0103559e998a25366d6ad971a00c82fb1442081691942e8cd2965ddd8b2aa688	48240	48381	25	ЭКОНОМИКА / 4.3. Инвестиционная привлекательность и финансовый рынок	substantive	0	0	
adilet-0459	adilet	0103559e998a25366d6ad971a00c82fb1442081691942e8cd2965ddd8b2aa688	48382	48482	25	ЭКОНОМИКА / 4.3. Инвестиционная привлекательность и финансовый рынок	substantive	0	0	
adilet-0460	adilet	0103559e998a25366d6ad971a00c82fb1442081691942e8cd2965ddd8b2aa688	48483	48617	25	ЭКОНОМИКА / 4.3. Инвестиционная привлекательность и финансовый рынок	substantive	0	0	
adilet-0461	adilet	0103559e998a25366d6ad971a00c82fb1442081691942e8cd2965ddd8b2aa688	48618	48766	25	ЭКОНОМИКА / 4.3. Инвестиционная привлекательность и финансовый рынок	substantive	0	0	
adilet-0462	adilet	0103559e998a25366d6ad971a00c82fb1442081691942e8cd2965ddd8b2aa688	48767	48823	25	ЭКОНОМИКА / 4.3. Инвестиционная привлекательность и финансовый рынок	substantive	0	0	
adilet-0463	adilet	0103559e998a25366d6ad971a00c82fb1442081691942e8cd2965ddd8b2aa688	48824	49018	25	ЭКОНОМИКА / 4.3. Инвестиционная привлекательность и финансовый рынок	substantive	0	0	
adilet-0464	adilet	0103559e998a25366d6ad971a00c82fb1442081691942e8cd2965ddd8b2aa688	49019	49251	25	ЭКОНОМИКА / 4.3. Инвестиционная привлекательность и финансовый рынок	substantive	0	0	
adilet-0465	adilet	0103559e998a25366d6ad971a00c82fb1442081691942e8cd2965ddd8b2aa688	49252	49380	25	ЭКОНОМИКА / 4.3. Инвестиционная привлекательность и финансовый рынок	substantive	0	0	
adilet-0466	adilet	0103559e998a25366d6ad971a00c82fb1442081691942e8cd2965ddd8b2aa688	49381	49472	25	ЭКОНОМИКА / 4.3. Инвестиционная привлекательность и финансовый рынок	substantive	0	0	
adilet-0467	adilet	0103559e998a25366d6ad971a00c82fb1442081691942e8cd2965ddd8b2aa688	49473	49637	25	ЭКОНОМИКА / 4.3. Инвестиционная привлекательность и финансовый рынок	substantive	0	0	
adilet-0468	adilet	0103559e998a25366d6ad971a00c82fb1442081691942e8cd2965ddd8b2aa688	49638	49700	25	ЭКОНОМИКА / 4.4. Бюджетная и налоговая политика: дисциплина и бережливость	structural	1	0	
adilet-0469	adilet	0103559e998a25366d6ad971a00c82fb1442081691942e8cd2965ddd8b2aa688	49701	49852	25	ЭКОНОМИКА / 4.4. Бюджетная и налоговая политика: дисциплина и бережливость	substantive	0	0	
adilet-0470	adilet	0103559e998a25366d6ad971a00c82fb1442081691942e8cd2965ddd8b2aa688	49853	49906	25	ЭКОНОМИКА / 4.4. Бюджетная и налоговая политика: дисциплина и бережливость	substantive	0	0	
adilet-0471	adilet	0103559e998a25366d6ad971a00c82fb1442081691942e8cd2965ddd8b2aa688	49907	49972	25	ЭКОНОМИКА / 4.4. Бюджетная и налоговая политика: дисциплина и бережливость	substantive	0	0	
adilet-0472	adilet	0103559e998a25366d6ad971a00c82fb1442081691942e8cd2965ddd8b2aa688	49973	50043	25	ЭКОНОМИКА / 4.4. Бюджетная и налоговая политика: дисциплина и бережливость	substantive	0	0	
adilet-0473	adilet	0103559e998a25366d6ad971a00c82fb1442081691942e8cd2965ddd8b2aa688	50044	50080	25	ЭКОНОМИКА / 4.4. Бюджетная и налоговая политика: дисциплина и бережливость	substantive	0	0	
adilet-0474	adilet	0103559e998a25366d6ad971a00c82fb1442081691942e8cd2965ddd8b2aa688	50081	50225	25	ЭКОНОМИКА / 4.4. Бюджетная и налоговая политика: дисциплина и бережливость	substantive	0	0	
adilet-0475	adilet	0103559e998a25366d6ad971a00c82fb1442081691942e8cd2965ddd8b2aa688	50226	50291	25	ЭКОНОМИКА / 4.4. Бюджетная и налоговая политика: дисциплина и бережливость	substantive	0	0	
adilet-0476	adilet	0103559e998a25366d6ad971a00c82fb1442081691942e8cd2965ddd8b2aa688	50292	50348	26	ЭКОНОМИКА / 4.4. Бюджетная и налоговая политика: дисциплина и бережливость	substantive	0	0	
adilet-0477	adilet	0103559e998a25366d6ad971a00c82fb1442081691942e8cd2965ddd8b2aa688	50349	50425	26	ЭКОНОМИКА / 4.4. Бюджетная и налоговая политика: дисциплина и бережливость	substantive	0	0	
adilet-0478	adilet	0103559e998a25366d6ad971a00c82fb1442081691942e8cd2965ddd8b2aa688	50426	50530	26	ЭКОНОМИКА / 4.4. Бюджетная и налоговая политика: дисциплина и бережливость	substantive	0	0	
adilet-0479	adilet	0103559e998a25366d6ad971a00c82fb1442081691942e8cd2965ddd8b2aa688	50531	50606	26	ЭКОНОМИКА / 4.4. Бюджетная и налоговая политика: дисциплина и бережливость	substantive	0	0	
adilet-0480	adilet	0103559e998a25366d6ad971a00c82fb1442081691942e8cd2965ddd8b2aa688	50607	50758	26	ЭКОНОМИКА / 4.4. Бюджетная и налоговая политика: дисциплина и бережливость	substantive	0	0	
adilet-0481	adilet	0103559e998a25366d6ad971a00c82fb1442081691942e8cd2965ddd8b2aa688	50759	50853	26	ЭКОНОМИКА / 4.4. Бюджетная и налоговая политика: дисциплина и бережливость	substantive	0	0	
adilet-0482	adilet	0103559e998a25366d6ad971a00c82fb1442081691942e8cd2965ddd8b2aa688	50854	50905	26	ЭКОНОМИКА / 4.4. Бюджетная и налоговая политика: дисциплина и бережливость	substantive	0	0	
adilet-0483	adilet	0103559e998a25366d6ad971a00c82fb1442081691942e8cd2965ddd8b2aa688	50906	51068	26	ЭКОНОМИКА / 4.4. Бюджетная и налоговая политика: дисциплина и бережливость	substantive	0	0	
adilet-0484	adilet	0103559e998a25366d6ad971a00c82fb1442081691942e8cd2965ddd8b2aa688	51069	51157	26	ЭКОНОМИКА / 4.4. Бюджетная и налоговая политика: дисциплина и бережливость	substantive	0	0	
adilet-0485	adilet	0103559e998a25366d6ad971a00c82fb1442081691942e8cd2965ddd8b2aa688	51158	51255	26	ЭКОНОМИКА / 4.4. Бюджетная и налоговая политика: дисциплина и бережливость	substantive	0	0	
adilet-0486	adilet	0103559e998a25366d6ad971a00c82fb1442081691942e8cd2965ddd8b2aa688	51256	51364	26	ЭКОНОМИКА / 4.4. Бюджетная и налоговая политика: дисциплина и бережливость	substantive	0	0	
adilet-0487	adilet	0103559e998a25366d6ad971a00c82fb1442081691942e8cd2965ddd8b2aa688	51365	51438	26	ЭКОНОМИКА / 4.4. Бюджетная и налоговая политика: дисциплина и бережливость	substantive	0	0	
adilet-0488	adilet	0103559e998a25366d6ad971a00c82fb1442081691942e8cd2965ddd8b2aa688	51439	51576	26	ЭКОНОМИКА / 4.4. Бюджетная и налоговая политика: дисциплина и бережливость	substantive	0	0	
adilet-0489	adilet	0103559e998a25366d6ad971a00c82fb1442081691942e8cd2965ddd8b2aa688	51577	51718	26	ЭКОНОМИКА / 4.4. Бюджетная и налоговая политика: дисциплина и бережливость	substantive	0	0	
adilet-0490	adilet	0103559e998a25366d6ad971a00c82fb1442081691942e8cd2965ddd8b2aa688	51719	51810	26	ЭКОНОМИКА / 4.4. Бюджетная и налоговая политика: дисциплина и бережливость	substantive	0	0	
adilet-0491	adilet	0103559e998a25366d6ad971a00c82fb1442081691942e8cd2965ddd8b2aa688	51811	51900	26	ЭКОНОМИКА / 4.4. Бюджетная и налоговая политика: дисциплина и бережливость	substantive	0	0	
adilet-0492	adilet	0103559e998a25366d6ad971a00c82fb1442081691942e8cd2965ddd8b2aa688	51901	51973	26	ЭКОНОМИКА / 4.4. Бюджетная и налоговая политика: дисциплина и бережливость	substantive	0	0	
adilet-0493	adilet	0103559e998a25366d6ad971a00c82fb1442081691942e8cd2965ddd8b2aa688	51974	52163	26	ЭКОНОМИКА / 4.4. Бюджетная и налоговая политика: дисциплина и бережливость	substantive	0	0	
adilet-0494	adilet	0103559e998a25366d6ad971a00c82fb1442081691942e8cd2965ddd8b2aa688	52164	52304	26	ЭКОНОМИКА / 4.4. Бюджетная и налоговая политика: дисциплина и бережливость	substantive	0	0	
adilet-0495	adilet	0103559e998a25366d6ad971a00c82fb1442081691942e8cd2965ddd8b2aa688	52305	52489	26	ЭКОНОМИКА / 4.4. Бюджетная и налоговая политика: дисциплина и бережливость	substantive	0	0	
adilet-0496	adilet	0103559e998a25366d6ad971a00c82fb1442081691942e8cd2965ddd8b2aa688	52490	52556	26	ЭКОНОМИКА / 4.5. Национальный фонд: инструмент межпоколенческой справедливости	structural	1	0	
adilet-0497	adilet	0103559e998a25366d6ad971a00c82fb1442081691942e8cd2965ddd8b2aa688	52557	52762	26	ЭКОНОМИКА / 4.5. Национальный фонд: инструмент межпоколенческой справедливости	substantive	0	0	
adilet-0498	adilet	0103559e998a25366d6ad971a00c82fb1442081691942e8cd2965ddd8b2aa688	52763	52857	27	ЭКОНОМИКА / 4.5. Национальный фонд: инструмент межпоколенческой справедливости	substantive	0	0	
adilet-0499	adilet	0103559e998a25366d6ad971a00c82fb1442081691942e8cd2965ddd8b2aa688	52858	52911	27	ЭКОНОМИКА / 4.5. Национальный фонд: инструмент межпоколенческой справедливости	substantive	0	0	
adilet-0500	adilet	0103559e998a25366d6ad971a00c82fb1442081691942e8cd2965ddd8b2aa688	52912	53104	27	ЭКОНОМИКА / 4.5. Национальный фонд: инструмент межпоколенческой справедливости	substantive	0	0	
adilet-0501	adilet	0103559e998a25366d6ad971a00c82fb1442081691942e8cd2965ddd8b2aa688	53105	53168	27	ЭКОНОМИКА / 4.6. Малый и средний бизнес: ставка на сильных, готовых к росту	structural	1	0	
adilet-0502	adilet	0103559e998a25366d6ad971a00c82fb1442081691942e8cd2965ddd8b2aa688	53169	53280	27	ЭКОНОМИКА / 4.6. Малый и средний бизнес: ставка на сильных, готовых к росту	substantive	0	0	
adilet-0503	adilet	0103559e998a25366d6ad971a00c82fb1442081691942e8cd2965ddd8b2aa688	53281	53455	27	ЭКОНОМИКА / 4.6. Малый и средний бизнес: ставка на сильных, готовых к росту	substantive	0	0	
adilet-0504	adilet	0103559e998a25366d6ad971a00c82fb1442081691942e8cd2965ddd8b2aa688	53456	53569	27	ЭКОНОМИКА / 4.6. Малый и средний бизнес: ставка на сильных, готовых к росту	substantive	0	0	
adilet-0505	adilet	0103559e998a25366d6ad971a00c82fb1442081691942e8cd2965ddd8b2aa688	53570	53682	27	ЭКОНОМИКА / 4.6. Малый и средний бизнес: ставка на сильных, готовых к росту	substantive	0	0	
adilet-0506	adilet	0103559e998a25366d6ad971a00c82fb1442081691942e8cd2965ddd8b2aa688	53683	53836	27	ЭКОНОМИКА / 4.6. Малый и средний бизнес: ставка на сильных, готовых к росту	substantive	0	0	
adilet-0507	adilet	0103559e998a25366d6ad971a00c82fb1442081691942e8cd2965ddd8b2aa688	53837	53967	27	ЭКОНОМИКА / 4.6. Малый и средний бизнес: ставка на сильных, готовых к росту	substantive	1	0	
adilet-0508	adilet	0103559e998a25366d6ad971a00c82fb1442081691942e8cd2965ddd8b2aa688	53968	54106	27	ЭКОНОМИКА / 4.6. Малый и средний бизнес: ставка на сильных, готовых к росту	substantive	0	0	
adilet-0509	adilet	0103559e998a25366d6ad971a00c82fb1442081691942e8cd2965ddd8b2aa688	54107	54178	27	ЭКОНОМИКА / 4.6. Малый и средний бизнес: ставка на сильных, готовых к росту	substantive	0	0	
adilet-0510	adilet	0103559e998a25366d6ad971a00c82fb1442081691942e8cd2965ddd8b2aa688	54179	54250	27	ЭКОНОМИКА / 4.6. Малый и средний бизнес: ставка на сильных, готовых к росту	substantive	0	0	
adilet-0511	adilet	0103559e998a25366d6ad971a00c82fb1442081691942e8cd2965ddd8b2aa688	54251	54380	27	ЭКОНОМИКА / 4.6. Малый и средний бизнес: ставка на сильных, готовых к росту	substantive	0	0	
adilet-0512	adilet	0103559e998a25366d6ad971a00c82fb1442081691942e8cd2965ddd8b2aa688	54381	54477	27	ЭКОНОМИКА / 4.6. Малый и средний бизнес: ставка на сильных, готовых к росту	substantive	0	0	
adilet-0513	adilet	0103559e998a25366d6ad971a00c82fb1442081691942e8cd2965ddd8b2aa688	54478	54521	27	ЭКОНОМИКА / 4.6. Малый и средний бизнес: ставка на сильных, готовых к росту	substantive	0	0	
adilet-0514	adilet	0103559e998a25366d6ad971a00c82fb1442081691942e8cd2965ddd8b2aa688	54522	54694	27	ЭКОНОМИКА / 4.6. Малый и средний бизнес: ставка на сильных, готовых к росту	substantive	0	0	
adilet-0515	adilet	0103559e998a25366d6ad971a00c82fb1442081691942e8cd2965ddd8b2aa688	54695	54759	27	ЭКОНОМИКА / 4.6. Малый и средний бизнес: ставка на сильных, готовых к росту	substantive	0	0	
adilet-0516	adilet	0103559e998a25366d6ad971a00c82fb1442081691942e8cd2965ddd8b2aa688	54760	54910	27	ЭКОНОМИКА / 4.6. Малый и средний бизнес: ставка на сильных, готовых к росту	substantive	0	0	
adilet-0517	adilet	0103559e998a25366d6ad971a00c82fb1442081691942e8cd2965ddd8b2aa688	54911	55100	27	ЭКОНОМИКА / 4.6. Малый и средний бизнес: ставка на сильных, готовых к росту	substantive	0	0	
adilet-0518	adilet	0103559e998a25366d6ad971a00c82fb1442081691942e8cd2965ddd8b2aa688	55101	55152	27	ЭКОНОМИКА / 4.6. Малый и средний бизнес: ставка на сильных, готовых к росту	substantive	0	0	
adilet-0519	adilet	0103559e998a25366d6ad971a00c82fb1442081691942e8cd2965ddd8b2aa688	55153	55321	27	ЭКОНОМИКА / 4.6. Малый и средний бизнес: ставка на сильных, готовых к росту	substantive	0	0	
adilet-0520	adilet	0103559e998a25366d6ad971a00c82fb1442081691942e8cd2965ddd8b2aa688	55322	55458	28	ЭКОНОМИКА / 4.6. Малый и средний бизнес: ставка на сильных, готовых к росту	substantive	0	0	
adilet-0521	adilet	0103559e998a25366d6ad971a00c82fb1442081691942e8cd2965ddd8b2aa688	55459	55527	28	ЭКОНОМИКА / 4.6. Малый и средний бизнес: ставка на сильных, готовых к росту	substantive	0	0	
adilet-0522	adilet	0103559e998a25366d6ad971a00c82fb1442081691942e8cd2965ddd8b2aa688	55528	55745	28	ЭКОНОМИКА / 4.6. Малый и средний бизнес: ставка на сильных, готовых к росту	substantive	0	0	
adilet-0523	adilet	0103559e998a25366d6ad971a00c82fb1442081691942e8cd2965ddd8b2aa688	55746	55799	28	ЭКОНОМИКА / 4.6. Малый и средний бизнес: ставка на сильных, готовых к росту	substantive	0	0	
adilet-0524	adilet	0103559e998a25366d6ad971a00c82fb1442081691942e8cd2965ddd8b2aa688	55800	55944	28	ЭКОНОМИКА / 4.6. Малый и средний бизнес: ставка на сильных, готовых к росту	substantive	0	0	
adilet-0525	adilet	0103559e998a25366d6ad971a00c82fb1442081691942e8cd2965ddd8b2aa688	55945	56068	28	ЭКОНОМИКА / 4.6. Малый и средний бизнес: ставка на сильных, готовых к росту	substantive	0	0	
adilet-0526	adilet	0103559e998a25366d6ad971a00c82fb1442081691942e8cd2965ddd8b2aa688	56069	56125	28	ЭКОНОМИКА / 4.6. Малый и средний бизнес: ставка на сильных, готовых к росту	substantive	0	0	
adilet-0527	adilet	0103559e998a25366d6ad971a00c82fb1442081691942e8cd2965ddd8b2aa688	56126	56305	28	ЭКОНОМИКА / 4.6. Малый и средний бизнес: ставка на сильных, готовых к росту	substantive	0	0	
adilet-0528	adilet	0103559e998a25366d6ad971a00c82fb1442081691942e8cd2965ddd8b2aa688	56306	56432	28	ЭКОНОМИКА / 4.6. Малый и средний бизнес: ставка на сильных, готовых к росту	substantive	0	0	
adilet-0529	adilet	0103559e998a25366d6ad971a00c82fb1442081691942e8cd2965ddd8b2aa688	56433	56526	28	ЭКОНОМИКА / 4.6. Малый и средний бизнес: ставка на сильных, готовых к росту	substantive	0	0	
adilet-0530	adilet	0103559e998a25366d6ad971a00c82fb1442081691942e8cd2965ddd8b2aa688	56527	56736	28	ЭКОНОМИКА / 4.6. Малый и средний бизнес: ставка на сильных, готовых к росту	substantive	0	0	
adilet-0531	adilet	0103559e998a25366d6ad971a00c82fb1442081691942e8cd2965ddd8b2aa688	56737	56895	28	ЭКОНОМИКА / 4.6. Малый и средний бизнес: ставка на сильных, готовых к росту	substantive	0	0	
adilet-0532	adilet	0103559e998a25366d6ad971a00c82fb1442081691942e8cd2965ddd8b2aa688	56896	57007	28	ЭКОНОМИКА / 4.6. Малый и средний бизнес: ставка на сильных, готовых к росту	substantive	0	0	
adilet-0533	adilet	0103559e998a25366d6ad971a00c82fb1442081691942e8cd2965ddd8b2aa688	57008	57184	28	ЭКОНОМИКА / 4.6. Малый и средний бизнес: ставка на сильных, готовых к росту	substantive	0	0	
adilet-0534	adilet	0103559e998a25366d6ad971a00c82fb1442081691942e8cd2965ddd8b2aa688	57185	57271	28	ЭКОНОМИКА / 4.6. Малый и средний бизнес: ставка на сильных, готовых к росту	substantive	0	0	
adilet-0535	adilet	0103559e998a25366d6ad971a00c82fb1442081691942e8cd2965ddd8b2aa688	57272	57494	28	ЭКОНОМИКА / 4.6. Малый и средний бизнес: ставка на сильных, готовых к росту	substantive	0	0	
adilet-0536	adilet	0103559e998a25366d6ad971a00c82fb1442081691942e8cd2965ddd8b2aa688	57495	57633	28	ЭКОНОМИКА / 4.6. Малый и средний бизнес: ставка на сильных, готовых к росту	substantive	0	0	
adilet-0537	adilet	0103559e998a25366d6ad971a00c82fb1442081691942e8cd2965ddd8b2aa688	57634	57742	28	ЭКОНОМИКА / 4.6. Малый и средний бизнес: ставка на сильных, готовых к росту	substantive	0	0	
adilet-0538	adilet	0103559e998a25366d6ad971a00c82fb1442081691942e8cd2965ddd8b2aa688	57743	57943	28	ЭКОНОМИКА / 4.6. Малый и средний бизнес: ставка на сильных, готовых к росту	substantive	0	0	
adilet-0539	adilet	0103559e998a25366d6ad971a00c82fb1442081691942e8cd2965ddd8b2aa688	57944	58005	29	ЭКОНОМИКА / 4.6. Малый и средний бизнес: ставка на сильных, готовых к росту	substantive	0	0	
adilet-0540	adilet	0103559e998a25366d6ad971a00c82fb1442081691942e8cd2965ddd8b2aa688	58006	58181	29	ЭКОНОМИКА / 4.6. Малый и средний бизнес: ставка на сильных, готовых к росту	substantive	0	0	
adilet-0541	adilet	0103559e998a25366d6ad971a00c82fb1442081691942e8cd2965ddd8b2aa688	58182	58268	29	ЭКОНОМИКА / 4.6. Малый и средний бизнес: ставка на сильных, готовых к росту	substantive	0	0	
adilet-0542	adilet	0103559e998a25366d6ad971a00c82fb1442081691942e8cd2965ddd8b2aa688	58269	58393	29	ЭКОНОМИКА / 4.6. Малый и средний бизнес: ставка на сильных, готовых к росту	substantive	0	0	
adilet-0543	adilet	0103559e998a25366d6ad971a00c82fb1442081691942e8cd2965ddd8b2aa688	58394	58496	29	ЭКОНОМИКА / 4.6. Малый и средний бизнес: ставка на сильных, готовых к росту	substantive	0	0	
adilet-0544	adilet	0103559e998a25366d6ad971a00c82fb1442081691942e8cd2965ddd8b2aa688	58497	58625	29	ЭКОНОМИКА / 4.6. Малый и средний бизнес: ставка на сильных, готовых к росту	substantive	0	0	
adilet-0545	adilet	0103559e998a25366d6ad971a00c82fb1442081691942e8cd2965ddd8b2aa688	58626	58762	29	ЭКОНОМИКА / 4.6. Малый и средний бизнес: ставка на сильных, готовых к росту	substantive	0	0	
adilet-0546	adilet	0103559e998a25366d6ad971a00c82fb1442081691942e8cd2965ddd8b2aa688	58763	58869	29	ЭКОНОМИКА / 4.6. Малый и средний бизнес: ставка на сильных, готовых к росту	substantive	0	0	
adilet-0547	adilet	0103559e998a25366d6ad971a00c82fb1442081691942e8cd2965ddd8b2aa688	58870	59117	29	ЭКОНОМИКА / 4.6. Малый и средний бизнес: ставка на сильных, готовых к росту	substantive	0	0	
adilet-0548	adilet	0103559e998a25366d6ad971a00c82fb1442081691942e8cd2965ddd8b2aa688	59118	59241	29	ЭКОНОМИКА / 4.6. Малый и средний бизнес: ставка на сильных, готовых к росту	substantive	0	0	
adilet-0549	adilet	0103559e998a25366d6ad971a00c82fb1442081691942e8cd2965ddd8b2aa688	59242	59395	29	ЭКОНОМИКА / 4.6. Малый и средний бизнес: ставка на сильных, готовых к росту	substantive	0	0	
adilet-0550	adilet	0103559e998a25366d6ad971a00c82fb1442081691942e8cd2965ddd8b2aa688	59396	59539	29	ЭКОНОМИКА / 4.6. Малый и средний бизнес: ставка на сильных, готовых к росту	substantive	0	0	
adilet-0551	adilet	0103559e998a25366d6ad971a00c82fb1442081691942e8cd2965ddd8b2aa688	59540	59711	29	ЭКОНОМИКА / 4.6. Малый и средний бизнес: ставка на сильных, готовых к росту	substantive	0	0	
adilet-0552	adilet	0103559e998a25366d6ad971a00c82fb1442081691942e8cd2965ddd8b2aa688	59712	59874	29	ЭКОНОМИКА / 4.6. Малый и средний бизнес: ставка на сильных, готовых к росту	substantive	0	0	
adilet-0553	adilet	0103559e998a25366d6ad971a00c82fb1442081691942e8cd2965ddd8b2aa688	59875	59957	29	ЭКОНОМИКА / 4.6. Малый и средний бизнес: ставка на сильных, готовых к росту	substantive	0	0	
adilet-0554	adilet	0103559e998a25366d6ad971a00c82fb1442081691942e8cd2965ddd8b2aa688	59958	60032	29	ЭКОНОМИКА / 4.6. Малый и средний бизнес: ставка на сильных, готовых к росту	substantive	0	0	
adilet-0555	adilet	0103559e998a25366d6ad971a00c82fb1442081691942e8cd2965ddd8b2aa688	60033	60141	29	ЭКОНОМИКА / 4.6. Малый и средний бизнес: ставка на сильных, готовых к росту	substantive	0	0	
adilet-0556	adilet	0103559e998a25366d6ad971a00c82fb1442081691942e8cd2965ddd8b2aa688	60142	60280	29	ЭКОНОМИКА / 4.6. Малый и средний бизнес: ставка на сильных, готовых к росту	substantive	0	0	
adilet-0557	adilet	0103559e998a25366d6ad971a00c82fb1442081691942e8cd2965ddd8b2aa688	60281	60322	29	ЭКОНОМИКА / 4.6. Малый и средний бизнес: ставка на сильных, готовых к росту	substantive	0	0	
adilet-0558	adilet	0103559e998a25366d6ad971a00c82fb1442081691942e8cd2965ddd8b2aa688	60323	60436	29	ЭКОНОМИКА / 4.6. Малый и средний бизнес: ставка на сильных, готовых к росту	substantive	0	0	
adilet-0559	adilet	0103559e998a25366d6ad971a00c82fb1442081691942e8cd2965ddd8b2aa688	60437	60549	29	ЭКОНОМИКА / 4.6. Малый и средний бизнес: ставка на сильных, готовых к росту	substantive	0	0	
adilet-0560	adilet	0103559e998a25366d6ad971a00c82fb1442081691942e8cd2965ddd8b2aa688	60550	60613	30	ЭКОНОМИКА / 4.6. Малый и средний бизнес: ставка на сильных, готовых к росту	substantive	0	0	
adilet-0561	adilet	0103559e998a25366d6ad971a00c82fb1442081691942e8cd2965ddd8b2aa688	60614	60745	30	ЭКОНОМИКА / 4.6. Малый и средний бизнес: ставка на сильных, готовых к росту	substantive	0	0	
adilet-0562	adilet	0103559e998a25366d6ad971a00c82fb1442081691942e8cd2965ddd8b2aa688	60746	60767	30	ЭКОНОМИКА / 4.7. Труд и занятость	structural	1	0	
adilet-0563	adilet	0103559e998a25366d6ad971a00c82fb1442081691942e8cd2965ddd8b2aa688	60768	60851	30	ЭКОНОМИКА / 4.7. Труд и занятость	substantive	0	0	
adilet-0564	adilet	0103559e998a25366d6ad971a00c82fb1442081691942e8cd2965ddd8b2aa688	60852	60992	30	ЭКОНОМИКА / 4.7. Труд и занятость	substantive	0	0	
adilet-0565	adilet	0103559e998a25366d6ad971a00c82fb1442081691942e8cd2965ddd8b2aa688	60993	61094	30	ЭКОНОМИКА / 4.7. Труд и занятость	substantive	0	0	
adilet-0566	adilet	0103559e998a25366d6ad971a00c82fb1442081691942e8cd2965ddd8b2aa688	61095	61164	30	ЭКОНОМИКА / 4.7. Труд и занятость	substantive	0	0	
adilet-0567	adilet	0103559e998a25366d6ad971a00c82fb1442081691942e8cd2965ddd8b2aa688	61165	61292	30	ЭКОНОМИКА / 4.7. Труд и занятость	substantive	0	0	
adilet-0568	adilet	0103559e998a25366d6ad971a00c82fb1442081691942e8cd2965ddd8b2aa688	61293	61452	30	ЭКОНОМИКА / 4.7. Труд и занятость	substantive	0	0	
adilet-0569	adilet	0103559e998a25366d6ad971a00c82fb1442081691942e8cd2965ddd8b2aa688	61453	61530	30	ЭКОНОМИКА / 4.7. Труд и занятость	substantive	0	0	
adilet-0570	adilet	0103559e998a25366d6ad971a00c82fb1442081691942e8cd2965ddd8b2aa688	61531	61536	30	1 МЛН	structural	1	0	
adilet-0571	adilet	0103559e998a25366d6ad971a00c82fb1442081691942e8cd2965ddd8b2aa688	61537	61666	30	1 МЛН	substantive	0	0	
adilet-0572	adilet	0103559e998a25366d6ad971a00c82fb1442081691942e8cd2965ddd8b2aa688	61667	61867	30	1 МЛН	substantive	1	1	
adilet-0573	adilet	0103559e998a25366d6ad971a00c82fb1442081691942e8cd2965ddd8b2aa688	61876	62036	30	1 МЛН	substantive	1	0	
adilet-0574	adilet	0103559e998a25366d6ad971a00c82fb1442081691942e8cd2965ddd8b2aa688	62037	62118	30	1 МЛН	substantive	0	0	
adilet-0575	adilet	0103559e998a25366d6ad971a00c82fb1442081691942e8cd2965ddd8b2aa688	62119	62170	30	1 МЛН	substantive	0	0	
adilet-0576	adilet	0103559e998a25366d6ad971a00c82fb1442081691942e8cd2965ddd8b2aa688	62171	62313	30	1 МЛН	substantive	0	0	
adilet-0577	adilet	0103559e998a25366d6ad971a00c82fb1442081691942e8cd2965ddd8b2aa688	62314	62462	30	1 МЛН	substantive	0	0	
adilet-0578	adilet	0103559e998a25366d6ad971a00c82fb1442081691942e8cd2965ddd8b2aa688	62463	62556	30	1 МЛН	substantive	0	0	
adilet-0579	adilet	0103559e998a25366d6ad971a00c82fb1442081691942e8cd2965ddd8b2aa688	62557	62631	31	1 МЛН	substantive	0	0	
adilet-0580	adilet	0103559e998a25366d6ad971a00c82fb1442081691942e8cd2965ddd8b2aa688	62632	62731	31	1 МЛН	substantive	0	0	
adilet-0581	adilet	0103559e998a25366d6ad971a00c82fb1442081691942e8cd2965ddd8b2aa688	62732	62875	31	1 МЛН	substantive	0	0	
adilet-0582	adilet	0103559e998a25366d6ad971a00c82fb1442081691942e8cd2965ddd8b2aa688	62876	63044	31	1 МЛН	substantive	0	0	
adilet-0583	adilet	0103559e998a25366d6ad971a00c82fb1442081691942e8cd2965ddd8b2aa688	63045	63212	31	1 МЛН	substantive	0	0	
adilet-0584	adilet	0103559e998a25366d6ad971a00c82fb1442081691942e8cd2965ddd8b2aa688	63213	63248	31	1 МЛН	substantive	0	0	
adilet-0585	adilet	0103559e998a25366d6ad971a00c82fb1442081691942e8cd2965ddd8b2aa688	63249	63296	31	1 МЛН	substantive	0	0	
adilet-0586	adilet	0103559e998a25366d6ad971a00c82fb1442081691942e8cd2965ddd8b2aa688	63297	63396	31	1 МЛН	substantive	0	0	
adilet-0587	adilet	0103559e998a25366d6ad971a00c82fb1442081691942e8cd2965ddd8b2aa688	63397	63485	31	1 МЛН	substantive	0	0	
adilet-0588	adilet	0103559e998a25366d6ad971a00c82fb1442081691942e8cd2965ddd8b2aa688	63486	63541	31	1 МЛН	substantive	0	0	
adilet-0589	adilet	0103559e998a25366d6ad971a00c82fb1442081691942e8cd2965ddd8b2aa688	63542	63628	31	1 МЛН	substantive	1	1	
adilet-0590	adilet	0103559e998a25366d6ad971a00c82fb1442081691942e8cd2965ddd8b2aa688	63629	63737	31	1 МЛН	substantive	0	0	
adilet-0591	adilet	0103559e998a25366d6ad971a00c82fb1442081691942e8cd2965ddd8b2aa688	63738	63866	31	1 МЛН	substantive	0	0	
adilet-0592	adilet	0103559e998a25366d6ad971a00c82fb1442081691942e8cd2965ddd8b2aa688	63867	63955	31	1 МЛН	substantive	0	0	
adilet-0593	adilet	0103559e998a25366d6ad971a00c82fb1442081691942e8cd2965ddd8b2aa688	63956	64024	31	1 МЛН	substantive	0	0	
adilet-0594	adilet	0103559e998a25366d6ad971a00c82fb1442081691942e8cd2965ddd8b2aa688	64025	64155	31	1 МЛН	substantive	0	0	
adilet-0595	adilet	0103559e998a25366d6ad971a00c82fb1442081691942e8cd2965ddd8b2aa688	64156	64272	31	1 МЛН	substantive	0	0	
adilet-0596	adilet	0103559e998a25366d6ad971a00c82fb1442081691942e8cd2965ddd8b2aa688	64273	64598	31	1 МЛН	substantive	0	0	
adilet-0597	adilet	0103559e998a25366d6ad971a00c82fb1442081691942e8cd2965ddd8b2aa688	64599	64713	31	1 МЛН	substantive	0	0	
adilet-0598	adilet	0103559e998a25366d6ad971a00c82fb1442081691942e8cd2965ddd8b2aa688	64714	64868	31	1 МЛН	substantive	0	0	
adilet-0599	adilet	0103559e998a25366d6ad971a00c82fb1442081691942e8cd2965ddd8b2aa688	64869	65018	31	1 МЛН	substantive	0	0	
adilet-0600	adilet	0103559e998a25366d6ad971a00c82fb1442081691942e8cd2965ddd8b2aa688	65019	65179	31	1 МЛН	substantive	0	0	
adilet-0601	adilet	0103559e998a25366d6ad971a00c82fb1442081691942e8cd2965ddd8b2aa688	65180	65295	32	1 МЛН	substantive	0	0	
adilet-0602	adilet	0103559e998a25366d6ad971a00c82fb1442081691942e8cd2965ddd8b2aa688	65296	65425	32	1 МЛН	substantive	0	0	
adilet-0603	adilet	0103559e998a25366d6ad971a00c82fb1442081691942e8cd2965ddd8b2aa688	65426	65511	32	1 МЛН	substantive	0	0	
adilet-0604	adilet	0103559e998a25366d6ad971a00c82fb1442081691942e8cd2965ddd8b2aa688	65512	65663	32	1 МЛН	substantive	1	0	
adilet-0605	adilet	0103559e998a25366d6ad971a00c82fb1442081691942e8cd2965ddd8b2aa688	65664	65741	32	1 МЛН	substantive	0	0	
adilet-0606	adilet	0103559e998a25366d6ad971a00c82fb1442081691942e8cd2965ddd8b2aa688	65742	65886	32	1 МЛН	substantive	0	0	
adilet-0607	adilet	0103559e998a25366d6ad971a00c82fb1442081691942e8cd2965ddd8b2aa688	65887	66038	32	1 МЛН	substantive	0	0	
adilet-0608	adilet	0103559e998a25366d6ad971a00c82fb1442081691942e8cd2965ddd8b2aa688	66039	66160	32	1 МЛН	substantive	0	0	
adilet-0609	adilet	0103559e998a25366d6ad971a00c82fb1442081691942e8cd2965ddd8b2aa688	66161	66282	32	1 МЛН	substantive	0	0	
adilet-0610	adilet	0103559e998a25366d6ad971a00c82fb1442081691942e8cd2965ddd8b2aa688	66283	66383	32	1 МЛН	substantive	0	0	
adilet-0611	adilet	0103559e998a25366d6ad971a00c82fb1442081691942e8cd2965ddd8b2aa688	66384	66490	32	1 МЛН	substantive	0	0	
adilet-0612	adilet	0103559e998a25366d6ad971a00c82fb1442081691942e8cd2965ddd8b2aa688	66491	66634	32	1 МЛН	substantive	0	0	
adilet-0613	adilet	0103559e998a25366d6ad971a00c82fb1442081691942e8cd2965ddd8b2aa688	66635	66727	32	1 МЛН	substantive	1	1	
adilet-0614	adilet	0103559e998a25366d6ad971a00c82fb1442081691942e8cd2965ddd8b2aa688	66728	66856	32	1 МЛН	substantive	0	0	
adilet-0615	adilet	0103559e998a25366d6ad971a00c82fb1442081691942e8cd2965ddd8b2aa688	66857	66905	32	1 МЛН	substantive	0	0	
adilet-0616	adilet	0103559e998a25366d6ad971a00c82fb1442081691942e8cd2965ddd8b2aa688	66906	67057	32	1 МЛН	substantive	0	0	
adilet-0617	adilet	0103559e998a25366d6ad971a00c82fb1442081691942e8cd2965ddd8b2aa688	67058	67196	32	1 МЛН	substantive	0	0	
adilet-0618	adilet	0103559e998a25366d6ad971a00c82fb1442081691942e8cd2965ddd8b2aa688	67197	67336	32	1 МЛН	substantive	0	0	
adilet-0619	adilet	0103559e998a25366d6ad971a00c82fb1442081691942e8cd2965ddd8b2aa688	67337	67398	32	1 МЛН / 4.8. Агропромышленный комплекс: от самообеспечения к экспорту	structural	1	0	
adilet-0620	adilet	0103559e998a25366d6ad971a00c82fb1442081691942e8cd2965ddd8b2aa688	67399	67585	32	1 МЛН / 4.8. Агропромышленный комплекс: от самообеспечения к экспорту	substantive	0	0	
adilet-0621	adilet	0103559e998a25366d6ad971a00c82fb1442081691942e8cd2965ddd8b2aa688	67586	67772	32	1 МЛН / 4.8. Агропромышленный комплекс: от самообеспечения к экспорту	substantive	0	0	
adilet-0622	adilet	0103559e998a25366d6ad971a00c82fb1442081691942e8cd2965ddd8b2aa688	67773	67981	33	1 МЛН / 4.8. Агропромышленный комплекс: от самообеспечения к экспорту	substantive	0	0	
adilet-0623	adilet	0103559e998a25366d6ad971a00c82fb1442081691942e8cd2965ddd8b2aa688	67982	68064	33	1 МЛН / 4.8. Агропромышленный комплекс: от самообеспечения к экспорту	substantive	0	0	
adilet-0624	adilet	0103559e998a25366d6ad971a00c82fb1442081691942e8cd2965ddd8b2aa688	68065	68233	33	1 МЛН / 4.8. Агропромышленный комплекс: от самообеспечения к экспорту	substantive	0	0	
adilet-0625	adilet	0103559e998a25366d6ad971a00c82fb1442081691942e8cd2965ddd8b2aa688	68234	68407	33	1 МЛН / 4.8. Агропромышленный комплекс: от самообеспечения к экспорту	substantive	0	0	
adilet-0626	adilet	0103559e998a25366d6ad971a00c82fb1442081691942e8cd2965ddd8b2aa688	68408	68515	33	1 МЛН / 4.8. Агропромышленный комплекс: от самообеспечения к экспорту	substantive	0	0	
adilet-0627	adilet	0103559e998a25366d6ad971a00c82fb1442081691942e8cd2965ddd8b2aa688	68516	68660	33	1 МЛН / 4.8. Агропромышленный комплекс: от самообеспечения к экспорту	substantive	0	0	
adilet-0628	adilet	0103559e998a25366d6ad971a00c82fb1442081691942e8cd2965ddd8b2aa688	68661	68764	33	1 МЛН / 4.8. Агропромышленный комплекс: от самообеспечения к экспорту	substantive	0	0	
adilet-0629	adilet	0103559e998a25366d6ad971a00c82fb1442081691942e8cd2965ddd8b2aa688	68765	68863	33	1 МЛН / 4.8. Агропромышленный комплекс: от самообеспечения к экспорту	substantive	0	0	
adilet-0630	adilet	0103559e998a25366d6ad971a00c82fb1442081691942e8cd2965ddd8b2aa688	68864	69013	33	1 МЛН / 4.8. Агропромышленный комплекс: от самообеспечения к экспорту	substantive	0	0	
adilet-0631	adilet	0103559e998a25366d6ad971a00c82fb1442081691942e8cd2965ddd8b2aa688	69014	69064	33	1 МЛН / 4.8. Агропромышленный комплекс: от самообеспечения к экспорту	substantive	0	0	
adilet-0632	adilet	0103559e998a25366d6ad971a00c82fb1442081691942e8cd2965ddd8b2aa688	69065	69239	33	1 МЛН / 4.8. Агропромышленный комплекс: от самообеспечения к экспорту	substantive	0	0	
adilet-0633	adilet	0103559e998a25366d6ad971a00c82fb1442081691942e8cd2965ddd8b2aa688	69240	69426	33	1 МЛН / 4.8. Агропромышленный комплекс: от самообеспечения к экспорту	substantive	1	1	
adilet-0634	adilet	0103559e998a25366d6ad971a00c82fb1442081691942e8cd2965ddd8b2aa688	69427	69475	33	1 МЛН / 4.8. Агропромышленный комплекс: от самообеспечения к экспорту	substantive	0	0	
adilet-0635	adilet	0103559e998a25366d6ad971a00c82fb1442081691942e8cd2965ddd8b2aa688	69476	69614	33	1 МЛН / 4.8. Агропромышленный комплекс: от самообеспечения к экспорту	substantive	0	0	
adilet-0636	adilet	0103559e998a25366d6ad971a00c82fb1442081691942e8cd2965ddd8b2aa688	69615	69741	33	1 МЛН / 4.8. Агропромышленный комплекс: от самообеспечения к экспорту	substantive	0	0	
adilet-0637	adilet	0103559e998a25366d6ad971a00c82fb1442081691942e8cd2965ddd8b2aa688	69742	69859	33	1 МЛН / 4.8. Агропромышленный комплекс: от самообеспечения к экспорту	substantive	0	0	
adilet-0638	adilet	0103559e998a25366d6ad971a00c82fb1442081691942e8cd2965ddd8b2aa688	69860	70102	33	1 МЛН / 4.8. Агропромышленный комплекс: от самообеспечения к экспорту	substantive	1	0	
adilet-0639	adilet	0103559e998a25366d6ad971a00c82fb1442081691942e8cd2965ddd8b2aa688	70103	70185	34	1 МЛН / 4.8. Агропромышленный комплекс: от самообеспечения к экспорту	substantive	1	0	
adilet-0640	adilet	0103559e998a25366d6ad971a00c82fb1442081691942e8cd2965ddd8b2aa688	70186	70257	34	1 МЛН / 4.8. Агропромышленный комплекс: от самообеспечения к экспорту	substantive	1	0	
adilet-0641	adilet	0103559e998a25366d6ad971a00c82fb1442081691942e8cd2965ddd8b2aa688	70258	70472	34	1 МЛН / 4.8. Агропромышленный комплекс: от самообеспечения к экспорту	substantive	0	0	
adilet-0642	adilet	0103559e998a25366d6ad971a00c82fb1442081691942e8cd2965ddd8b2aa688	70473	70485	34	2,5 МИЛЛИОНА	structural	1	0	
adilet-0643	adilet	0103559e998a25366d6ad971a00c82fb1442081691942e8cd2965ddd8b2aa688	70486	70547	34	2,5 МИЛЛИОНА	substantive	0	0	
adilet-0644	adilet	0103559e998a25366d6ad971a00c82fb1442081691942e8cd2965ddd8b2aa688	70548	70752	34	2,5 МИЛЛИОНА	substantive	1	1	
adilet-0645	adilet	0103559e998a25366d6ad971a00c82fb1442081691942e8cd2965ddd8b2aa688	70753	70835	34	2,5 МИЛЛИОНА	substantive	0	0	
adilet-0646	adilet	0103559e998a25366d6ad971a00c82fb1442081691942e8cd2965ddd8b2aa688	70836	71029	34	2,5 МИЛЛИОНА	substantive	0	0	
adilet-0647	adilet	0103559e998a25366d6ad971a00c82fb1442081691942e8cd2965ddd8b2aa688	71030	71120	34	2,5 МИЛЛИОНА	substantive	0	0	
adilet-0648	adilet	0103559e998a25366d6ad971a00c82fb1442081691942e8cd2965ddd8b2aa688	71121	71134	34	2,6 МИЛЛИАРДА	structural	1	0	
adilet-0649	adilet	0103559e998a25366d6ad971a00c82fb1442081691942e8cd2965ddd8b2aa688	71135	71261	34	2,6 МИЛЛИАРДА	substantive	1	1	
adilet-0650	adilet	0103559e998a25366d6ad971a00c82fb1442081691942e8cd2965ddd8b2aa688	71262	71407	34	2,6 МИЛЛИАРДА	substantive	0	0	
adilet-0651	adilet	0103559e998a25366d6ad971a00c82fb1442081691942e8cd2965ddd8b2aa688	71408	71493	34	2,6 МИЛЛИАРДА	substantive	1	0	
adilet-0652	adilet	0103559e998a25366d6ad971a00c82fb1442081691942e8cd2965ddd8b2aa688	71494	71651	34	2,6 МИЛЛИАРДА	substantive	1	0	
adilet-0653	adilet	0103559e998a25366d6ad971a00c82fb1442081691942e8cd2965ddd8b2aa688	71652	71789	34	2,6 МИЛЛИАРДА	substantive	0	0	
adilet-0654	adilet	0103559e998a25366d6ad971a00c82fb1442081691942e8cd2965ddd8b2aa688	71790	71826	34	2,6 МИЛЛИАРДА	substantive	0	0	
adilet-0655	adilet	0103559e998a25366d6ad971a00c82fb1442081691942e8cd2965ddd8b2aa688	71827	72013	34	2,6 МИЛЛИАРДА	substantive	0	0	
adilet-0656	adilet	0103559e998a25366d6ad971a00c82fb1442081691942e8cd2965ddd8b2aa688	72014	72131	34	2,6 МИЛЛИАРДА	substantive	0	0	
adilet-0657	adilet	0103559e998a25366d6ad971a00c82fb1442081691942e8cd2965ddd8b2aa688	72132	72270	34	2,6 МИЛЛИАРДА	substantive	0	0	
adilet-0658	adilet	0103559e998a25366d6ad971a00c82fb1442081691942e8cd2965ddd8b2aa688	72271	72408	34	2,6 МИЛЛИАРДА	substantive	0	0	
adilet-0659	adilet	0103559e998a25366d6ad971a00c82fb1442081691942e8cd2965ddd8b2aa688	72409	72450	34	2,6 МИЛЛИАРДА	substantive	0	0	
adilet-0660	adilet	0103559e998a25366d6ad971a00c82fb1442081691942e8cd2965ddd8b2aa688	72451	72653	34	2,6 МИЛЛИАРДА	substantive	0	0	
adilet-0661	adilet	0103559e998a25366d6ad971a00c82fb1442081691942e8cd2965ddd8b2aa688	72654	72757	34	2,6 МИЛЛИАРДА	substantive	0	0	
adilet-0662	adilet	0103559e998a25366d6ad971a00c82fb1442081691942e8cd2965ddd8b2aa688	72758	72859	35	2,6 МИЛЛИАРДА	substantive	0	0	
adilet-0663	adilet	0103559e998a25366d6ad971a00c82fb1442081691942e8cd2965ddd8b2aa688	72860	72993	35	2,6 МИЛЛИАРДА	substantive	1	0	
adilet-0664	adilet	0103559e998a25366d6ad971a00c82fb1442081691942e8cd2965ddd8b2aa688	72994	73107	35	2,6 МИЛЛИАРДА	substantive	0	0	
adilet-0665	adilet	0103559e998a25366d6ad971a00c82fb1442081691942e8cd2965ddd8b2aa688	73108	73182	35	2,6 МИЛЛИАРДА	substantive	0	0	
adilet-0666	adilet	0103559e998a25366d6ad971a00c82fb1442081691942e8cd2965ddd8b2aa688	73183	73360	35	2,6 МИЛЛИАРДА	substantive	0	0	
adilet-0667	adilet	0103559e998a25366d6ad971a00c82fb1442081691942e8cd2965ddd8b2aa688	73361	73464	35	2,6 МИЛЛИАРДА	substantive	0	0	
adilet-0668	adilet	0103559e998a25366d6ad971a00c82fb1442081691942e8cd2965ddd8b2aa688	73465	73590	35	2,6 МИЛЛИАРДА	substantive	0	0	
adilet-0669	adilet	0103559e998a25366d6ad971a00c82fb1442081691942e8cd2965ddd8b2aa688	73591	73779	35	2,6 МИЛЛИАРДА	substantive	0	0	
adilet-0670	adilet	0103559e998a25366d6ad971a00c82fb1442081691942e8cd2965ddd8b2aa688	73780	73829	35	2,6 МИЛЛИАРДА	substantive	1	1	
adilet-0671	adilet	0103559e998a25366d6ad971a00c82fb1442081691942e8cd2965ddd8b2aa688	73830	73864	35	2,6 МИЛЛИАРДА	substantive	0	0	
adilet-0672	adilet	0103559e998a25366d6ad971a00c82fb1442081691942e8cd2965ddd8b2aa688	73865	74099	35	2,6 МИЛЛИАРДА	substantive	1	0	
adilet-0673	adilet	0103559e998a25366d6ad971a00c82fb1442081691942e8cd2965ddd8b2aa688	74100	74224	35	2,6 МИЛЛИАРДА	substantive	0	0	
adilet-0674	adilet	0103559e998a25366d6ad971a00c82fb1442081691942e8cd2965ddd8b2aa688	74230	74415	35	2,6 МИЛЛИАРДА	substantive	0	0	
adilet-0675	adilet	0103559e998a25366d6ad971a00c82fb1442081691942e8cd2965ddd8b2aa688	74416	74739	35	2,6 МИЛЛИАРДА	substantive	0	0	
adilet-0676	adilet	0103559e998a25366d6ad971a00c82fb1442081691942e8cd2965ddd8b2aa688	74740	75126	35	2,6 МИЛЛИАРДА	substantive	0	0	
adilet-0677	adilet	0103559e998a25366d6ad971a00c82fb1442081691942e8cd2965ddd8b2aa688	75127	75139	36	100МИЛЛИОНОВ	structural	1	0	
adilet-0678	adilet	0103559e998a25366d6ad971a00c82fb1442081691942e8cd2965ddd8b2aa688	75140	75210	36	100МИЛЛИОНОВ	substantive	1	0	
adilet-0679	adilet	0103559e998a25366d6ad971a00c82fb1442081691942e8cd2965ddd8b2aa688	75211	75360	36	100МИЛЛИОНОВ	substantive	0	0	
adilet-0680	adilet	0103559e998a25366d6ad971a00c82fb1442081691942e8cd2965ddd8b2aa688	75361	75448	36	100МИЛЛИОНОВ	substantive	1	1	
adilet-0681	adilet	0103559e998a25366d6ad971a00c82fb1442081691942e8cd2965ddd8b2aa688	75449	75545	36	100МИЛЛИОНОВ	substantive	1	1	
adilet-0682	adilet	0103559e998a25366d6ad971a00c82fb1442081691942e8cd2965ddd8b2aa688	75546	75587	36	100МИЛЛИОНОВ	substantive	1	0	
adilet-0683	adilet	0103559e998a25366d6ad971a00c82fb1442081691942e8cd2965ddd8b2aa688	75588	75741	36	100МИЛЛИОНОВ	substantive	1	0	
adilet-0684	adilet	0103559e998a25366d6ad971a00c82fb1442081691942e8cd2965ddd8b2aa688	75742	75807	36	100МИЛЛИОНОВ	substantive	0	0	
adilet-0685	adilet	0103559e998a25366d6ad971a00c82fb1442081691942e8cd2965ddd8b2aa688	75808	75931	36	100МИЛЛИОНОВ	substantive	0	0	
adilet-0686	adilet	0103559e998a25366d6ad971a00c82fb1442081691942e8cd2965ddd8b2aa688	75932	75999	36	100МИЛЛИОНОВ	substantive	0	0	
adilet-0687	adilet	0103559e998a25366d6ad971a00c82fb1442081691942e8cd2965ddd8b2aa688	76000	76067	36	100МИЛЛИОНОВ	substantive	0	0	
adilet-0688	adilet	0103559e998a25366d6ad971a00c82fb1442081691942e8cd2965ddd8b2aa688	76068	76122	36	100МИЛЛИОНОВ	substantive	1	1	
adilet-0689	adilet	0103559e998a25366d6ad971a00c82fb1442081691942e8cd2965ddd8b2aa688	76123	76216	36	100МИЛЛИОНОВ	substantive	0	0	
adilet-0690	adilet	0103559e998a25366d6ad971a00c82fb1442081691942e8cd2965ddd8b2aa688	76217	76266	36	100МИЛЛИОНОВ	substantive	0	0	
adilet-0691	adilet	0103559e998a25366d6ad971a00c82fb1442081691942e8cd2965ddd8b2aa688	76267	76374	36	100МИЛЛИОНОВ	substantive	1	1	
adilet-0692	adilet	0103559e998a25366d6ad971a00c82fb1442081691942e8cd2965ddd8b2aa688	76375	76539	36	100МИЛЛИОНОВ	substantive	0	0	
adilet-0693	adilet	0103559e998a25366d6ad971a00c82fb1442081691942e8cd2965ddd8b2aa688	76540	76647	36	100МИЛЛИОНОВ	substantive	1	0	
adilet-0694	adilet	0103559e998a25366d6ad971a00c82fb1442081691942e8cd2965ddd8b2aa688	76648	76825	36	100МИЛЛИОНОВ	substantive	0	0	
adilet-0695	adilet	0103559e998a25366d6ad971a00c82fb1442081691942e8cd2965ddd8b2aa688	76826	76954	36	100МИЛЛИОНОВ	substantive	0	0	
adilet-0696	adilet	0103559e998a25366d6ad971a00c82fb1442081691942e8cd2965ddd8b2aa688	76955	77068	36	100МИЛЛИОНОВ	substantive	0	0	
adilet-0697	adilet	0103559e998a25366d6ad971a00c82fb1442081691942e8cd2965ddd8b2aa688	77069	77174	36	100МИЛЛИОНОВ	substantive	0	0	
adilet-0698	adilet	0103559e998a25366d6ad971a00c82fb1442081691942e8cd2965ddd8b2aa688	77175	77238	36	100МИЛЛИОНОВ	substantive	0	0	
adilet-0699	adilet	0103559e998a25366d6ad971a00c82fb1442081691942e8cd2965ddd8b2aa688	77239	77311	36	100МИЛЛИОНОВ	substantive	0	0	
adilet-0700	adilet	0103559e998a25366d6ad971a00c82fb1442081691942e8cd2965ddd8b2aa688	77312	77498	36	100МИЛЛИОНОВ	substantive	0	0	
adilet-0701	adilet	0103559e998a25366d6ad971a00c82fb1442081691942e8cd2965ddd8b2aa688	77499	77506	37	200МЛРД	structural	1	0	
adilet-0702	adilet	0103559e998a25366d6ad971a00c82fb1442081691942e8cd2965ddd8b2aa688	77507	77654	37	200МЛРД	substantive	1	1	
adilet-0703	adilet	0103559e998a25366d6ad971a00c82fb1442081691942e8cd2965ddd8b2aa688	77655	77780	37	200МЛРД	substantive	0	0	
adilet-0704	adilet	0103559e998a25366d6ad971a00c82fb1442081691942e8cd2965ddd8b2aa688	77781	77850	37	200МЛРД	substantive	0	0	
adilet-0705	adilet	0103559e998a25366d6ad971a00c82fb1442081691942e8cd2965ddd8b2aa688	77851	77999	37	200МЛРД	substantive	0	0	
adilet-0706	adilet	0103559e998a25366d6ad971a00c82fb1442081691942e8cd2965ddd8b2aa688	78000	78054	37	200МЛРД	substantive	0	0	
adilet-0707	adilet	0103559e998a25366d6ad971a00c82fb1442081691942e8cd2965ddd8b2aa688	78055	78128	37	200МЛРД	substantive	1	0	
adilet-0708	adilet	0103559e998a25366d6ad971a00c82fb1442081691942e8cd2965ddd8b2aa688	78129	78222	37	200МЛРД	substantive	1	1	
adilet-0709	adilet	0103559e998a25366d6ad971a00c82fb1442081691942e8cd2965ddd8b2aa688	78223	78285	37	200МЛРД	substantive	1	0	
adilet-0710	adilet	0103559e998a25366d6ad971a00c82fb1442081691942e8cd2965ddd8b2aa688	78286	78450	37	200МЛРД	substantive	1	1	
adilet-0711	adilet	0103559e998a25366d6ad971a00c82fb1442081691942e8cd2965ddd8b2aa688	78451	78588	37	200МЛРД	substantive	1	0	
adilet-0712	adilet	0103559e998a25366d6ad971a00c82fb1442081691942e8cd2965ddd8b2aa688	78589	78737	37	200МЛРД	substantive	0	0	
adilet-0713	adilet	0103559e998a25366d6ad971a00c82fb1442081691942e8cd2965ddd8b2aa688	78738	78902	37	200МЛРД	substantive	0	0	
adilet-0714	adilet	0103559e998a25366d6ad971a00c82fb1442081691942e8cd2965ddd8b2aa688	78903	78991	37	200МЛРД	substantive	0	0	
adilet-0715	adilet	0103559e998a25366d6ad971a00c82fb1442081691942e8cd2965ddd8b2aa688	78992	79205	37	200МЛРД	substantive	0	0	
adilet-0716	adilet	0103559e998a25366d6ad971a00c82fb1442081691942e8cd2965ddd8b2aa688	79206	79291	37	200МЛРД	substantive	0	0	
adilet-0717	adilet	0103559e998a25366d6ad971a00c82fb1442081691942e8cd2965ddd8b2aa688	79292	79341	37	200МЛРД	substantive	0	0	
adilet-0718	adilet	0103559e998a25366d6ad971a00c82fb1442081691942e8cd2965ddd8b2aa688	79342	79464	37	200МЛРД	substantive	0	0	
adilet-0719	adilet	0103559e998a25366d6ad971a00c82fb1442081691942e8cd2965ddd8b2aa688	79465	79610	37	200МЛРД	substantive	0	0	
adilet-0720	adilet	0103559e998a25366d6ad971a00c82fb1442081691942e8cd2965ddd8b2aa688	79611	79781	37	200МЛРД	substantive	0	0	
adilet-0721	adilet	0103559e998a25366d6ad971a00c82fb1442081691942e8cd2965ddd8b2aa688	79782	79905	38	200МЛРД	substantive	0	0	
adilet-0722	adilet	0103559e998a25366d6ad971a00c82fb1442081691942e8cd2965ddd8b2aa688	79906	80109	38	200МЛРД	substantive	0	0	
adilet-0723	adilet	0103559e998a25366d6ad971a00c82fb1442081691942e8cd2965ddd8b2aa688	80110	80259	38	200МЛРД	substantive	0	0	
adilet-0724	adilet	0103559e998a25366d6ad971a00c82fb1442081691942e8cd2965ddd8b2aa688	80260	80507	38	200МЛРД	substantive	0	0	
adilet-0725	adilet	0103559e998a25366d6ad971a00c82fb1442081691942e8cd2965ddd8b2aa688	80508	80567	38	200МЛРД	substantive	1	1	
adilet-0726	adilet	0103559e998a25366d6ad971a00c82fb1442081691942e8cd2965ddd8b2aa688	80568	80695	38	200МЛРД	substantive	0	0	
adilet-0727	adilet	0103559e998a25366d6ad971a00c82fb1442081691942e8cd2965ddd8b2aa688	80696	80885	38	200МЛРД	substantive	0	0	
adilet-0728	adilet	0103559e998a25366d6ad971a00c82fb1442081691942e8cd2965ddd8b2aa688	80886	81013	38	200МЛРД	substantive	0	0	
adilet-0729	adilet	0103559e998a25366d6ad971a00c82fb1442081691942e8cd2965ddd8b2aa688	81014	81202	38	200МЛРД	substantive	0	0	
adilet-0730	adilet	0103559e998a25366d6ad971a00c82fb1442081691942e8cd2965ddd8b2aa688	81203	81331	38	200МЛРД	substantive	0	0	
adilet-0731	adilet	0103559e998a25366d6ad971a00c82fb1442081691942e8cd2965ddd8b2aa688	81332	81402	38	200МЛРД	substantive	0	0	
adilet-0732	adilet	0103559e998a25366d6ad971a00c82fb1442081691942e8cd2965ddd8b2aa688	81403	81459	38	200МЛРД	substantive	0	0	
adilet-0733	adilet	0103559e998a25366d6ad971a00c82fb1442081691942e8cd2965ddd8b2aa688	81460	81563	38	200МЛРД	substantive	0	0	
adilet-0734	adilet	0103559e998a25366d6ad971a00c82fb1442081691942e8cd2965ddd8b2aa688	81564	81726	38	200МЛРД	substantive	0	0	
adilet-0735	adilet	0103559e998a25366d6ad971a00c82fb1442081691942e8cd2965ddd8b2aa688	81727	81805	38	200МЛРД	substantive	0	0	
adilet-0736	adilet	0103559e998a25366d6ad971a00c82fb1442081691942e8cd2965ddd8b2aa688	81806	81928	38	200МЛРД	substantive	0	0	
adilet-0737	adilet	0103559e998a25366d6ad971a00c82fb1442081691942e8cd2965ddd8b2aa688	81929	82009	38	200МЛРД	substantive	0	0	
adilet-0738	adilet	0103559e998a25366d6ad971a00c82fb1442081691942e8cd2965ddd8b2aa688	82010	82153	38	200МЛРД	substantive	0	0	
adilet-0739	adilet	0103559e998a25366d6ad971a00c82fb1442081691942e8cd2965ddd8b2aa688	82154	82250	38	200МЛРД	substantive	0	0	
adilet-0740	adilet	0103559e998a25366d6ad971a00c82fb1442081691942e8cd2965ddd8b2aa688	82251	82315	38	200МЛРД	substantive	0	0	
adilet-0741	adilet	0103559e998a25366d6ad971a00c82fb1442081691942e8cd2965ddd8b2aa688	82316	82393	38	200МЛРД	substantive	0	0	
adilet-0742	adilet	0103559e998a25366d6ad971a00c82fb1442081691942e8cd2965ddd8b2aa688	82394	82484	38	200МЛРД	substantive	0	0	
adilet-0743	adilet	0103559e998a25366d6ad971a00c82fb1442081691942e8cd2965ddd8b2aa688	82485	82584	38	200МЛРД	substantive	0	0	
adilet-0744	adilet	0103559e998a25366d6ad971a00c82fb1442081691942e8cd2965ddd8b2aa688	82585	82593	39	РАЗДЕЛ 5	structural	1	0	
adilet-0745	adilet	0103559e998a25366d6ad971a00c82fb1442081691942e8cd2965ddd8b2aa688	82594	82616	39	5 ЦИФРОВОЕ ГОСУДАРСТВО	structural	1	0	
adilet-0746	adilet	0103559e998a25366d6ad971a00c82fb1442081691942e8cd2965ddd8b2aa688	82622	82811	39	5 ЦИФРОВОЕ ГОСУДАРСТВО	substantive	0	0	
adilet-0747	adilet	0103559e998a25366d6ad971a00c82fb1442081691942e8cd2965ddd8b2aa688	82812	82991	39	5 ЦИФРОВОЕ ГОСУДАРСТВО	substantive	0	0	
adilet-0748	adilet	0103559e998a25366d6ad971a00c82fb1442081691942e8cd2965ddd8b2aa688	82992	83197	39	5 ЦИФРОВОЕ ГОСУДАРСТВО	substantive	0	0	
adilet-0749	adilet	0103559e998a25366d6ad971a00c82fb1442081691942e8cd2965ddd8b2aa688	83198	83293	39	5 ЦИФРОВОЕ ГОСУДАРСТВО	substantive	0	0	
adilet-0750	adilet	0103559e998a25366d6ad971a00c82fb1442081691942e8cd2965ddd8b2aa688	83294	83341	39	5 ЦИФРОВОЕ ГОСУДАРСТВО	substantive	0	0	
adilet-0751	adilet	0103559e998a25366d6ad971a00c82fb1442081691942e8cd2965ddd8b2aa688	83342	83548	39	5 ЦИФРОВОЕ ГОСУДАРСТВО	substantive	0	0	
adilet-0752	adilet	0103559e998a25366d6ad971a00c82fb1442081691942e8cd2965ddd8b2aa688	83549	83634	39	5 ЦИФРОВОЕ ГОСУДАРСТВО	substantive	0	0	
adilet-0753	adilet	0103559e998a25366d6ad971a00c82fb1442081691942e8cd2965ddd8b2aa688	83635	83682	39	5 ЦИФРОВОЕ ГОСУДАРСТВО	substantive	0	0	
adilet-0754	adilet	0103559e998a25366d6ad971a00c82fb1442081691942e8cd2965ddd8b2aa688	83683	83751	39	5 ЦИФРОВОЕ ГОСУДАРСТВО	substantive	0	0	
adilet-0755	adilet	0103559e998a25366d6ad971a00c82fb1442081691942e8cd2965ddd8b2aa688	83752	83867	39	5 ЦИФРОВОЕ ГОСУДАРСТВО	substantive	0	0	
adilet-0756	adilet	0103559e998a25366d6ad971a00c82fb1442081691942e8cd2965ddd8b2aa688	83868	84096	39	5 ЦИФРОВОЕ ГОСУДАРСТВО	substantive	0	0	
adilet-0757	adilet	0103559e998a25366d6ad971a00c82fb1442081691942e8cd2965ddd8b2aa688	84105	84148	39	5 ЦИФРОВОЕ ГОСУДАРСТВО	substantive	0	0	
adilet-0758	adilet	0103559e998a25366d6ad971a00c82fb1442081691942e8cd2965ddd8b2aa688	84149	84374	39	5 ЦИФРОВОЕ ГОСУДАРСТВО	substantive	1	0	
adilet-0759	adilet	0103559e998a25366d6ad971a00c82fb1442081691942e8cd2965ddd8b2aa688	84383	84521	39	5 ЦИФРОВОЕ ГОСУДАРСТВО	substantive	0	0	
adilet-0760	adilet	0103559e998a25366d6ad971a00c82fb1442081691942e8cd2965ddd8b2aa688	84522	84569	39	5 ЦИФРОВОЕ ГОСУДАРСТВО	substantive	1	0	
adilet-0761	adilet	0103559e998a25366d6ad971a00c82fb1442081691942e8cd2965ddd8b2aa688	84570	84685	40	5 ЦИФРОВОЕ ГОСУДАРСТВО	substantive	0	0	
adilet-0762	adilet	0103559e998a25366d6ad971a00c82fb1442081691942e8cd2965ddd8b2aa688	84686	84799	40	5 ЦИФРОВОЕ ГОСУДАРСТВО	substantive	1	0	
adilet-0763	adilet	0103559e998a25366d6ad971a00c82fb1442081691942e8cd2965ddd8b2aa688	84800	84957	40	5 ЦИФРОВОЕ ГОСУДАРСТВО	substantive	1	0	
adilet-0764	adilet	0103559e998a25366d6ad971a00c82fb1442081691942e8cd2965ddd8b2aa688	84958	85157	40	5 ЦИФРОВОЕ ГОСУДАРСТВО	substantive	0	0	
adilet-0765	adilet	0103559e998a25366d6ad971a00c82fb1442081691942e8cd2965ddd8b2aa688	85158	85409	40	5 ЦИФРОВОЕ ГОСУДАРСТВО	substantive	0	0	
adilet-0766	adilet	0103559e998a25366d6ad971a00c82fb1442081691942e8cd2965ddd8b2aa688	85410	85460	40	5 ЦИФРОВОЕ ГОСУДАРСТВО	substantive	0	0	
adilet-0767	adilet	0103559e998a25366d6ad971a00c82fb1442081691942e8cd2965ddd8b2aa688	85461	85621	40	5 ЦИФРОВОЕ ГОСУДАРСТВО	substantive	0	0	
adilet-0768	adilet	0103559e998a25366d6ad971a00c82fb1442081691942e8cd2965ddd8b2aa688	85622	85753	40	5 ЦИФРОВОЕ ГОСУДАРСТВО	substantive	0	0	
adilet-0769	adilet	0103559e998a25366d6ad971a00c82fb1442081691942e8cd2965ddd8b2aa688	85754	85840	40	5 ЦИФРОВОЕ ГОСУДАРСТВО	substantive	0	0	
adilet-0770	adilet	0103559e998a25366d6ad971a00c82fb1442081691942e8cd2965ddd8b2aa688	85841	85892	40	5 ЦИФРОВОЕ ГОСУДАРСТВО	substantive	0	0	
adilet-0771	adilet	0103559e998a25366d6ad971a00c82fb1442081691942e8cd2965ddd8b2aa688	85893	86077	40	5 ЦИФРОВОЕ ГОСУДАРСТВО	substantive	0	0	
adilet-0772	adilet	0103559e998a25366d6ad971a00c82fb1442081691942e8cd2965ddd8b2aa688	86078	86223	40	5 ЦИФРОВОЕ ГОСУДАРСТВО	substantive	0	0	
adilet-0773	adilet	0103559e998a25366d6ad971a00c82fb1442081691942e8cd2965ddd8b2aa688	86229	86428	40	5 ЦИФРОВОЕ ГОСУДАРСТВО	substantive	1	0	
adilet-0774	adilet	0103559e998a25366d6ad971a00c82fb1442081691942e8cd2965ddd8b2aa688	86429	86649	40	5 ЦИФРОВОЕ ГОСУДАРСТВО	substantive	1	0	
adilet-0775	adilet	0103559e998a25366d6ad971a00c82fb1442081691942e8cd2965ddd8b2aa688	86650	86830	40	5 ЦИФРОВОЕ ГОСУДАРСТВО	substantive	0	0	
adilet-0776	adilet	0103559e998a25366d6ad971a00c82fb1442081691942e8cd2965ddd8b2aa688	86831	86978	40	5 ЦИФРОВОЕ ГОСУДАРСТВО	substantive	1	0	
adilet-0777	adilet	0103559e998a25366d6ad971a00c82fb1442081691942e8cd2965ddd8b2aa688	86979	87047	41	5 ЦИФРОВОЕ ГОСУДАРСТВО	substantive	0	0	
adilet-0778	adilet	0103559e998a25366d6ad971a00c82fb1442081691942e8cd2965ddd8b2aa688	87048	87116	41	5 ЦИФРОВОЕ ГОСУДАРСТВО	substantive	0	0	
adilet-0779	adilet	0103559e998a25366d6ad971a00c82fb1442081691942e8cd2965ddd8b2aa688	87117	87322	41	5 ЦИФРОВОЕ ГОСУДАРСТВО	substantive	1	0	
adilet-0780	adilet	0103559e998a25366d6ad971a00c82fb1442081691942e8cd2965ddd8b2aa688	87323	87533	41	5 ЦИФРОВОЕ ГОСУДАРСТВО	substantive	0	0	
adilet-0781	adilet	0103559e998a25366d6ad971a00c82fb1442081691942e8cd2965ddd8b2aa688	87534	87588	41	5 ЦИФРОВОЕ ГОСУДАРСТВО	substantive	0	0	
adilet-0782	adilet	0103559e998a25366d6ad971a00c82fb1442081691942e8cd2965ddd8b2aa688	87589	87835	41	5 ЦИФРОВОЕ ГОСУДАРСТВО	substantive	0	0	
adilet-0783	adilet	0103559e998a25366d6ad971a00c82fb1442081691942e8cd2965ddd8b2aa688	87836	87896	41	5 ЦИФРОВОЕ ГОСУДАРСТВО	substantive	0	0	
adilet-0784	adilet	0103559e998a25366d6ad971a00c82fb1442081691942e8cd2965ddd8b2aa688	87897	88096	41	5 ЦИФРОВОЕ ГОСУДАРСТВО	substantive	1	0	
adilet-0785	adilet	0103559e998a25366d6ad971a00c82fb1442081691942e8cd2965ddd8b2aa688	88097	88219	41	5 ЦИФРОВОЕ ГОСУДАРСТВО	substantive	0	0	
adilet-0786	adilet	0103559e998a25366d6ad971a00c82fb1442081691942e8cd2965ddd8b2aa688	88220	88340	41	5 ЦИФРОВОЕ ГОСУДАРСТВО	substantive	0	0	
adilet-0787	adilet	0103559e998a25366d6ad971a00c82fb1442081691942e8cd2965ddd8b2aa688	88341	88525	41	5 ЦИФРОВОЕ ГОСУДАРСТВО	substantive	0	0	
adilet-0788	adilet	0103559e998a25366d6ad971a00c82fb1442081691942e8cd2965ddd8b2aa688	88526	88631	41	5 ЦИФРОВОЕ ГОСУДАРСТВО	substantive	0	0	
adilet-0789	adilet	0103559e998a25366d6ad971a00c82fb1442081691942e8cd2965ddd8b2aa688	88632	88738	41	5 ЦИФРОВОЕ ГОСУДАРСТВО	substantive	0	0	
adilet-0790	adilet	0103559e998a25366d6ad971a00c82fb1442081691942e8cd2965ddd8b2aa688	88739	88834	41	5 ЦИФРОВОЕ ГОСУДАРСТВО	substantive	1	0	
adilet-0791	adilet	0103559e998a25366d6ad971a00c82fb1442081691942e8cd2965ddd8b2aa688	88835	88948	41	5 ЦИФРОВОЕ ГОСУДАРСТВО	substantive	0	0	
adilet-0792	adilet	0103559e998a25366d6ad971a00c82fb1442081691942e8cd2965ddd8b2aa688	88949	89043	41	5 ЦИФРОВОЕ ГОСУДАРСТВО	substantive	0	0	
adilet-0793	adilet	0103559e998a25366d6ad971a00c82fb1442081691942e8cd2965ddd8b2aa688	89044	89230	41	5 ЦИФРОВОЕ ГОСУДАРСТВО	substantive	0	0	
adilet-0794	adilet	0103559e998a25366d6ad971a00c82fb1442081691942e8cd2965ddd8b2aa688	89231	89463	41	5 ЦИФРОВОЕ ГОСУДАРСТВО	substantive	0	0	
adilet-0795	adilet	0103559e998a25366d6ad971a00c82fb1442081691942e8cd2965ddd8b2aa688	89464	89553	41	5 ЦИФРОВОЕ ГОСУДАРСТВО	substantive	0	0	
adilet-0796	adilet	0103559e998a25366d6ad971a00c82fb1442081691942e8cd2965ddd8b2aa688	89554	89597	41	5 ЦИФРОВОЕ ГОСУДАРСТВО	substantive	0	0	
adilet-0797	adilet	0103559e998a25366d6ad971a00c82fb1442081691942e8cd2965ddd8b2aa688	89598	89696	42	5 ЦИФРОВОЕ ГОСУДАРСТВО	substantive	0	0	
adilet-0798	adilet	0103559e998a25366d6ad971a00c82fb1442081691942e8cd2965ddd8b2aa688	89697	89739	42	5 ЦИФРОВОЕ ГОСУДАРСТВО	substantive	0	0	
adilet-0799	adilet	0103559e998a25366d6ad971a00c82fb1442081691942e8cd2965ddd8b2aa688	89740	89846	42	5 ЦИФРОВОЕ ГОСУДАРСТВО	substantive	0	0	
adilet-0800	adilet	0103559e998a25366d6ad971a00c82fb1442081691942e8cd2965ddd8b2aa688	89847	89972	42	5 ЦИФРОВОЕ ГОСУДАРСТВО	substantive	0	0	
adilet-0801	adilet	0103559e998a25366d6ad971a00c82fb1442081691942e8cd2965ddd8b2aa688	89973	90026	42	5 ЦИФРОВОЕ ГОСУДАРСТВО	substantive	0	0	
adilet-0802	adilet	0103559e998a25366d6ad971a00c82fb1442081691942e8cd2965ddd8b2aa688	90027	90155	42	5 ЦИФРОВОЕ ГОСУДАРСТВО	substantive	0	0	
adilet-0803	adilet	0103559e998a25366d6ad971a00c82fb1442081691942e8cd2965ddd8b2aa688	90156	90305	42	5 ЦИФРОВОЕ ГОСУДАРСТВО	substantive	0	0	
adilet-0804	adilet	0103559e998a25366d6ad971a00c82fb1442081691942e8cd2965ddd8b2aa688	90306	90410	42	5 ЦИФРОВОЕ ГОСУДАРСТВО	substantive	0	0	
adilet-0805	adilet	0103559e998a25366d6ad971a00c82fb1442081691942e8cd2965ddd8b2aa688	90411	90487	42	5 ЦИФРОВОЕ ГОСУДАРСТВО	substantive	0	0	
adilet-0806	adilet	0103559e998a25366d6ad971a00c82fb1442081691942e8cd2965ddd8b2aa688	90488	90594	42	5 ЦИФРОВОЕ ГОСУДАРСТВО	substantive	0	0	
adilet-0807	adilet	0103559e998a25366d6ad971a00c82fb1442081691942e8cd2965ddd8b2aa688	90595	90758	42	5 ЦИФРОВОЕ ГОСУДАРСТВО	substantive	0	0	
adilet-0808	adilet	0103559e998a25366d6ad971a00c82fb1442081691942e8cd2965ddd8b2aa688	90759	90872	42	5 ЦИФРОВОЕ ГОСУДАРСТВО	substantive	0	0	
adilet-0809	adilet	0103559e998a25366d6ad971a00c82fb1442081691942e8cd2965ddd8b2aa688	90873	90987	42	5 ЦИФРОВОЕ ГОСУДАРСТВО	substantive	0	0	
adilet-0810	adilet	0103559e998a25366d6ad971a00c82fb1442081691942e8cd2965ddd8b2aa688	90988	91150	42	5 ЦИФРОВОЕ ГОСУДАРСТВО	substantive	0	0	
adilet-0811	adilet	0103559e998a25366d6ad971a00c82fb1442081691942e8cd2965ddd8b2aa688	91151	91193	42	5 ЦИФРОВОЕ ГОСУДАРСТВО	substantive	0	0	
adilet-0812	adilet	0103559e998a25366d6ad971a00c82fb1442081691942e8cd2965ddd8b2aa688	91194	91276	42	5 ЦИФРОВОЕ ГОСУДАРСТВО	substantive	1	0	
adilet-0813	adilet	0103559e998a25366d6ad971a00c82fb1442081691942e8cd2965ddd8b2aa688	91277	91376	42	5 ЦИФРОВОЕ ГОСУДАРСТВО	substantive	0	0	
adilet-0814	adilet	0103559e998a25366d6ad971a00c82fb1442081691942e8cd2965ddd8b2aa688	91377	91468	42	5 ЦИФРОВОЕ ГОСУДАРСТВО	substantive	0	0	
adilet-0815	adilet	0103559e998a25366d6ad971a00c82fb1442081691942e8cd2965ddd8b2aa688	91469	91680	42	5 ЦИФРОВОЕ ГОСУДАРСТВО	substantive	0	0	
adilet-0816	adilet	0103559e998a25366d6ad971a00c82fb1442081691942e8cd2965ddd8b2aa688	91681	91740	42	5 ЦИФРОВОЕ ГОСУДАРСТВО	substantive	1	0	
adilet-0817	adilet	0103559e998a25366d6ad971a00c82fb1442081691942e8cd2965ddd8b2aa688	91741	91954	42	5 ЦИФРОВОЕ ГОСУДАРСТВО	substantive	0	0	
adilet-0818	adilet	0103559e998a25366d6ad971a00c82fb1442081691942e8cd2965ddd8b2aa688	91955	92078	42	5 ЦИФРОВОЕ ГОСУДАРСТВО	substantive	0	0	
adilet-0819	adilet	0103559e998a25366d6ad971a00c82fb1442081691942e8cd2965ddd8b2aa688	92079	92270	43	5 ЦИФРОВОЕ ГОСУДАРСТВО	substantive	0	0	
adilet-0820	adilet	0103559e998a25366d6ad971a00c82fb1442081691942e8cd2965ddd8b2aa688	92271	92472	43	5 ЦИФРОВОЕ ГОСУДАРСТВО	substantive	0	0	
adilet-0821	adilet	0103559e998a25366d6ad971a00c82fb1442081691942e8cd2965ddd8b2aa688	92473	92635	43	5 ЦИФРОВОЕ ГОСУДАРСТВО	substantive	0	0	
adilet-0822	adilet	0103559e998a25366d6ad971a00c82fb1442081691942e8cd2965ddd8b2aa688	92636	92807	43	5 ЦИФРОВОЕ ГОСУДАРСТВО	substantive	0	0	
adilet-0823	adilet	0103559e998a25366d6ad971a00c82fb1442081691942e8cd2965ddd8b2aa688	92808	92818	43	5МИЛЛИОНОВ	structural	1	0	
adilet-0824	adilet	0103559e998a25366d6ad971a00c82fb1442081691942e8cd2965ddd8b2aa688	92819	93032	43	5МИЛЛИОНОВ	substantive	1	0	
adilet-0825	adilet	0103559e998a25366d6ad971a00c82fb1442081691942e8cd2965ddd8b2aa688	93033	93262	43	5МИЛЛИОНОВ	substantive	0	0	
adilet-0826	adilet	0103559e998a25366d6ad971a00c82fb1442081691942e8cd2965ddd8b2aa688	93263	93383	43	5МИЛЛИОНОВ	substantive	0	0	
adilet-0827	adilet	0103559e998a25366d6ad971a00c82fb1442081691942e8cd2965ddd8b2aa688	93384	93420	43	5МИЛЛИОНОВ / 5.3. Права человека в цифровой среде	structural	1	0	
adilet-0828	adilet	0103559e998a25366d6ad971a00c82fb1442081691942e8cd2965ddd8b2aa688	93421	93571	43	5МИЛЛИОНОВ / 5.3. Права человека в цифровой среде	substantive	0	0	
adilet-0829	adilet	0103559e998a25366d6ad971a00c82fb1442081691942e8cd2965ddd8b2aa688	93572	93682	43	5МИЛЛИОНОВ / 5.3. Права человека в цифровой среде	substantive	0	0	
adilet-0830	adilet	0103559e998a25366d6ad971a00c82fb1442081691942e8cd2965ddd8b2aa688	93683	93740	43	5МИЛЛИОНОВ / 5.3. Права человека в цифровой среде	substantive	0	0	
adilet-0831	adilet	0103559e998a25366d6ad971a00c82fb1442081691942e8cd2965ddd8b2aa688	93741	93992	43	5МИЛЛИОНОВ / 5.3. Права человека в цифровой среде	substantive	0	0	
adilet-0832	adilet	0103559e998a25366d6ad971a00c82fb1442081691942e8cd2965ddd8b2aa688	93993	94078	43	5МИЛЛИОНОВ / 5.3. Права человека в цифровой среде	substantive	0	0	
adilet-0833	adilet	0103559e998a25366d6ad971a00c82fb1442081691942e8cd2965ddd8b2aa688	94079	94215	43	5МИЛЛИОНОВ / 5.3. Права человека в цифровой среде	substantive	0	0	
adilet-0834	adilet	0103559e998a25366d6ad971a00c82fb1442081691942e8cd2965ddd8b2aa688	94216	94349	44	5МИЛЛИОНОВ / 5.3. Права человека в цифровой среде	substantive	0	0	
adilet-0835	adilet	0103559e998a25366d6ad971a00c82fb1442081691942e8cd2965ddd8b2aa688	94350	94480	44	5МИЛЛИОНОВ / 5.3. Права человека в цифровой среде	substantive	0	0	
adilet-0836	adilet	0103559e998a25366d6ad971a00c82fb1442081691942e8cd2965ddd8b2aa688	94481	94689	44	5МИЛЛИОНОВ / 5.3. Права человека в цифровой среде	substantive	0	0	
adilet-0837	adilet	0103559e998a25366d6ad971a00c82fb1442081691942e8cd2965ddd8b2aa688	94690	94885	44	5МИЛЛИОНОВ / 5.3. Права человека в цифровой среде	substantive	0	0	
adilet-0838	adilet	0103559e998a25366d6ad971a00c82fb1442081691942e8cd2965ddd8b2aa688	94886	94894	44	РАЗДЕЛ 6	structural	1	0	
adilet-0839	adilet	0103559e998a25366d6ad971a00c82fb1442081691942e8cd2965ddd8b2aa688	94895	94922	44	6 СОЦИАЛЬНАЯ СОЛИДАРНОСТЬ И	structural	1	0	
adilet-0840	adilet	0103559e998a25366d6ad971a00c82fb1442081691942e8cd2965ddd8b2aa688	94923	94941	44	АДРЕСНАЯ ПОДДЕРЖКА	structural	0	0	
adilet-0841	adilet	0103559e998a25366d6ad971a00c82fb1442081691942e8cd2965ddd8b2aa688	94942	95068	44	АДРЕСНАЯ ПОДДЕРЖКА	substantive	0	0	
adilet-0842	adilet	0103559e998a25366d6ad971a00c82fb1442081691942e8cd2965ddd8b2aa688	95069	95246	44	АДРЕСНАЯ ПОДДЕРЖКА	substantive	0	0	
adilet-0843	adilet	0103559e998a25366d6ad971a00c82fb1442081691942e8cd2965ddd8b2aa688	95247	95254	44	4,6 МЛН	structural	1	0	
adilet-0844	adilet	0103559e998a25366d6ad971a00c82fb1442081691942e8cd2965ddd8b2aa688	95255	95333	44	4,6 МЛН	substantive	1	0	
adilet-0845	adilet	0103559e998a25366d6ad971a00c82fb1442081691942e8cd2965ddd8b2aa688	95334	95519	44	4,6 МЛН	substantive	1	0	
adilet-0846	adilet	0103559e998a25366d6ad971a00c82fb1442081691942e8cd2965ddd8b2aa688	95520	95583	44	4,6 МЛН / 6.1. Справедливая помощь: от категорий – к реальной нуждаемости	structural	1	0	
adilet-0847	adilet	0103559e998a25366d6ad971a00c82fb1442081691942e8cd2965ddd8b2aa688	95584	95761	44	4,6 МЛН / 6.1. Справедливая помощь: от категорий – к реальной нуждаемости	substantive	0	0	
adilet-0848	adilet	0103559e998a25366d6ad971a00c82fb1442081691942e8cd2965ddd8b2aa688	95762	95946	44	4,6 МЛН / 6.1. Справедливая помощь: от категорий – к реальной нуждаемости	substantive	0	0	
adilet-0849	adilet	0103559e998a25366d6ad971a00c82fb1442081691942e8cd2965ddd8b2aa688	95947	95987	45	4,6 МЛН / 6.1. Справедливая помощь: от категорий – к реальной нуждаемости	substantive	0	0	
adilet-0850	adilet	0103559e998a25366d6ad971a00c82fb1442081691942e8cd2965ddd8b2aa688	95988	96071	45	4,6 МЛН / 6.1. Справедливая помощь: от категорий – к реальной нуждаемости	substantive	0	0	
adilet-0851	adilet	0103559e998a25366d6ad971a00c82fb1442081691942e8cd2965ddd8b2aa688	96072	96150	45	4,6 МЛН / 6.1. Справедливая помощь: от категорий – к реальной нуждаемости	substantive	0	0	
adilet-0852	adilet	0103559e998a25366d6ad971a00c82fb1442081691942e8cd2965ddd8b2aa688	96151	96203	45	4,6 МЛН / 6.1. Справедливая помощь: от категорий – к реальной нуждаемости	substantive	0	0	
adilet-0853	adilet	0103559e998a25366d6ad971a00c82fb1442081691942e8cd2965ddd8b2aa688	96204	96310	45	4,6 МЛН / 6.1. Справедливая помощь: от категорий – к реальной нуждаемости	substantive	0	0	
adilet-0854	adilet	0103559e998a25366d6ad971a00c82fb1442081691942e8cd2965ddd8b2aa688	96311	96361	45	4,6 МЛН / 6.1. Справедливая помощь: от категорий – к реальной нуждаемости	substantive	0	0	
adilet-0855	adilet	0103559e998a25366d6ad971a00c82fb1442081691942e8cd2965ddd8b2aa688	96362	96469	45	4,6 МЛН / 6.1. Справедливая помощь: от категорий – к реальной нуждаемости	substantive	0	0	
adilet-0856	adilet	0103559e998a25366d6ad971a00c82fb1442081691942e8cd2965ddd8b2aa688	96470	96577	45	4,6 МЛН / 6.1. Справедливая помощь: от категорий – к реальной нуждаемости	substantive	0	0	
adilet-0857	adilet	0103559e998a25366d6ad971a00c82fb1442081691942e8cd2965ddd8b2aa688	96578	96696	45	4,6 МЛН / 6.1. Справедливая помощь: от категорий – к реальной нуждаемости	substantive	0	0	
adilet-0858	adilet	0103559e998a25366d6ad971a00c82fb1442081691942e8cd2965ddd8b2aa688	96697	96754	45	4,6 МЛН / 6.1. Справедливая помощь: от категорий – к реальной нуждаемости	substantive	0	0	
adilet-0859	adilet	0103559e998a25366d6ad971a00c82fb1442081691942e8cd2965ddd8b2aa688	96755	96883	45	4,6 МЛН / 6.1. Справедливая помощь: от категорий – к реальной нуждаемости	substantive	0	0	
adilet-0860	adilet	0103559e998a25366d6ad971a00c82fb1442081691942e8cd2965ddd8b2aa688	96884	96998	45	4,6 МЛН / 6.1. Справедливая помощь: от категорий – к реальной нуждаемости	substantive	0	0	
adilet-0861	adilet	0103559e998a25366d6ad971a00c82fb1442081691942e8cd2965ddd8b2aa688	96999	97035	45	4,6 МЛН / 6.2. Поддержка семьи, детей и женщин	structural	1	0	
adilet-0862	adilet	0103559e998a25366d6ad971a00c82fb1442081691942e8cd2965ddd8b2aa688	97036	97084	45	4,6 МЛН / 6.2. Поддержка семьи, детей и женщин	substantive	0	0	
adilet-0863	adilet	0103559e998a25366d6ad971a00c82fb1442081691942e8cd2965ddd8b2aa688	97085	97164	45	4,6 МЛН / 6.2. Поддержка семьи, детей и женщин	substantive	0	0	
adilet-0864	adilet	0103559e998a25366d6ad971a00c82fb1442081691942e8cd2965ddd8b2aa688	97165	97259	45	4,6 МЛН / 6.2. Поддержка семьи, детей и женщин	substantive	0	0	
adilet-0865	adilet	0103559e998a25366d6ad971a00c82fb1442081691942e8cd2965ddd8b2aa688	97260	97323	45	4,6 МЛН / 6.2. Поддержка семьи, детей и женщин	substantive	0	0	
adilet-0866	adilet	0103559e998a25366d6ad971a00c82fb1442081691942e8cd2965ddd8b2aa688	97324	97438	45	4,6 МЛН / 6.2. Поддержка семьи, детей и женщин	substantive	0	0	
adilet-0867	adilet	0103559e998a25366d6ad971a00c82fb1442081691942e8cd2965ddd8b2aa688	97439	97489	45	4,6 МЛН / 6.2. Поддержка семьи, детей и женщин	substantive	0	0	
adilet-0868	adilet	0103559e998a25366d6ad971a00c82fb1442081691942e8cd2965ddd8b2aa688	97490	97530	45	4,6 МЛН / 6.2. Поддержка семьи, детей и женщин	substantive	0	0	
adilet-0869	adilet	0103559e998a25366d6ad971a00c82fb1442081691942e8cd2965ddd8b2aa688	97531	97705	45	4,6 МЛН / 6.2. Поддержка семьи, детей и женщин	substantive	0	0	
adilet-0870	adilet	0103559e998a25366d6ad971a00c82fb1442081691942e8cd2965ddd8b2aa688	97706	97883	45	4,6 МЛН / 6.2. Поддержка семьи, детей и женщин	substantive	0	0	
adilet-0871	adilet	0103559e998a25366d6ad971a00c82fb1442081691942e8cd2965ddd8b2aa688	97884	98024	45	4,6 МЛН / 6.2. Поддержка семьи, детей и женщин	substantive	1	0	
adilet-0872	adilet	0103559e998a25366d6ad971a00c82fb1442081691942e8cd2965ddd8b2aa688	98025	98125	45	4,6 МЛН / 6.2. Поддержка семьи, детей и женщин	substantive	0	0	
adilet-0873	adilet	0103559e998a25366d6ad971a00c82fb1442081691942e8cd2965ddd8b2aa688	98126	98217	46	4,6 МЛН / 6.2. Поддержка семьи, детей и женщин	substantive	0	0	
adilet-0874	adilet	0103559e998a25366d6ad971a00c82fb1442081691942e8cd2965ddd8b2aa688	98218	98330	46	4,6 МЛН / 6.2. Поддержка семьи, детей и женщин	substantive	0	0	
adilet-0875	adilet	0103559e998a25366d6ad971a00c82fb1442081691942e8cd2965ddd8b2aa688	98331	98479	46	4,6 МЛН / 6.2. Поддержка семьи, детей и женщин	substantive	0	0	
adilet-0876	adilet	0103559e998a25366d6ad971a00c82fb1442081691942e8cd2965ddd8b2aa688	98480	98542	46	4,6 МЛН / 6.3. Старшее поколение: достойная пенсия и активное долголетие	structural	1	0	
adilet-0877	adilet	0103559e998a25366d6ad971a00c82fb1442081691942e8cd2965ddd8b2aa688	98543	98595	46	4,6 МЛН / 6.3. Старшее поколение: достойная пенсия и активное долголетие	substantive	0	0	
adilet-0878	adilet	0103559e998a25366d6ad971a00c82fb1442081691942e8cd2965ddd8b2aa688	98596	98666	46	4,6 МЛН / 6.3. Старшее поколение: достойная пенсия и активное долголетие	substantive	0	0	
adilet-0879	adilet	0103559e998a25366d6ad971a00c82fb1442081691942e8cd2965ddd8b2aa688	98667	98821	46	4,6 МЛН / 6.3. Старшее поколение: достойная пенсия и активное долголетие	substantive	0	0	
adilet-0880	adilet	0103559e998a25366d6ad971a00c82fb1442081691942e8cd2965ddd8b2aa688	98822	98940	46	4,6 МЛН / 6.3. Старшее поколение: достойная пенсия и активное долголетие	substantive	0	0	
adilet-0881	adilet	0103559e998a25366d6ad971a00c82fb1442081691942e8cd2965ddd8b2aa688	98941	99043	46	4,6 МЛН / 6.3. Старшее поколение: достойная пенсия и активное долголетие	substantive	0	0	
adilet-0882	adilet	0103559e998a25366d6ad971a00c82fb1442081691942e8cd2965ddd8b2aa688	99044	99111	46	4,6 МЛН / 6.3. Старшее поколение: достойная пенсия и активное долголетие	substantive	0	0	
adilet-0883	adilet	0103559e998a25366d6ad971a00c82fb1442081691942e8cd2965ddd8b2aa688	99112	99195	46	4,6 МЛН / 6.3. Старшее поколение: достойная пенсия и активное долголетие	substantive	0	0	
adilet-0884	adilet	0103559e998a25366d6ad971a00c82fb1442081691942e8cd2965ddd8b2aa688	99196	99343	46	4,6 МЛН / 6.3. Старшее поколение: достойная пенсия и активное долголетие	substantive	0	0	
adilet-0885	adilet	0103559e998a25366d6ad971a00c82fb1442081691942e8cd2965ddd8b2aa688	99344	99482	46	4,6 МЛН / 6.3. Старшее поколение: достойная пенсия и активное долголетие	substantive	0	0	
adilet-0886	adilet	0103559e998a25366d6ad971a00c82fb1442081691942e8cd2965ddd8b2aa688	99483	99548	46	4,6 МЛН / 6.3. Старшее поколение: достойная пенсия и активное долголетие	substantive	0	0	
adilet-0887	adilet	0103559e998a25366d6ad971a00c82fb1442081691942e8cd2965ddd8b2aa688	99549	99722	46	4,6 МЛН / 6.3. Старшее поколение: достойная пенсия и активное долголетие	substantive	0	0	
adilet-0888	adilet	0103559e998a25366d6ad971a00c82fb1442081691942e8cd2965ddd8b2aa688	99723	99982	46	4,6 МЛН / 6.3. Старшее поколение: достойная пенсия и активное долголетие	substantive	0	0	
adilet-0889	adilet	0103559e998a25366d6ad971a00c82fb1442081691942e8cd2965ddd8b2aa688	99983	100023	47	4,6 МЛН / 6.4. Инклюзия: жить и работать на равных	structural	1	0	
adilet-0890	adilet	0103559e998a25366d6ad971a00c82fb1442081691942e8cd2965ddd8b2aa688	100024	100120	47	4,6 МЛН / 6.4. Инклюзия: жить и работать на равных	substantive	1	0	
adilet-0891	adilet	0103559e998a25366d6ad971a00c82fb1442081691942e8cd2965ddd8b2aa688	100121	100192	47	4,6 МЛН / 6.4. Инклюзия: жить и работать на равных	substantive	0	0	
adilet-0892	adilet	0103559e998a25366d6ad971a00c82fb1442081691942e8cd2965ddd8b2aa688	100193	100350	47	4,6 МЛН / 6.4. Инклюзия: жить и работать на равных	substantive	0	0	
adilet-0893	adilet	0103559e998a25366d6ad971a00c82fb1442081691942e8cd2965ddd8b2aa688	100351	100443	47	4,6 МЛН / 6.4. Инклюзия: жить и работать на равных	substantive	0	0	
adilet-0894	adilet	0103559e998a25366d6ad971a00c82fb1442081691942e8cd2965ddd8b2aa688	100444	100618	47	4,6 МЛН / 6.4. Инклюзия: жить и работать на равных	substantive	0	0	
adilet-0895	adilet	0103559e998a25366d6ad971a00c82fb1442081691942e8cd2965ddd8b2aa688	100619	100719	47	4,6 МЛН / 6.4. Инклюзия: жить и работать на равных	substantive	0	0	
adilet-0896	adilet	0103559e998a25366d6ad971a00c82fb1442081691942e8cd2965ddd8b2aa688	100720	100968	47	4,6 МЛН / 6.4. Инклюзия: жить и работать на равных	substantive	0	0	
adilet-0897	adilet	0103559e998a25366d6ad971a00c82fb1442081691942e8cd2965ddd8b2aa688	100969	101136	47	4,6 МЛН / 6.4. Инклюзия: жить и работать на равных	substantive	0	0	
adilet-0898	adilet	0103559e998a25366d6ad971a00c82fb1442081691942e8cd2965ddd8b2aa688	101137	101324	47	4,6 МЛН / 6.4. Инклюзия: жить и работать на равных	substantive	1	0	
adilet-0899	adilet	0103559e998a25366d6ad971a00c82fb1442081691942e8cd2965ddd8b2aa688	101325	101442	47	4,6 МЛН / 6.4. Инклюзия: жить и работать на равных	substantive	1	0	
adilet-0900	adilet	0103559e998a25366d6ad971a00c82fb1442081691942e8cd2965ddd8b2aa688	101443	101564	47	4,6 МЛН / 6.4. Инклюзия: жить и работать на равных	substantive	1	0	
adilet-0901	adilet	0103559e998a25366d6ad971a00c82fb1442081691942e8cd2965ddd8b2aa688	101565	101610	47	4,6 МЛН / 6.4. Инклюзия: жить и работать на равных	substantive	0	0	
adilet-0902	adilet	0103559e998a25366d6ad971a00c82fb1442081691942e8cd2965ddd8b2aa688	101611	101737	47	4,6 МЛН / 6.4. Инклюзия: жить и работать на равных	substantive	0	0	
adilet-0903	adilet	0103559e998a25366d6ad971a00c82fb1442081691942e8cd2965ddd8b2aa688	101738	101886	47	4,6 МЛН / 6.4. Инклюзия: жить и работать на равных	substantive	0	0	
adilet-0904	adilet	0103559e998a25366d6ad971a00c82fb1442081691942e8cd2965ddd8b2aa688	101887	102036	47	4,6 МЛН / 6.4. Инклюзия: жить и работать на равных	substantive	0	0	
adilet-0905	adilet	0103559e998a25366d6ad971a00c82fb1442081691942e8cd2965ddd8b2aa688	102037	102205	48	4,6 МЛН / 6.4. Инклюзия: жить и работать на равных	substantive	0	0	
adilet-0906	adilet	0103559e998a25366d6ad971a00c82fb1442081691942e8cd2965ddd8b2aa688	102206	102294	48	4,6 МЛН / 6.4. Инклюзия: жить и работать на равных	substantive	0	0	
adilet-0907	adilet	0103559e998a25366d6ad971a00c82fb1442081691942e8cd2965ddd8b2aa688	102295	102421	48	4,6 МЛН / 6.4. Инклюзия: жить и работать на равных	substantive	0	0	
adilet-0908	adilet	0103559e998a25366d6ad971a00c82fb1442081691942e8cd2965ddd8b2aa688	102422	102517	48	4,6 МЛН / 6.4. Инклюзия: жить и работать на равных	substantive	0	0	
adilet-0909	adilet	0103559e998a25366d6ad971a00c82fb1442081691942e8cd2965ddd8b2aa688	102518	102662	48	4,6 МЛН / 6.4. Инклюзия: жить и работать на равных	substantive	0	0	
adilet-0910	adilet	0103559e998a25366d6ad971a00c82fb1442081691942e8cd2965ddd8b2aa688	102663	102836	48	4,6 МЛН / 6.4. Инклюзия: жить и работать на равных	substantive	0	0	
adilet-0911	adilet	0103559e998a25366d6ad971a00c82fb1442081691942e8cd2965ddd8b2aa688	102837	102901	48	4,6 МЛН / 6.4. Инклюзия: жить и работать на равных	substantive	0	0	
adilet-0912	adilet	0103559e998a25366d6ad971a00c82fb1442081691942e8cd2965ddd8b2aa688	102902	103006	48	4,6 МЛН / 6.4. Инклюзия: жить и работать на равных	substantive	0	0	
adilet-0913	adilet	0103559e998a25366d6ad971a00c82fb1442081691942e8cd2965ddd8b2aa688	103007	103201	48	4,6 МЛН / 6.4. Инклюзия: жить и работать на равных	substantive	0	0	
adilet-0914	adilet	0103559e998a25366d6ad971a00c82fb1442081691942e8cd2965ddd8b2aa688	103202	103320	48	4,6 МЛН / 6.4. Инклюзия: жить и работать на равных	substantive	0	0	
adilet-0915	adilet	0103559e998a25366d6ad971a00c82fb1442081691942e8cd2965ddd8b2aa688	103321	103446	48	4,6 МЛН / 6.4. Инклюзия: жить и работать на равных	substantive	0	0	
adilet-0916	adilet	0103559e998a25366d6ad971a00c82fb1442081691942e8cd2965ddd8b2aa688	103447	103532	48	4,6 МЛН / 6.4. Инклюзия: жить и работать на равных	substantive	0	0	
adilet-0917	adilet	0103559e998a25366d6ad971a00c82fb1442081691942e8cd2965ddd8b2aa688	103533	103695	48	4,6 МЛН / 6.4. Инклюзия: жить и работать на равных	substantive	0	0	
adilet-0918	adilet	0103559e998a25366d6ad971a00c82fb1442081691942e8cd2965ddd8b2aa688	103696	103832	48	4,6 МЛН / 6.4. Инклюзия: жить и работать на равных	substantive	0	0	
adilet-0919	adilet	0103559e998a25366d6ad971a00c82fb1442081691942e8cd2965ddd8b2aa688	103833	103841	48	РАЗДЕЛ 7	structural	1	0	
adilet-0920	adilet	0103559e998a25366d6ad971a00c82fb1442081691942e8cd2965ddd8b2aa688	103842	103876	48	7 СТАВКА НА ЧЕЛОВЕЧЕСКИЙ ПОТЕНЦИАЛ	structural	1	0	
adilet-0921	adilet	0103559e998a25366d6ad971a00c82fb1442081691942e8cd2965ddd8b2aa688	103877	103910	48	7 СТАВКА НА ЧЕЛОВЕЧЕСКИЙ ПОТЕНЦИАЛ	substantive	0	0	
adilet-0922	adilet	0103559e998a25366d6ad971a00c82fb1442081691942e8cd2965ddd8b2aa688	103911	103981	48	7 СТАВКА НА ЧЕЛОВЕЧЕСКИЙ ПОТЕНЦИАЛ	substantive	0	0	
adilet-0923	adilet	0103559e998a25366d6ad971a00c82fb1442081691942e8cd2965ddd8b2aa688	103982	104059	48	7 СТАВКА НА ЧЕЛОВЕЧЕСКИЙ ПОТЕНЦИАЛ	substantive	0	0	
adilet-0924	adilet	0103559e998a25366d6ad971a00c82fb1442081691942e8cd2965ddd8b2aa688	104060	104160	48	7 СТАВКА НА ЧЕЛОВЕЧЕСКИЙ ПОТЕНЦИАЛ	substantive	0	0	
adilet-0925	adilet	0103559e998a25366d6ad971a00c82fb1442081691942e8cd2965ddd8b2aa688	104161	104288	49	7 СТАВКА НА ЧЕЛОВЕЧЕСКИЙ ПОТЕНЦИАЛ	substantive	0	0	
adilet-0926	adilet	0103559e998a25366d6ad971a00c82fb1442081691942e8cd2965ddd8b2aa688	104289	104359	49	7 СТАВКА НА ЧЕЛОВЕЧЕСКИЙ ПОТЕНЦИАЛ	substantive	0	0	
adilet-0927	adilet	0103559e998a25366d6ad971a00c82fb1442081691942e8cd2965ddd8b2aa688	104360	104488	49	7 СТАВКА НА ЧЕЛОВЕЧЕСКИЙ ПОТЕНЦИАЛ	substantive	0	0	
adilet-0928	adilet	0103559e998a25366d6ad971a00c82fb1442081691942e8cd2965ddd8b2aa688	104489	104523	49	7 СТАВКА НА ЧЕЛОВЕЧЕСКИЙ ПОТЕНЦИАЛ	substantive	0	0	
adilet-0929	adilet	0103559e998a25366d6ad971a00c82fb1442081691942e8cd2965ddd8b2aa688	104524	104728	49	7 СТАВКА НА ЧЕЛОВЕЧЕСКИЙ ПОТЕНЦИАЛ	substantive	0	0	
adilet-0930	adilet	0103559e998a25366d6ad971a00c82fb1442081691942e8cd2965ddd8b2aa688	104729	104766	49	7 СТАВКА НА ЧЕЛОВЕЧЕСКИЙ ПОТЕНЦИАЛ / 7.1. Образование: кадры для экономики	structural	1	0	
adilet-0931	adilet	0103559e998a25366d6ad971a00c82fb1442081691942e8cd2965ddd8b2aa688	104767	104823	49	7 СТАВКА НА ЧЕЛОВЕЧЕСКИЙ ПОТЕНЦИАЛ / 7.1. Образование: кадры для экономики	substantive	0	0	
adilet-0932	adilet	0103559e998a25366d6ad971a00c82fb1442081691942e8cd2965ddd8b2aa688	104824	104925	49	7 СТАВКА НА ЧЕЛОВЕЧЕСКИЙ ПОТЕНЦИАЛ / 7.1. Образование: кадры для экономики	substantive	0	0	
adilet-0933	adilet	0103559e998a25366d6ad971a00c82fb1442081691942e8cd2965ddd8b2aa688	104926	105100	49	7 СТАВКА НА ЧЕЛОВЕЧЕСКИЙ ПОТЕНЦИАЛ / 7.1. Образование: кадры для экономики	substantive	0	0	
adilet-0934	adilet	0103559e998a25366d6ad971a00c82fb1442081691942e8cd2965ddd8b2aa688	105101	105269	49	7 СТАВКА НА ЧЕЛОВЕЧЕСКИЙ ПОТЕНЦИАЛ / 7.1. Образование: кадры для экономики	substantive	0	0	
adilet-0935	adilet	0103559e998a25366d6ad971a00c82fb1442081691942e8cd2965ddd8b2aa688	105270	105345	49	7 СТАВКА НА ЧЕЛОВЕЧЕСКИЙ ПОТЕНЦИАЛ / 7.1. Образование: кадры для экономики	substantive	0	0	
adilet-0936	adilet	0103559e998a25366d6ad971a00c82fb1442081691942e8cd2965ddd8b2aa688	105346	105435	49	7 СТАВКА НА ЧЕЛОВЕЧЕСКИЙ ПОТЕНЦИАЛ / 7.1. Образование: кадры для экономики	substantive	0	0	
adilet-0937	adilet	0103559e998a25366d6ad971a00c82fb1442081691942e8cd2965ddd8b2aa688	105436	105571	49	7 СТАВКА НА ЧЕЛОВЕЧЕСКИЙ ПОТЕНЦИАЛ / 7.1. Образование: кадры для экономики	substantive	0	0	
adilet-0938	adilet	0103559e998a25366d6ad971a00c82fb1442081691942e8cd2965ddd8b2aa688	105572	105725	49	7 СТАВКА НА ЧЕЛОВЕЧЕСКИЙ ПОТЕНЦИАЛ / 7.1. Образование: кадры для экономики	substantive	0	0	
adilet-0939	adilet	0103559e998a25366d6ad971a00c82fb1442081691942e8cd2965ddd8b2aa688	105726	105836	49	7 СТАВКА НА ЧЕЛОВЕЧЕСКИЙ ПОТЕНЦИАЛ / 7.1. Образование: кадры для экономики	substantive	1	0	
adilet-0940	adilet	0103559e998a25366d6ad971a00c82fb1442081691942e8cd2965ddd8b2aa688	105837	105931	49	7 СТАВКА НА ЧЕЛОВЕЧЕСКИЙ ПОТЕНЦИАЛ / 7.1. Образование: кадры для экономики	substantive	0	0	
adilet-0941	adilet	0103559e998a25366d6ad971a00c82fb1442081691942e8cd2965ddd8b2aa688	105932	106047	49	7 СТАВКА НА ЧЕЛОВЕЧЕСКИЙ ПОТЕНЦИАЛ / 7.1. Образование: кадры для экономики	substantive	0	0	
adilet-0942	adilet	0103559e998a25366d6ad971a00c82fb1442081691942e8cd2965ddd8b2aa688	106048	106054	49	79 ТЫС	structural	1	0	
adilet-0943	adilet	0103559e998a25366d6ad971a00c82fb1442081691942e8cd2965ddd8b2aa688	106055	106119	49	79 ТЫС	substantive	1	0	
adilet-0944	adilet	0103559e998a25366d6ad971a00c82fb1442081691942e8cd2965ddd8b2aa688	106120	106242	49	79 ТЫС	substantive	1	1	
adilet-0945	adilet	0103559e998a25366d6ad971a00c82fb1442081691942e8cd2965ddd8b2aa688	106243	106249	50	300ТЫС	structural	1	0	
adilet-0946	adilet	0103559e998a25366d6ad971a00c82fb1442081691942e8cd2965ddd8b2aa688	106250	106294	50	300ТЫС	substantive	0	0	
adilet-0947	adilet	0103559e998a25366d6ad971a00c82fb1442081691942e8cd2965ddd8b2aa688	106295	106374	50	300ТЫС	substantive	1	1	
adilet-0948	adilet	0103559e998a25366d6ad971a00c82fb1442081691942e8cd2965ddd8b2aa688	106375	106526	50	300ТЫС	substantive	0	0	
adilet-0949	adilet	0103559e998a25366d6ad971a00c82fb1442081691942e8cd2965ddd8b2aa688	106527	106585	50	300ТЫС	substantive	0	0	
adilet-0950	adilet	0103559e998a25366d6ad971a00c82fb1442081691942e8cd2965ddd8b2aa688	106586	106794	50	300ТЫС	substantive	1	0	
adilet-0951	adilet	0103559e998a25366d6ad971a00c82fb1442081691942e8cd2965ddd8b2aa688	106795	106898	50	300ТЫС	substantive	0	0	
adilet-0952	adilet	0103559e998a25366d6ad971a00c82fb1442081691942e8cd2965ddd8b2aa688	106899	107113	50	300ТЫС	substantive	0	0	
adilet-0953	adilet	0103559e998a25366d6ad971a00c82fb1442081691942e8cd2965ddd8b2aa688	107114	107259	50	300ТЫС	substantive	1	0	
adilet-0954	adilet	0103559e998a25366d6ad971a00c82fb1442081691942e8cd2965ddd8b2aa688	107260	107374	50	300ТЫС	substantive	0	0	
adilet-0955	adilet	0103559e998a25366d6ad971a00c82fb1442081691942e8cd2965ddd8b2aa688	107375	107460	50	300ТЫС	substantive	1	0	
adilet-0956	adilet	0103559e998a25366d6ad971a00c82fb1442081691942e8cd2965ddd8b2aa688	107461	107528	50	300ТЫС	substantive	0	0	
adilet-0957	adilet	0103559e998a25366d6ad971a00c82fb1442081691942e8cd2965ddd8b2aa688	107529	107635	50	300ТЫС	substantive	0	0	
adilet-0958	adilet	0103559e998a25366d6ad971a00c82fb1442081691942e8cd2965ddd8b2aa688	107636	107711	50	300ТЫС	substantive	0	0	
adilet-0959	adilet	0103559e998a25366d6ad971a00c82fb1442081691942e8cd2965ddd8b2aa688	107712	107874	50	300ТЫС	substantive	0	0	
adilet-0960	adilet	0103559e998a25366d6ad971a00c82fb1442081691942e8cd2965ddd8b2aa688	107875	107960	50	300ТЫС	substantive	0	0	
adilet-0961	adilet	0103559e998a25366d6ad971a00c82fb1442081691942e8cd2965ddd8b2aa688	107961	108072	50	300ТЫС	substantive	0	0	
adilet-0962	adilet	0103559e998a25366d6ad971a00c82fb1442081691942e8cd2965ddd8b2aa688	108073	108140	50	300ТЫС	substantive	0	0	
adilet-0963	adilet	0103559e998a25366d6ad971a00c82fb1442081691942e8cd2965ddd8b2aa688	108141	108239	50	300ТЫС	substantive	0	0	
adilet-0964	adilet	0103559e998a25366d6ad971a00c82fb1442081691942e8cd2965ddd8b2aa688	108240	108342	50	300ТЫС	substantive	1	0	
adilet-0965	adilet	0103559e998a25366d6ad971a00c82fb1442081691942e8cd2965ddd8b2aa688	108343	108431	50	300ТЫС	substantive	0	0	
adilet-0966	adilet	0103559e998a25366d6ad971a00c82fb1442081691942e8cd2965ddd8b2aa688	108432	108533	50	300ТЫС	substantive	1	0	
adilet-0967	adilet	0103559e998a25366d6ad971a00c82fb1442081691942e8cd2965ddd8b2aa688	108534	108599	51	300ТЫС	substantive	0	0	
adilet-0968	adilet	0103559e998a25366d6ad971a00c82fb1442081691942e8cd2965ddd8b2aa688	108600	108731	51	300ТЫС	substantive	1	0	
adilet-0969	adilet	0103559e998a25366d6ad971a00c82fb1442081691942e8cd2965ddd8b2aa688	108732	108810	51	300ТЫС	substantive	0	0	
adilet-0970	adilet	0103559e998a25366d6ad971a00c82fb1442081691942e8cd2965ddd8b2aa688	108811	108958	51	300ТЫС	substantive	0	0	
adilet-0971	adilet	0103559e998a25366d6ad971a00c82fb1442081691942e8cd2965ddd8b2aa688	108959	109036	51	300ТЫС	substantive	0	0	
adilet-0972	adilet	0103559e998a25366d6ad971a00c82fb1442081691942e8cd2965ddd8b2aa688	109037	109094	51	300ТЫС	substantive	0	0	
adilet-0973	adilet	0103559e998a25366d6ad971a00c82fb1442081691942e8cd2965ddd8b2aa688	109095	109162	51	300ТЫС	substantive	0	0	
adilet-0974	adilet	0103559e998a25366d6ad971a00c82fb1442081691942e8cd2965ddd8b2aa688	109163	109324	51	300ТЫС	substantive	0	0	
adilet-0975	adilet	0103559e998a25366d6ad971a00c82fb1442081691942e8cd2965ddd8b2aa688	109325	109405	51	300ТЫС	substantive	0	0	
adilet-0976	adilet	0103559e998a25366d6ad971a00c82fb1442081691942e8cd2965ddd8b2aa688	109406	109579	51	300ТЫС	substantive	0	0	
adilet-0977	adilet	0103559e998a25366d6ad971a00c82fb1442081691942e8cd2965ddd8b2aa688	109580	109683	51	300ТЫС	substantive	0	0	
adilet-0978	adilet	0103559e998a25366d6ad971a00c82fb1442081691942e8cd2965ddd8b2aa688	109684	109761	51	300ТЫС	substantive	0	0	
adilet-0979	adilet	0103559e998a25366d6ad971a00c82fb1442081691942e8cd2965ddd8b2aa688	109762	109880	51	300ТЫС	substantive	0	0	
adilet-0980	adilet	0103559e998a25366d6ad971a00c82fb1442081691942e8cd2965ddd8b2aa688	109881	109997	51	300ТЫС	substantive	0	0	
adilet-0981	adilet	0103559e998a25366d6ad971a00c82fb1442081691942e8cd2965ddd8b2aa688	109998	110048	51	300ТЫС	substantive	0	0	
adilet-0982	adilet	0103559e998a25366d6ad971a00c82fb1442081691942e8cd2965ddd8b2aa688	110049	110109	51	300ТЫС	substantive	0	0	
adilet-0983	adilet	0103559e998a25366d6ad971a00c82fb1442081691942e8cd2965ddd8b2aa688	110110	110189	51	300ТЫС	substantive	0	0	
adilet-0984	adilet	0103559e998a25366d6ad971a00c82fb1442081691942e8cd2965ddd8b2aa688	110190	110348	51	300ТЫС	substantive	0	0	
adilet-0985	adilet	0103559e998a25366d6ad971a00c82fb1442081691942e8cd2965ddd8b2aa688	110349	110433	51	300ТЫС	substantive	0	0	
adilet-0986	adilet	0103559e998a25366d6ad971a00c82fb1442081691942e8cd2965ddd8b2aa688	110434	110624	51	300ТЫС	substantive	0	0	
adilet-0987	adilet	0103559e998a25366d6ad971a00c82fb1442081691942e8cd2965ddd8b2aa688	110625	110672	51	300ТЫС	substantive	1	0	
adilet-0988	adilet	0103559e998a25366d6ad971a00c82fb1442081691942e8cd2965ddd8b2aa688	110673	110771	51	300ТЫС	substantive	1	1	
adilet-0989	adilet	0103559e998a25366d6ad971a00c82fb1442081691942e8cd2965ddd8b2aa688	110772	110884	52	300ТЫС	substantive	0	0	
adilet-0990	adilet	0103559e998a25366d6ad971a00c82fb1442081691942e8cd2965ddd8b2aa688	110885	110979	52	300ТЫС	substantive	0	0	
adilet-0991	adilet	0103559e998a25366d6ad971a00c82fb1442081691942e8cd2965ddd8b2aa688	110980	111094	52	300ТЫС	substantive	0	0	
adilet-0992	adilet	0103559e998a25366d6ad971a00c82fb1442081691942e8cd2965ddd8b2aa688	111095	111242	52	300ТЫС	substantive	1	0	
adilet-0993	adilet	0103559e998a25366d6ad971a00c82fb1442081691942e8cd2965ddd8b2aa688	111243	111307	52	300ТЫС	substantive	0	0	
adilet-0994	adilet	0103559e998a25366d6ad971a00c82fb1442081691942e8cd2965ddd8b2aa688	111308	111476	52	300ТЫС	substantive	0	0	
adilet-0995	adilet	0103559e998a25366d6ad971a00c82fb1442081691942e8cd2965ddd8b2aa688	111477	111550	52	300ТЫС	substantive	0	0	
adilet-0996	adilet	0103559e998a25366d6ad971a00c82fb1442081691942e8cd2965ddd8b2aa688	111551	111695	52	300ТЫС	substantive	0	0	
adilet-0997	adilet	0103559e998a25366d6ad971a00c82fb1442081691942e8cd2965ddd8b2aa688	111696	111809	52	300ТЫС	substantive	0	0	
adilet-0998	adilet	0103559e998a25366d6ad971a00c82fb1442081691942e8cd2965ddd8b2aa688	111810	111908	52	300ТЫС	substantive	0	0	
adilet-0999	adilet	0103559e998a25366d6ad971a00c82fb1442081691942e8cd2965ddd8b2aa688	111909	111966	52	300ТЫС / 7.2. Здоровый образ жизни: путь к долгой и активной жизни	structural	1	0	
adilet-1000	adilet	0103559e998a25366d6ad971a00c82fb1442081691942e8cd2965ddd8b2aa688	111967	112004	52	300ТЫС / 7.2. Здоровый образ жизни: путь к долгой и активной жизни	substantive	0	0	
adilet-1001	adilet	0103559e998a25366d6ad971a00c82fb1442081691942e8cd2965ddd8b2aa688	112005	112191	52	300ТЫС / 7.2. Здоровый образ жизни: путь к долгой и активной жизни	substantive	0	0	
adilet-1002	adilet	0103559e998a25366d6ad971a00c82fb1442081691942e8cd2965ddd8b2aa688	112192	112288	52	300ТЫС / 7.2. Здоровый образ жизни: путь к долгой и активной жизни	substantive	0	0	
adilet-1003	adilet	0103559e998a25366d6ad971a00c82fb1442081691942e8cd2965ddd8b2aa688	112289	112385	52	300ТЫС / 7.2. Здоровый образ жизни: путь к долгой и активной жизни	substantive	0	0	
adilet-1004	adilet	0103559e998a25366d6ad971a00c82fb1442081691942e8cd2965ddd8b2aa688	112386	112481	52	300ТЫС / 7.2. Здоровый образ жизни: путь к долгой и активной жизни	substantive	0	0	
adilet-1005	adilet	0103559e998a25366d6ad971a00c82fb1442081691942e8cd2965ddd8b2aa688	112482	112643	52	300ТЫС / 7.2. Здоровый образ жизни: путь к долгой и активной жизни	substantive	1	0	
adilet-1006	adilet	0103559e998a25366d6ad971a00c82fb1442081691942e8cd2965ddd8b2aa688	112644	112689	52	300ТЫС / 7.2. Здоровый образ жизни: путь к долгой и активной жизни	substantive	0	0	
adilet-1007	adilet	0103559e998a25366d6ad971a00c82fb1442081691942e8cd2965ddd8b2aa688	112690	112725	52	300ТЫС / 7.2. Здоровый образ жизни: путь к долгой и активной жизни	substantive	0	0	
adilet-1008	adilet	0103559e998a25366d6ad971a00c82fb1442081691942e8cd2965ddd8b2aa688	112726	112842	52	300ТЫС / 7.2. Здоровый образ жизни: путь к долгой и активной жизни	substantive	0	0	
adilet-1009	adilet	0103559e998a25366d6ad971a00c82fb1442081691942e8cd2965ddd8b2aa688	112843	112929	52	300ТЫС / 7.2. Здоровый образ жизни: путь к долгой и активной жизни	substantive	0	0	
adilet-1010	adilet	0103559e998a25366d6ad971a00c82fb1442081691942e8cd2965ddd8b2aa688	112930	113119	53	300ТЫС / 7.2. Здоровый образ жизни: путь к долгой и активной жизни	substantive	0	0	
adilet-1011	adilet	0103559e998a25366d6ad971a00c82fb1442081691942e8cd2965ddd8b2aa688	113120	113246	53	300ТЫС / 7.2. Здоровый образ жизни: путь к долгой и активной жизни	substantive	0	0	
adilet-1012	adilet	0103559e998a25366d6ad971a00c82fb1442081691942e8cd2965ddd8b2aa688	113247	113428	53	300ТЫС / 7.2. Здоровый образ жизни: путь к долгой и активной жизни	substantive	0	0	
adilet-1013	adilet	0103559e998a25366d6ad971a00c82fb1442081691942e8cd2965ddd8b2aa688	113429	113517	53	300ТЫС / 7.2. Здоровый образ жизни: путь к долгой и активной жизни	substantive	0	0	
adilet-1014	adilet	0103559e998a25366d6ad971a00c82fb1442081691942e8cd2965ddd8b2aa688	113518	113728	53	300ТЫС / 7.2. Здоровый образ жизни: путь к долгой и активной жизни	substantive	0	0	
adilet-1015	adilet	0103559e998a25366d6ad971a00c82fb1442081691942e8cd2965ddd8b2aa688	113729	113928	53	300ТЫС / 7.2. Здоровый образ жизни: путь к долгой и активной жизни	substantive	0	0	
adilet-1016	adilet	0103559e998a25366d6ad971a00c82fb1442081691942e8cd2965ddd8b2aa688	113929	114029	53	300ТЫС / 7.2. Здоровый образ жизни: путь к долгой и активной жизни	substantive	0	0	
adilet-1017	adilet	0103559e998a25366d6ad971a00c82fb1442081691942e8cd2965ddd8b2aa688	114030	114157	53	300ТЫС / 7.2. Здоровый образ жизни: путь к долгой и активной жизни	substantive	1	1	
adilet-1018	adilet	0103559e998a25366d6ad971a00c82fb1442081691942e8cd2965ddd8b2aa688	114158	114295	53	300ТЫС / 7.2. Здоровый образ жизни: путь к долгой и активной жизни	substantive	0	0	
adilet-1019	adilet	0103559e998a25366d6ad971a00c82fb1442081691942e8cd2965ddd8b2aa688	114296	114437	53	300ТЫС / 7.2. Здоровый образ жизни: путь к долгой и активной жизни	substantive	0	0	
adilet-1020	adilet	0103559e998a25366d6ad971a00c82fb1442081691942e8cd2965ddd8b2aa688	114438	114520	53	300ТЫС / 7.2. Здоровый образ жизни: путь к долгой и активной жизни	substantive	0	0	
adilet-1021	adilet	0103559e998a25366d6ad971a00c82fb1442081691942e8cd2965ddd8b2aa688	114521	114561	53	300ТЫС / 7.2. Здоровый образ жизни: путь к долгой и активной жизни	substantive	0	0	
adilet-1022	adilet	0103559e998a25366d6ad971a00c82fb1442081691942e8cd2965ddd8b2aa688	114562	114670	53	300ТЫС / 7.2. Здоровый образ жизни: путь к долгой и активной жизни	substantive	0	0	
adilet-1023	adilet	0103559e998a25366d6ad971a00c82fb1442081691942e8cd2965ddd8b2aa688	114671	114716	53	300ТЫС / 7.3. Здоровье нации: фундамент сильной страны	structural	1	0	
adilet-1024	adilet	0103559e998a25366d6ad971a00c82fb1442081691942e8cd2965ddd8b2aa688	114717	114766	53	300ТЫС / 7.3. Здоровье нации: фундамент сильной страны	substantive	0	0	
adilet-1025	adilet	0103559e998a25366d6ad971a00c82fb1442081691942e8cd2965ddd8b2aa688	114767	114838	53	300ТЫС / 7.3. Здоровье нации: фундамент сильной страны	substantive	0	0	
adilet-1026	adilet	0103559e998a25366d6ad971a00c82fb1442081691942e8cd2965ddd8b2aa688	114839	115021	53	300ТЫС / 7.3. Здоровье нации: фундамент сильной страны	substantive	0	0	
adilet-1027	adilet	0103559e998a25366d6ad971a00c82fb1442081691942e8cd2965ddd8b2aa688	115022	115183	53	300ТЫС / 7.3. Здоровье нации: фундамент сильной страны	substantive	0	0	
adilet-1028	adilet	0103559e998a25366d6ad971a00c82fb1442081691942e8cd2965ddd8b2aa688	115206	115334	54	300ТЫС / 7.3. Здоровье нации: фундамент сильной страны	substantive	0	0	
adilet-1029	adilet	0103559e998a25366d6ad971a00c82fb1442081691942e8cd2965ddd8b2aa688	115335	115447	54	300ТЫС / 7.3. Здоровье нации: фундамент сильной страны	substantive	0	0	
adilet-1030	adilet	0103559e998a25366d6ad971a00c82fb1442081691942e8cd2965ddd8b2aa688	115448	115576	54	300ТЫС / 7.3. Здоровье нации: фундамент сильной страны	substantive	0	0	
adilet-1031	adilet	0103559e998a25366d6ad971a00c82fb1442081691942e8cd2965ddd8b2aa688	115577	115713	54	300ТЫС / 7.3. Здоровье нации: фундамент сильной страны	substantive	0	0	
adilet-1032	adilet	0103559e998a25366d6ad971a00c82fb1442081691942e8cd2965ddd8b2aa688	115714	115721	54	150 ТЫС	structural	1	0	
adilet-1033	adilet	0103559e998a25366d6ad971a00c82fb1442081691942e8cd2965ddd8b2aa688	115722	115901	54	150 ТЫС	substantive	1	0	
adilet-1034	adilet	0103559e998a25366d6ad971a00c82fb1442081691942e8cd2965ddd8b2aa688	115902	116060	54	150 ТЫС	substantive	0	0	
adilet-1035	adilet	0103559e998a25366d6ad971a00c82fb1442081691942e8cd2965ddd8b2aa688	116061	116140	54	150 ТЫС	substantive	0	0	
adilet-1036	adilet	0103559e998a25366d6ad971a00c82fb1442081691942e8cd2965ddd8b2aa688	116141	116299	54	150 ТЫС	substantive	0	0	
adilet-1037	adilet	0103559e998a25366d6ad971a00c82fb1442081691942e8cd2965ddd8b2aa688	116300	116391	54	150 ТЫС	substantive	0	0	
adilet-1038	adilet	0103559e998a25366d6ad971a00c82fb1442081691942e8cd2965ddd8b2aa688	116392	116456	54	150 ТЫС	substantive	1	0	
adilet-1039	adilet	0103559e998a25366d6ad971a00c82fb1442081691942e8cd2965ddd8b2aa688	116457	116775	54	150 ТЫС	substantive	0	0	
adilet-1040	adilet	0103559e998a25366d6ad971a00c82fb1442081691942e8cd2965ddd8b2aa688	116776	116942	54	150 ТЫС	substantive	0	0	
adilet-1041	adilet	0103559e998a25366d6ad971a00c82fb1442081691942e8cd2965ddd8b2aa688	116943	117071	54	150 ТЫС	substantive	0	0	
adilet-1042	adilet	0103559e998a25366d6ad971a00c82fb1442081691942e8cd2965ddd8b2aa688	117072	117251	54	150 ТЫС	substantive	0	0	
adilet-1043	adilet	0103559e998a25366d6ad971a00c82fb1442081691942e8cd2965ddd8b2aa688	117252	117401	55	150 ТЫС	substantive	0	0	
adilet-1044	adilet	0103559e998a25366d6ad971a00c82fb1442081691942e8cd2965ddd8b2aa688	117402	117534	55	150 ТЫС	substantive	1	1	
adilet-1045	adilet	0103559e998a25366d6ad971a00c82fb1442081691942e8cd2965ddd8b2aa688	117535	117639	55	150 ТЫС	substantive	0	0	
adilet-1046	adilet	0103559e998a25366d6ad971a00c82fb1442081691942e8cd2965ddd8b2aa688	117640	117834	55	150 ТЫС	substantive	0	0	
adilet-1047	adilet	0103559e998a25366d6ad971a00c82fb1442081691942e8cd2965ddd8b2aa688	117835	118010	55	150 ТЫС	substantive	0	0	
adilet-1048	adilet	0103559e998a25366d6ad971a00c82fb1442081691942e8cd2965ddd8b2aa688	118011	118140	55	150 ТЫС	substantive	1	0	
adilet-1049	adilet	0103559e998a25366d6ad971a00c82fb1442081691942e8cd2965ddd8b2aa688	118141	118238	55	150 ТЫС	substantive	0	0	
adilet-1050	adilet	0103559e998a25366d6ad971a00c82fb1442081691942e8cd2965ddd8b2aa688	118239	118316	55	150 ТЫС	substantive	0	0	
adilet-1051	adilet	0103559e998a25366d6ad971a00c82fb1442081691942e8cd2965ddd8b2aa688	118317	118356	55	150 ТЫС	substantive	0	0	
adilet-1052	adilet	0103559e998a25366d6ad971a00c82fb1442081691942e8cd2965ddd8b2aa688	118357	118432	55	150 ТЫС	substantive	0	0	
adilet-1053	adilet	0103559e998a25366d6ad971a00c82fb1442081691942e8cd2965ddd8b2aa688	118433	118508	55	150 ТЫС	substantive	0	0	
adilet-1054	adilet	0103559e998a25366d6ad971a00c82fb1442081691942e8cd2965ddd8b2aa688	118509	118747	55	150 ТЫС	substantive	0	0	
adilet-1055	adilet	0103559e998a25366d6ad971a00c82fb1442081691942e8cd2965ddd8b2aa688	118748	118834	55	150 ТЫС	substantive	0	0	
adilet-1056	adilet	0103559e998a25366d6ad971a00c82fb1442081691942e8cd2965ddd8b2aa688	118835	119003	55	150 ТЫС	substantive	0	0	
adilet-1057	adilet	0103559e998a25366d6ad971a00c82fb1442081691942e8cd2965ddd8b2aa688	119004	119196	55	150 ТЫС	substantive	0	0	
adilet-1058	adilet	0103559e998a25366d6ad971a00c82fb1442081691942e8cd2965ddd8b2aa688	119197	119268	55	150 ТЫС	substantive	0	0	
adilet-1059	adilet	0103559e998a25366d6ad971a00c82fb1442081691942e8cd2965ddd8b2aa688	119269	119497	55	150 ТЫС	substantive	0	0	
adilet-1060	adilet	0103559e998a25366d6ad971a00c82fb1442081691942e8cd2965ddd8b2aa688	119498	119616	55	150 ТЫС	substantive	0	0	
adilet-1061	adilet	0103559e998a25366d6ad971a00c82fb1442081691942e8cd2965ddd8b2aa688	119617	119829	55	150 ТЫС	substantive	0	0	
adilet-1062	adilet	0103559e998a25366d6ad971a00c82fb1442081691942e8cd2965ddd8b2aa688	119830	119989	56	150 ТЫС	substantive	1	0	
adilet-1063	adilet	0103559e998a25366d6ad971a00c82fb1442081691942e8cd2965ddd8b2aa688	119990	120103	56	150 ТЫС	substantive	0	0	
adilet-1064	adilet	0103559e998a25366d6ad971a00c82fb1442081691942e8cd2965ddd8b2aa688	120104	120288	56	150 ТЫС	substantive	0	0	
adilet-1065	adilet	0103559e998a25366d6ad971a00c82fb1442081691942e8cd2965ddd8b2aa688	120289	120395	56	150 ТЫС	substantive	0	0	
adilet-1066	adilet	0103559e998a25366d6ad971a00c82fb1442081691942e8cd2965ddd8b2aa688	120396	120591	56	150 ТЫС	substantive	0	0	
adilet-1067	adilet	0103559e998a25366d6ad971a00c82fb1442081691942e8cd2965ddd8b2aa688	120592	120680	56	150 ТЫС	substantive	0	0	
adilet-1068	adilet	0103559e998a25366d6ad971a00c82fb1442081691942e8cd2965ddd8b2aa688	120688	120885	56	150 ТЫС	substantive	1	0	
adilet-1069	adilet	0103559e998a25366d6ad971a00c82fb1442081691942e8cd2965ddd8b2aa688	120886	120968	56	150 ТЫС	substantive	0	0	
adilet-1070	adilet	0103559e998a25366d6ad971a00c82fb1442081691942e8cd2965ddd8b2aa688	120969	121027	56	150 ТЫС / 7.4. Создать условия для самореализации молодого поколения	structural	1	0	
adilet-1071	adilet	0103559e998a25366d6ad971a00c82fb1442081691942e8cd2965ddd8b2aa688	121028	121101	56	150 ТЫС / 7.4. Создать условия для самореализации молодого поколения	substantive	0	0	
adilet-1072	adilet	0103559e998a25366d6ad971a00c82fb1442081691942e8cd2965ddd8b2aa688	121102	121160	56	150 ТЫС / 7.4. Создать условия для самореализации молодого поколения	substantive	0	0	
adilet-1073	adilet	0103559e998a25366d6ad971a00c82fb1442081691942e8cd2965ddd8b2aa688	121161	121328	56	150 ТЫС / 7.4. Создать условия для самореализации молодого поколения	substantive	0	0	
adilet-1074	adilet	0103559e998a25366d6ad971a00c82fb1442081691942e8cd2965ddd8b2aa688	121329	121460	56	150 ТЫС / 7.4. Создать условия для самореализации молодого поколения	substantive	0	0	
adilet-1075	adilet	0103559e998a25366d6ad971a00c82fb1442081691942e8cd2965ddd8b2aa688	121461	121625	56	150 ТЫС / 7.4. Создать условия для самореализации молодого поколения	substantive	0	0	
adilet-1076	adilet	0103559e998a25366d6ad971a00c82fb1442081691942e8cd2965ddd8b2aa688	121626	121782	56	150 ТЫС / 7.4. Создать условия для самореализации молодого поколения	substantive	0	0	
adilet-1077	adilet	0103559e998a25366d6ad971a00c82fb1442081691942e8cd2965ddd8b2aa688	121783	121891	56	150 ТЫС / 7.4. Создать условия для самореализации молодого поколения	substantive	0	0	
adilet-1078	adilet	0103559e998a25366d6ad971a00c82fb1442081691942e8cd2965ddd8b2aa688	121892	122092	56	150 ТЫС / 7.4. Создать условия для самореализации молодого поколения	substantive	0	0	
adilet-1079	adilet	0103559e998a25366d6ad971a00c82fb1442081691942e8cd2965ddd8b2aa688	122093	122098	57	40ТЫС	structural	1	0	
adilet-1080	adilet	0103559e998a25366d6ad971a00c82fb1442081691942e8cd2965ddd8b2aa688	122099	122298	57	40ТЫС	substantive	1	0	
adilet-1081	adilet	0103559e998a25366d6ad971a00c82fb1442081691942e8cd2965ddd8b2aa688	122299	122399	57	40ТЫС	substantive	0	0	
adilet-1082	adilet	0103559e998a25366d6ad971a00c82fb1442081691942e8cd2965ddd8b2aa688	122400	122405	57	30ТЫС	structural	1	0	
adilet-1083	adilet	0103559e998a25366d6ad971a00c82fb1442081691942e8cd2965ddd8b2aa688	122406	122532	57	30ТЫС	substantive	1	0	
adilet-1084	adilet	0103559e998a25366d6ad971a00c82fb1442081691942e8cd2965ddd8b2aa688	122533	122642	57	30ТЫС	substantive	1	0	
adilet-1085	adilet	0103559e998a25366d6ad971a00c82fb1442081691942e8cd2965ddd8b2aa688	122643	122817	57	30ТЫС	substantive	0	0	
adilet-1086	adilet	0103559e998a25366d6ad971a00c82fb1442081691942e8cd2965ddd8b2aa688	122818	122931	57	30ТЫС	substantive	0	0	
adilet-1087	adilet	0103559e998a25366d6ad971a00c82fb1442081691942e8cd2965ddd8b2aa688	122932	123098	57	30ТЫС	substantive	0	0	
adilet-1088	adilet	0103559e998a25366d6ad971a00c82fb1442081691942e8cd2965ddd8b2aa688	123099	123219	57	30ТЫС	substantive	0	0	
adilet-1089	adilet	0103559e998a25366d6ad971a00c82fb1442081691942e8cd2965ddd8b2aa688	123220	123324	57	30ТЫС	substantive	1	1	
adilet-1090	adilet	0103559e998a25366d6ad971a00c82fb1442081691942e8cd2965ddd8b2aa688	123325	123505	57	30ТЫС	substantive	1	0	
adilet-1091	adilet	0103559e998a25366d6ad971a00c82fb1442081691942e8cd2965ddd8b2aa688	123506	123623	57	30ТЫС	substantive	0	0	
adilet-1092	adilet	0103559e998a25366d6ad971a00c82fb1442081691942e8cd2965ddd8b2aa688	123624	123757	57	30ТЫС	substantive	0	0	
adilet-1093	adilet	0103559e998a25366d6ad971a00c82fb1442081691942e8cd2965ddd8b2aa688	123758	123931	57	30ТЫС	substantive	0	0	
adilet-1094	adilet	0103559e998a25366d6ad971a00c82fb1442081691942e8cd2965ddd8b2aa688	123932	124015	58	30ТЫС	substantive	0	0	
adilet-1095	adilet	0103559e998a25366d6ad971a00c82fb1442081691942e8cd2965ddd8b2aa688	124016	124177	58	30ТЫС	substantive	0	0	
adilet-1096	adilet	0103559e998a25366d6ad971a00c82fb1442081691942e8cd2965ddd8b2aa688	124178	124186	58	РАЗДЕЛ 8	structural	1	0	
adilet-1097	adilet	0103559e998a25366d6ad971a00c82fb1442081691942e8cd2965ddd8b2aa688	124187	124218	58	8 ФОРМИРОВАНИЕ НОВОЙ КУЛЬТУРЫ И	structural	1	0	
adilet-1098	adilet	0103559e998a25366d6ad971a00c82fb1442081691942e8cd2965ddd8b2aa688	124219	124236	58	СТАНОВЛЕНИЕ НАЦИИ	structural	0	0	
adilet-1099	adilet	0103559e998a25366d6ad971a00c82fb1442081691942e8cd2965ddd8b2aa688	124237	124433	58	СТАНОВЛЕНИЕ НАЦИИ	substantive	0	0	
adilet-1100	adilet	0103559e998a25366d6ad971a00c82fb1442081691942e8cd2965ddd8b2aa688	124434	124584	58	СТАНОВЛЕНИЕ НАЦИИ	substantive	0	0	
adilet-1101	adilet	0103559e998a25366d6ad971a00c82fb1442081691942e8cd2965ddd8b2aa688	124585	124827	58	СТАНОВЛЕНИЕ НАЦИИ	substantive	0	0	
adilet-1102	adilet	0103559e998a25366d6ad971a00c82fb1442081691942e8cd2965ddd8b2aa688	124828	124981	58	СТАНОВЛЕНИЕ НАЦИИ	substantive	0	0	
adilet-1103	adilet	0103559e998a25366d6ad971a00c82fb1442081691942e8cd2965ddd8b2aa688	124982	125021	58	СТАНОВЛЕНИЕ НАЦИИ / 8.1. Активное и ответственное поколение	structural	1	0	
adilet-1104	adilet	0103559e998a25366d6ad971a00c82fb1442081691942e8cd2965ddd8b2aa688	125022	125091	58	СТАНОВЛЕНИЕ НАЦИИ / 8.1. Активное и ответственное поколение	substantive	0	0	
adilet-1105	adilet	0103559e998a25366d6ad971a00c82fb1442081691942e8cd2965ddd8b2aa688	125092	125180	58	СТАНОВЛЕНИЕ НАЦИИ / 8.1. Активное и ответственное поколение	substantive	0	0	
adilet-1106	adilet	0103559e998a25366d6ad971a00c82fb1442081691942e8cd2965ddd8b2aa688	125181	125255	58	СТАНОВЛЕНИЕ НАЦИИ / 8.1. Активное и ответственное поколение	substantive	1	0	
adilet-1107	adilet	0103559e998a25366d6ad971a00c82fb1442081691942e8cd2965ddd8b2aa688	125256	125361	58	СТАНОВЛЕНИЕ НАЦИИ / 8.1. Активное и ответственное поколение	substantive	1	0	
adilet-1108	adilet	0103559e998a25366d6ad971a00c82fb1442081691942e8cd2965ddd8b2aa688	125362	125415	58	СТАНОВЛЕНИЕ НАЦИИ / 8.1. Активное и ответственное поколение	substantive	0	0	
adilet-1109	adilet	0103559e998a25366d6ad971a00c82fb1442081691942e8cd2965ddd8b2aa688	125416	125475	59	СТАНОВЛЕНИЕ НАЦИИ / 8.1. Активное и ответственное поколение	substantive	1	0	
adilet-1110	adilet	0103559e998a25366d6ad971a00c82fb1442081691942e8cd2965ddd8b2aa688	125476	125640	59	СТАНОВЛЕНИЕ НАЦИИ / 8.1. Активное и ответственное поколение	substantive	0	0	
adilet-1111	adilet	0103559e998a25366d6ad971a00c82fb1442081691942e8cd2965ddd8b2aa688	125646	125924	59	СТАНОВЛЕНИЕ НАЦИИ / 8.1. Активное и ответственное поколение	substantive	0	0	
adilet-1112	adilet	0103559e998a25366d6ad971a00c82fb1442081691942e8cd2965ddd8b2aa688	125925	126123	59	СТАНОВЛЕНИЕ НАЦИИ / 8.1. Активное и ответственное поколение	substantive	0	0	
adilet-1113	adilet	0103559e998a25366d6ad971a00c82fb1442081691942e8cd2965ddd8b2aa688	126124	126189	59	СТАНОВЛЕНИЕ НАЦИИ / 8.1. Активное и ответственное поколение	substantive	0	0	
adilet-1114	adilet	0103559e998a25366d6ad971a00c82fb1442081691942e8cd2965ddd8b2aa688	126190	126353	59	СТАНОВЛЕНИЕ НАЦИИ / 8.1. Активное и ответственное поколение	substantive	1	0	
adilet-1115	adilet	0103559e998a25366d6ad971a00c82fb1442081691942e8cd2965ddd8b2aa688	126354	126408	59	СТАНОВЛЕНИЕ НАЦИИ / 8.1. Активное и ответственное поколение	substantive	0	0	
adilet-1116	adilet	0103559e998a25366d6ad971a00c82fb1442081691942e8cd2965ddd8b2aa688	126409	126599	59	СТАНОВЛЕНИЕ НАЦИИ / 8.1. Активное и ответственное поколение	substantive	0	0	
adilet-1117	adilet	0103559e998a25366d6ad971a00c82fb1442081691942e8cd2965ddd8b2aa688	126600	126791	59	СТАНОВЛЕНИЕ НАЦИИ / 8.1. Активное и ответственное поколение	substantive	0	0	
adilet-1118	adilet	0103559e998a25366d6ad971a00c82fb1442081691942e8cd2965ddd8b2aa688	126792	127017	59	СТАНОВЛЕНИЕ НАЦИИ / 8.1. Активное и ответственное поколение	substantive	0	0	
adilet-1119	adilet	0103559e998a25366d6ad971a00c82fb1442081691942e8cd2965ddd8b2aa688	127018	127175	59	СТАНОВЛЕНИЕ НАЦИИ / 8.1. Активное и ответственное поколение	substantive	0	0	
adilet-1120	adilet	0103559e998a25366d6ad971a00c82fb1442081691942e8cd2965ddd8b2aa688	127176	127394	60	СТАНОВЛЕНИЕ НАЦИИ / 8.1. Активное и ответственное поколение	substantive	1	0	
adilet-1121	adilet	0103559e998a25366d6ad971a00c82fb1442081691942e8cd2965ddd8b2aa688	127395	127502	60	СТАНОВЛЕНИЕ НАЦИИ / 8.1. Активное и ответственное поколение	substantive	0	0	
adilet-1122	adilet	0103559e998a25366d6ad971a00c82fb1442081691942e8cd2965ddd8b2aa688	127503	127679	60	СТАНОВЛЕНИЕ НАЦИИ / 8.1. Активное и ответственное поколение	substantive	0	0	
adilet-1123	adilet	0103559e998a25366d6ad971a00c82fb1442081691942e8cd2965ddd8b2aa688	127680	127843	60	СТАНОВЛЕНИЕ НАЦИИ / 8.1. Активное и ответственное поколение	substantive	0	0	
adilet-1124	adilet	0103559e998a25366d6ad971a00c82fb1442081691942e8cd2965ddd8b2aa688	127844	127895	60	СТАНОВЛЕНИЕ НАЦИИ / 8.1. Активное и ответственное поколение	substantive	0	0	
adilet-1125	adilet	0103559e998a25366d6ad971a00c82fb1442081691942e8cd2965ddd8b2aa688	127896	127976	60	СТАНОВЛЕНИЕ НАЦИИ / 8.1. Активное и ответственное поколение	substantive	0	0	
adilet-1126	adilet	0103559e998a25366d6ad971a00c82fb1442081691942e8cd2965ddd8b2aa688	127977	128067	60	СТАНОВЛЕНИЕ НАЦИИ / 8.1. Активное и ответственное поколение	substantive	0	0	
adilet-1127	adilet	0103559e998a25366d6ad971a00c82fb1442081691942e8cd2965ddd8b2aa688	128068	128210	60	СТАНОВЛЕНИЕ НАЦИИ / 8.1. Активное и ответственное поколение	substantive	0	0	
adilet-1128	adilet	0103559e998a25366d6ad971a00c82fb1442081691942e8cd2965ddd8b2aa688	128211	128385	60	СТАНОВЛЕНИЕ НАЦИИ / 8.1. Активное и ответственное поколение	substantive	0	0	
adilet-1129	adilet	0103559e998a25366d6ad971a00c82fb1442081691942e8cd2965ddd8b2aa688	128386	128612	60	СТАНОВЛЕНИЕ НАЦИИ / 8.1. Активное и ответственное поколение	substantive	0	0	
adilet-1130	adilet	0103559e998a25366d6ad971a00c82fb1442081691942e8cd2965ddd8b2aa688	128613	128673	60	СТАНОВЛЕНИЕ НАЦИИ / 8.1. Активное и ответственное поколение	substantive	0	0	
adilet-1131	adilet	0103559e998a25366d6ad971a00c82fb1442081691942e8cd2965ddd8b2aa688	128674	128876	60	СТАНОВЛЕНИЕ НАЦИИ / 8.1. Активное и ответственное поколение	substantive	0	0	
adilet-1132	adilet	0103559e998a25366d6ad971a00c82fb1442081691942e8cd2965ddd8b2aa688	128877	128993	60	СТАНОВЛЕНИЕ НАЦИИ / 8.1. Активное и ответственное поколение	substantive	0	0	
adilet-1133	adilet	0103559e998a25366d6ad971a00c82fb1442081691942e8cd2965ddd8b2aa688	128994	129163	60	СТАНОВЛЕНИЕ НАЦИИ / 8.1. Активное и ответственное поколение	substantive	0	0	
adilet-1134	adilet	0103559e998a25366d6ad971a00c82fb1442081691942e8cd2965ddd8b2aa688	129164	129321	60	СТАНОВЛЕНИЕ НАЦИИ / 8.1. Активное и ответственное поколение	substantive	0	0	
adilet-1135	adilet	0103559e998a25366d6ad971a00c82fb1442081691942e8cd2965ddd8b2aa688	129322	129469	61	СТАНОВЛЕНИЕ НАЦИИ / 8.1. Активное и ответственное поколение	substantive	0	0	
adilet-1136	adilet	0103559e998a25366d6ad971a00c82fb1442081691942e8cd2965ddd8b2aa688	129470	129518	61	СТАНОВЛЕНИЕ НАЦИИ / 8.1. Активное и ответственное поколение	substantive	0	0	
adilet-1137	adilet	0103559e998a25366d6ad971a00c82fb1442081691942e8cd2965ddd8b2aa688	129519	129677	61	СТАНОВЛЕНИЕ НАЦИИ / 8.1. Активное и ответственное поколение	substantive	0	0	
adilet-1138	adilet	0103559e998a25366d6ad971a00c82fb1442081691942e8cd2965ddd8b2aa688	129678	129832	61	СТАНОВЛЕНИЕ НАЦИИ / 8.1. Активное и ответственное поколение	substantive	0	0	
adilet-1139	adilet	0103559e998a25366d6ad971a00c82fb1442081691942e8cd2965ddd8b2aa688	129833	130028	61	СТАНОВЛЕНИЕ НАЦИИ / 8.1. Активное и ответственное поколение	substantive	0	0	
adilet-1140	adilet	0103559e998a25366d6ad971a00c82fb1442081691942e8cd2965ddd8b2aa688	130029	130109	61	СТАНОВЛЕНИЕ НАЦИИ / 8.1. Активное и ответственное поколение	substantive	0	0	
adilet-1141	adilet	0103559e998a25366d6ad971a00c82fb1442081691942e8cd2965ddd8b2aa688	130110	130249	61	СТАНОВЛЕНИЕ НАЦИИ / 8.1. Активное и ответственное поколение	substantive	0	0	
adilet-1142	adilet	0103559e998a25366d6ad971a00c82fb1442081691942e8cd2965ddd8b2aa688	130250	130345	61	СТАНОВЛЕНИЕ НАЦИИ / 8.1. Активное и ответственное поколение	substantive	0	0	
adilet-1143	adilet	0103559e998a25366d6ad971a00c82fb1442081691942e8cd2965ddd8b2aa688	130346	130520	61	СТАНОВЛЕНИЕ НАЦИИ / 8.1. Активное и ответственное поколение	substantive	0	0	
adilet-1144	adilet	0103559e998a25366d6ad971a00c82fb1442081691942e8cd2965ddd8b2aa688	130521	130684	61	СТАНОВЛЕНИЕ НАЦИИ / 8.1. Активное и ответственное поколение	substantive	0	0	
adilet-1145	adilet	0103559e998a25366d6ad971a00c82fb1442081691942e8cd2965ddd8b2aa688	130685	130824	61	СТАНОВЛЕНИЕ НАЦИИ / 8.1. Активное и ответственное поколение	substantive	0	0	
adilet-1146	adilet	0103559e998a25366d6ad971a00c82fb1442081691942e8cd2965ddd8b2aa688	130825	130950	61	СТАНОВЛЕНИЕ НАЦИИ / 8.1. Активное и ответственное поколение	substantive	0	0	
adilet-1147	adilet	0103559e998a25366d6ad971a00c82fb1442081691942e8cd2965ddd8b2aa688	130951	131053	61	СТАНОВЛЕНИЕ НАЦИИ / 8.1. Активное и ответственное поколение	substantive	0	0	
adilet-1148	adilet	0103559e998a25366d6ad971a00c82fb1442081691942e8cd2965ddd8b2aa688	131054	131187	61	СТАНОВЛЕНИЕ НАЦИИ / 8.1. Активное и ответственное поколение	substantive	0	0	
adilet-1149	adilet	0103559e998a25366d6ad971a00c82fb1442081691942e8cd2965ddd8b2aa688	131188	131196	61	РАЗДЕЛ 9	structural	1	0	
adilet-1150	adilet	0103559e998a25366d6ad971a00c82fb1442081691942e8cd2965ddd8b2aa688	131197	131213	61	9 ТАЗА ҚАЗАҚСТАН	structural	1	0	
adilet-1151	adilet	0103559e998a25366d6ad971a00c82fb1442081691942e8cd2965ddd8b2aa688	131214	131237	62	9 ТАЗА ҚАЗАҚСТАН / 9.1. Забота об экологии	structural	1	0	
adilet-1152	adilet	0103559e998a25366d6ad971a00c82fb1442081691942e8cd2965ddd8b2aa688	131238	131321	62	9 ТАЗА ҚАЗАҚСТАН / 9.1. Забота об экологии	substantive	0	0	
adilet-1153	adilet	0103559e998a25366d6ad971a00c82fb1442081691942e8cd2965ddd8b2aa688	131322	131477	62	9 ТАЗА ҚАЗАҚСТАН / 9.1. Забота об экологии	substantive	0	0	
adilet-1154	adilet	0103559e998a25366d6ad971a00c82fb1442081691942e8cd2965ddd8b2aa688	131478	131691	62	9 ТАЗА ҚАЗАҚСТАН / 9.1. Забота об экологии	substantive	0	0	
adilet-1155	adilet	0103559e998a25366d6ad971a00c82fb1442081691942e8cd2965ddd8b2aa688	131692	131754	62	9 ТАЗА ҚАЗАҚСТАН / 9.1. Забота об экологии	substantive	0	0	
adilet-1156	adilet	0103559e998a25366d6ad971a00c82fb1442081691942e8cd2965ddd8b2aa688	131755	131797	62	9 ТАЗА ҚАЗАҚСТАН / 9.1. Забота об экологии	substantive	0	0	
adilet-1157	adilet	0103559e998a25366d6ad971a00c82fb1442081691942e8cd2965ddd8b2aa688	131798	131925	62	9 ТАЗА ҚАЗАҚСТАН / 9.1. Забота об экологии	substantive	0	0	
adilet-1158	adilet	0103559e998a25366d6ad971a00c82fb1442081691942e8cd2965ddd8b2aa688	131926	132135	62	9 ТАЗА ҚАЗАҚСТАН / 9.1. Забота об экологии	substantive	0	0	
adilet-1159	adilet	0103559e998a25366d6ad971a00c82fb1442081691942e8cd2965ddd8b2aa688	132136	132243	62	9 ТАЗА ҚАЗАҚСТАН / 9.1. Забота об экологии	substantive	0	0	
adilet-1160	adilet	0103559e998a25366d6ad971a00c82fb1442081691942e8cd2965ddd8b2aa688	132244	132466	62	9 ТАЗА ҚАЗАҚСТАН / 9.1. Забота об экологии	substantive	0	0	
adilet-1161	adilet	0103559e998a25366d6ad971a00c82fb1442081691942e8cd2965ddd8b2aa688	132467	132544	62	9 ТАЗА ҚАЗАҚСТАН / 9.1. Забота об экологии	substantive	0	0	
adilet-1162	adilet	0103559e998a25366d6ad971a00c82fb1442081691942e8cd2965ddd8b2aa688	132545	132648	62	9 ТАЗА ҚАЗАҚСТАН / 9.1. Забота об экологии	substantive	0	0	
adilet-1163	adilet	0103559e998a25366d6ad971a00c82fb1442081691942e8cd2965ddd8b2aa688	132649	132853	62	9 ТАЗА ҚАЗАҚСТАН / 9.1. Забота об экологии	substantive	0	0	
adilet-1164	adilet	0103559e998a25366d6ad971a00c82fb1442081691942e8cd2965ddd8b2aa688	132854	133000	62	9 ТАЗА ҚАЗАҚСТАН / 9.1. Забота об экологии	substantive	0	0	
adilet-1165	adilet	0103559e998a25366d6ad971a00c82fb1442081691942e8cd2965ddd8b2aa688	133001	133089	62	9 ТАЗА ҚАЗАҚСТАН / 9.1. Забота об экологии	substantive	0	0	
adilet-1166	adilet	0103559e998a25366d6ad971a00c82fb1442081691942e8cd2965ddd8b2aa688	133090	133310	62	9 ТАЗА ҚАЗАҚСТАН / 9.1. Забота об экологии	substantive	0	0	
adilet-1167	adilet	0103559e998a25366d6ad971a00c82fb1442081691942e8cd2965ddd8b2aa688	133311	133388	62	9 ТАЗА ҚАЗАҚСТАН / 9.1. Забота об экологии	substantive	0	0	
adilet-1168	adilet	0103559e998a25366d6ad971a00c82fb1442081691942e8cd2965ddd8b2aa688	133389	133512	62	9 ТАЗА ҚАЗАҚСТАН / 9.1. Забота об экологии	substantive	0	0	
adilet-1169	adilet	0103559e998a25366d6ad971a00c82fb1442081691942e8cd2965ddd8b2aa688	133513	133670	62	9 ТАЗА ҚАЗАҚСТАН / 9.1. Забота об экологии	substantive	0	0	
adilet-1170	adilet	0103559e998a25366d6ad971a00c82fb1442081691942e8cd2965ddd8b2aa688	133671	133679	63	14,5 МЛН	structural	1	0	
adilet-1171	adilet	0103559e998a25366d6ad971a00c82fb1442081691942e8cd2965ddd8b2aa688	133680	133785	63	14,5 МЛН	substantive	1	0	
adilet-1172	adilet	0103559e998a25366d6ad971a00c82fb1442081691942e8cd2965ddd8b2aa688	133786	133790	63	2МЛН	structural	1	0	
adilet-1173	adilet	0103559e998a25366d6ad971a00c82fb1442081691942e8cd2965ddd8b2aa688	133791	133888	63	2МЛН	substantive	1	0	
adilet-1174	adilet	0103559e998a25366d6ad971a00c82fb1442081691942e8cd2965ddd8b2aa688	133889	133975	63	2МЛН	substantive	0	0	
adilet-1175	adilet	0103559e998a25366d6ad971a00c82fb1442081691942e8cd2965ddd8b2aa688	133976	134135	63	2МЛН	substantive	0	0	
adilet-1176	adilet	0103559e998a25366d6ad971a00c82fb1442081691942e8cd2965ddd8b2aa688	134136	134172	63	2МЛН	substantive	0	0	
adilet-1177	adilet	0103559e998a25366d6ad971a00c82fb1442081691942e8cd2965ddd8b2aa688	134173	134308	63	2МЛН	substantive	0	0	
adilet-1178	adilet	0103559e998a25366d6ad971a00c82fb1442081691942e8cd2965ddd8b2aa688	134309	134418	63	2МЛН	substantive	0	0	
adilet-1179	adilet	0103559e998a25366d6ad971a00c82fb1442081691942e8cd2965ddd8b2aa688	134419	134527	63	2МЛН	substantive	0	0	
adilet-1180	adilet	0103559e998a25366d6ad971a00c82fb1442081691942e8cd2965ddd8b2aa688	134528	134710	63	2МЛН	substantive	0	0	
adilet-1181	adilet	0103559e998a25366d6ad971a00c82fb1442081691942e8cd2965ddd8b2aa688	134711	134850	63	2МЛН	substantive	0	0	
adilet-1182	adilet	0103559e998a25366d6ad971a00c82fb1442081691942e8cd2965ddd8b2aa688	134851	134946	63	2МЛН	substantive	0	0	
adilet-1183	adilet	0103559e998a25366d6ad971a00c82fb1442081691942e8cd2965ddd8b2aa688	134947	135035	63	2МЛН	substantive	0	0	
adilet-1184	adilet	0103559e998a25366d6ad971a00c82fb1442081691942e8cd2965ddd8b2aa688	135036	135158	63	2МЛН	substantive	0	0	
adilet-1185	adilet	0103559e998a25366d6ad971a00c82fb1442081691942e8cd2965ddd8b2aa688	135159	135346	63	2МЛН	substantive	1	0	
adilet-1186	adilet	0103559e998a25366d6ad971a00c82fb1442081691942e8cd2965ddd8b2aa688	135347	135453	63	2МЛН	substantive	1	1	
adilet-1187	adilet	0103559e998a25366d6ad971a00c82fb1442081691942e8cd2965ddd8b2aa688	135454	135560	63	2МЛН	substantive	0	0	
adilet-1188	adilet	0103559e998a25366d6ad971a00c82fb1442081691942e8cd2965ddd8b2aa688	135561	135683	63	2МЛН	substantive	0	0	
adilet-1189	adilet	0103559e998a25366d6ad971a00c82fb1442081691942e8cd2965ddd8b2aa688	135684	135783	64	2МЛН	substantive	0	0	
adilet-1190	adilet	0103559e998a25366d6ad971a00c82fb1442081691942e8cd2965ddd8b2aa688	135784	135959	64	2МЛН	substantive	0	0	
adilet-1191	adilet	0103559e998a25366d6ad971a00c82fb1442081691942e8cd2965ddd8b2aa688	135960	136142	64	2МЛН	substantive	1	1	
adilet-1192	adilet	0103559e998a25366d6ad971a00c82fb1442081691942e8cd2965ddd8b2aa688	136143	136334	64	2МЛН	substantive	0	0	
adilet-1193	adilet	0103559e998a25366d6ad971a00c82fb1442081691942e8cd2965ddd8b2aa688	136335	136571	64	2МЛН	substantive	0	0	
adilet-1194	adilet	0103559e998a25366d6ad971a00c82fb1442081691942e8cd2965ddd8b2aa688	136572	136678	64	2МЛН	substantive	0	0	
adilet-1195	adilet	0103559e998a25366d6ad971a00c82fb1442081691942e8cd2965ddd8b2aa688	136679	136812	64	2МЛН	substantive	0	0	
adilet-1196	adilet	0103559e998a25366d6ad971a00c82fb1442081691942e8cd2965ddd8b2aa688	136813	136831	64	2МЛН / 9.2. Энергопереход	structural	1	0	
adilet-1197	adilet	0103559e998a25366d6ad971a00c82fb1442081691942e8cd2965ddd8b2aa688	136832	136904	64	2МЛН / 9.2. Энергопереход	substantive	1	0	
adilet-1198	adilet	0103559e998a25366d6ad971a00c82fb1442081691942e8cd2965ddd8b2aa688	136905	137057	64	2МЛН / 9.2. Энергопереход	substantive	0	0	
adilet-1199	adilet	0103559e998a25366d6ad971a00c82fb1442081691942e8cd2965ddd8b2aa688	137058	137161	64	2МЛН / 9.2. Энергопереход	substantive	1	1	
adilet-1200	adilet	0103559e998a25366d6ad971a00c82fb1442081691942e8cd2965ddd8b2aa688	137162	137355	64	2МЛН / 9.2. Энергопереход	substantive	1	1	
adilet-1201	adilet	0103559e998a25366d6ad971a00c82fb1442081691942e8cd2965ddd8b2aa688	137356	137631	64	2МЛН / 9.2. Энергопереход	substantive	1	0	
adilet-1202	adilet	0103559e998a25366d6ad971a00c82fb1442081691942e8cd2965ddd8b2aa688	137632	137673	64	2МЛН / 9.2. Энергопереход	substantive	0	0	
adilet-1203	adilet	0103559e998a25366d6ad971a00c82fb1442081691942e8cd2965ddd8b2aa688	137674	137864	64	2МЛН / 9.2. Энергопереход	substantive	0	0	
adilet-1204	adilet	0103559e998a25366d6ad971a00c82fb1442081691942e8cd2965ddd8b2aa688	137865	138013	65	2МЛН / 9.2. Энергопереход	substantive	0	0	
adilet-1205	adilet	0103559e998a25366d6ad971a00c82fb1442081691942e8cd2965ddd8b2aa688	138014	138202	65	2МЛН / 9.2. Энергопереход	substantive	1	0	
adilet-1206	adilet	0103559e998a25366d6ad971a00c82fb1442081691942e8cd2965ddd8b2aa688	138203	138212	65	РАЗДЕЛ 10	structural	1	0	
adilet-1207	adilet	0103559e998a25366d6ad971a00c82fb1442081691942e8cd2965ddd8b2aa688	138213	138245	65	10 ОТВЕТСТВЕННАЯ СРЕДНЯЯ ДЕРЖАВА	structural	1	0	
adilet-1208	adilet	0103559e998a25366d6ad971a00c82fb1442081691942e8cd2965ddd8b2aa688	138246	138294	65	10 ОТВЕТСТВЕННАЯ СРЕДНЯЯ ДЕРЖАВА / 10.1. Средняя держава – ответственная дипломатия	structural	1	0	
adilet-1209	adilet	0103559e998a25366d6ad971a00c82fb1442081691942e8cd2965ddd8b2aa688	138295	138381	65	10 ОТВЕТСТВЕННАЯ СРЕДНЯЯ ДЕРЖАВА / 10.1. Средняя держава – ответственная дипломатия	substantive	0	0	
adilet-1210	adilet	0103559e998a25366d6ad971a00c82fb1442081691942e8cd2965ddd8b2aa688	138382	138597	65	10 ОТВЕТСТВЕННАЯ СРЕДНЯЯ ДЕРЖАВА / 10.1. Средняя держава – ответственная дипломатия	substantive	0	0	
adilet-1211	adilet	0103559e998a25366d6ad971a00c82fb1442081691942e8cd2965ddd8b2aa688	138598	138808	65	10 ОТВЕТСТВЕННАЯ СРЕДНЯЯ ДЕРЖАВА / 10.1. Средняя держава – ответственная дипломатия	substantive	0	0	
adilet-1212	adilet	0103559e998a25366d6ad971a00c82fb1442081691942e8cd2965ddd8b2aa688	138809	138979	65	10 ОТВЕТСТВЕННАЯ СРЕДНЯЯ ДЕРЖАВА / 10.1. Средняя держава – ответственная дипломатия	substantive	0	0	
adilet-1213	adilet	0103559e998a25366d6ad971a00c82fb1442081691942e8cd2965ddd8b2aa688	138980	139163	65	10 ОТВЕТСТВЕННАЯ СРЕДНЯЯ ДЕРЖАВА / 10.1. Средняя держава – ответственная дипломатия	substantive	0	0	
adilet-1214	adilet	0103559e998a25366d6ad971a00c82fb1442081691942e8cd2965ddd8b2aa688	139164	139290	65	10 ОТВЕТСТВЕННАЯ СРЕДНЯЯ ДЕРЖАВА / 10.1. Средняя держава – ответственная дипломатия	substantive	0	0	
adilet-1215	adilet	0103559e998a25366d6ad971a00c82fb1442081691942e8cd2965ddd8b2aa688	139291	139349	65	10 ОТВЕТСТВЕННАЯ СРЕДНЯЯ ДЕРЖАВА / 10.1. Средняя держава – ответственная дипломатия	substantive	0	0	
adilet-1216	adilet	0103559e998a25366d6ad971a00c82fb1442081691942e8cd2965ddd8b2aa688	139350	139537	65	10 ОТВЕТСТВЕННАЯ СРЕДНЯЯ ДЕРЖАВА / 10.1. Средняя держава – ответственная дипломатия	substantive	0	0	
adilet-1217	adilet	0103559e998a25366d6ad971a00c82fb1442081691942e8cd2965ddd8b2aa688	139538	139718	65	10 ОТВЕТСТВЕННАЯ СРЕДНЯЯ ДЕРЖАВА / 10.1. Средняя держава – ответственная дипломатия	substantive	0	0	
adilet-1218	adilet	0103559e998a25366d6ad971a00c82fb1442081691942e8cd2965ddd8b2aa688	139719	139857	65	10 ОТВЕТСТВЕННАЯ СРЕДНЯЯ ДЕРЖАВА / 10.1. Средняя держава – ответственная дипломатия	substantive	0	0	
adilet-1219	adilet	0103559e998a25366d6ad971a00c82fb1442081691942e8cd2965ddd8b2aa688	139858	139975	66	10 ОТВЕТСТВЕННАЯ СРЕДНЯЯ ДЕРЖАВА / 10.1. Средняя держава – ответственная дипломатия	substantive	0	0	
adilet-1220	adilet	0103559e998a25366d6ad971a00c82fb1442081691942e8cd2965ddd8b2aa688	139976	140046	66	10 ОТВЕТСТВЕННАЯ СРЕДНЯЯ ДЕРЖАВА / 10.2. Оборона и безопасность: защита нации – защита каждого гражданина	structural	1	0	
adilet-1221	adilet	0103559e998a25366d6ad971a00c82fb1442081691942e8cd2965ddd8b2aa688	140047	140229	66	10 ОТВЕТСТВЕННАЯ СРЕДНЯЯ ДЕРЖАВА / 10.2. Оборона и безопасность: защита нации – защита каждого гражданина	substantive	0	0	
adilet-1222	adilet	0103559e998a25366d6ad971a00c82fb1442081691942e8cd2965ddd8b2aa688	140230	140285	66	10 ОТВЕТСТВЕННАЯ СРЕДНЯЯ ДЕРЖАВА / 10.2. Оборона и безопасность: защита нации – защита каждого гражданина	substantive	0	0	
adilet-1223	adilet	0103559e998a25366d6ad971a00c82fb1442081691942e8cd2965ddd8b2aa688	140286	140438	66	10 ОТВЕТСТВЕННАЯ СРЕДНЯЯ ДЕРЖАВА / 10.2. Оборона и безопасность: защита нации – защита каждого гражданина	substantive	0	0	
adilet-1224	adilet	0103559e998a25366d6ad971a00c82fb1442081691942e8cd2965ddd8b2aa688	140439	140508	66	10 ОТВЕТСТВЕННАЯ СРЕДНЯЯ ДЕРЖАВА / 10.2. Оборона и безопасность: защита нации – защита каждого гражданина	substantive	0	0	
adilet-1225	adilet	0103559e998a25366d6ad971a00c82fb1442081691942e8cd2965ddd8b2aa688	140509	140656	66	10 ОТВЕТСТВЕННАЯ СРЕДНЯЯ ДЕРЖАВА / 10.2. Оборона и безопасность: защита нации – защита каждого гражданина	substantive	0	0	
adilet-1226	adilet	0103559e998a25366d6ad971a00c82fb1442081691942e8cd2965ddd8b2aa688	140657	140747	66	10 ОТВЕТСТВЕННАЯ СРЕДНЯЯ ДЕРЖАВА / 10.2. Оборона и безопасность: защита нации – защита каждого гражданина	substantive	0	0	
adilet-1227	adilet	0103559e998a25366d6ad971a00c82fb1442081691942e8cd2965ddd8b2aa688	140748	140901	66	10 ОТВЕТСТВЕННАЯ СРЕДНЯЯ ДЕРЖАВА / 10.2. Оборона и безопасность: защита нации – защита каждого гражданина	substantive	0	0	
adilet-1228	adilet	0103559e998a25366d6ad971a00c82fb1442081691942e8cd2965ddd8b2aa688	140902	141080	66	10 ОТВЕТСТВЕННАЯ СРЕДНЯЯ ДЕРЖАВА / 10.2. Оборона и безопасность: защита нации – защита каждого гражданина	substantive	0	0	
adilet-1229	adilet	0103559e998a25366d6ad971a00c82fb1442081691942e8cd2965ddd8b2aa688	141081	141199	66	10 ОТВЕТСТВЕННАЯ СРЕДНЯЯ ДЕРЖАВА / 10.2. Оборона и безопасность: защита нации – защита каждого гражданина	substantive	0	0	
adilet-1230	adilet	0103559e998a25366d6ad971a00c82fb1442081691942e8cd2965ddd8b2aa688	141200	141337	66	10 ОТВЕТСТВЕННАЯ СРЕДНЯЯ ДЕРЖАВА / 10.2. Оборона и безопасность: защита нации – защита каждого гражданина	substantive	0	0	
adilet-1231	adilet	0103559e998a25366d6ad971a00c82fb1442081691942e8cd2965ddd8b2aa688	141338	141388	66	10 ОТВЕТСТВЕННАЯ СРЕДНЯЯ ДЕРЖАВА / 10.2. Оборона и безопасность: защита нации – защита каждого гражданина	substantive	0	0	
adilet-1232	adilet	0103559e998a25366d6ad971a00c82fb1442081691942e8cd2965ddd8b2aa688	141389	141528	66	10 ОТВЕТСТВЕННАЯ СРЕДНЯЯ ДЕРЖАВА / 10.2. Оборона и безопасность: защита нации – защита каждого гражданина	substantive	0	0	
adilet-1233	adilet	0103559e998a25366d6ad971a00c82fb1442081691942e8cd2965ddd8b2aa688	141529	141564	66	ВМЕСТЕ – К ЕДИНОМУ, СПРАВЕДЛИВОМУ И	structural	0	0	
adilet-1234	adilet	0103559e998a25366d6ad971a00c82fb1442081691942e8cd2965ddd8b2aa688	141585	141744	66	ВМЕСТЕ – К ЕДИНОМУ, СПРАВЕДЛИВОМУ И	substantive	0	0	
adilet-1235	adilet	0103559e998a25366d6ad971a00c82fb1442081691942e8cd2965ddd8b2aa688	141745	141798	66	ВМЕСТЕ – К ЕДИНОМУ, СПРАВЕДЛИВОМУ И	substantive	0	0	
adilet-1236	adilet	0103559e998a25366d6ad971a00c82fb1442081691942e8cd2965ddd8b2aa688	141799	141982	67	ВМЕСТЕ – К ЕДИНОМУ, СПРАВЕДЛИВОМУ И	substantive	0	0	
adilet-1237	adilet	0103559e998a25366d6ad971a00c82fb1442081691942e8cd2965ddd8b2aa688	141983	142088	67	ВМЕСТЕ – К ЕДИНОМУ, СПРАВЕДЛИВОМУ И	substantive	0	0	
adilet-1238	adilet	0103559e998a25366d6ad971a00c82fb1442081691942e8cd2965ddd8b2aa688	142089	142166	67	ВМЕСТЕ – К ЕДИНОМУ, СПРАВЕДЛИВОМУ И	substantive	1	0	
adilet-1239	adilet	0103559e998a25366d6ad971a00c82fb1442081691942e8cd2965ddd8b2aa688	142167	142231	67	ВМЕСТЕ – К ЕДИНОМУ, СПРАВЕДЛИВОМУ И	substantive	0	0	
adilet-1240	adilet	0103559e998a25366d6ad971a00c82fb1442081691942e8cd2965ddd8b2aa688	142232	142331	67	ВМЕСТЕ – К ЕДИНОМУ, СПРАВЕДЛИВОМУ И	substantive	0	0	
adilet-1241	adilet	0103559e998a25366d6ad971a00c82fb1442081691942e8cd2965ddd8b2aa688	142332	142427	67	ВМЕСТЕ – К ЕДИНОМУ, СПРАВЕДЛИВОМУ И	substantive	0	0	
adilet-1242	adilet	0103559e998a25366d6ad971a00c82fb1442081691942e8cd2965ddd8b2aa688	142428	142434	67	1 МЛРД	structural	1	0	
adilet-1243	adilet	0103559e998a25366d6ad971a00c82fb1442081691942e8cd2965ddd8b2aa688	142435	142526	67	1 МЛРД	substantive	0	0	
adilet-1244	adilet	0103559e998a25366d6ad971a00c82fb1442081691942e8cd2965ddd8b2aa688	142527	142594	67	1 МЛРД	substantive	1	0	
adilet-1245	adilet	0103559e998a25366d6ad971a00c82fb1442081691942e8cd2965ddd8b2aa688	142595	142756	67	1 МЛРД	substantive	1	0	
adilet-1246	adilet	0103559e998a25366d6ad971a00c82fb1442081691942e8cd2965ddd8b2aa688	142757	142877	67	1 МЛРД	substantive	0	0	
adilet-1247	adilet	0103559e998a25366d6ad971a00c82fb1442081691942e8cd2965ddd8b2aa688	142878	142930	67	1 МЛРД	substantive	0	0	
adilet-1248	adilet	0103559e998a25366d6ad971a00c82fb1442081691942e8cd2965ddd8b2aa688	142931	143096	67	1 МЛРД	substantive	0	0	
adilet-1249	adilet	0103559e998a25366d6ad971a00c82fb1442081691942e8cd2965ddd8b2aa688	143097	143348	67	1 МЛРД	substantive	1	0	
adilet-1250	adilet	0103559e998a25366d6ad971a00c82fb1442081691942e8cd2965ddd8b2aa688	143349	143424	67	1 МЛРД	substantive	0	0	
adilet-1251	adilet	0103559e998a25366d6ad971a00c82fb1442081691942e8cd2965ddd8b2aa688	143425	143512	67	1 МЛРД	substantive	1	0	
adilet-1252	adilet	0103559e998a25366d6ad971a00c82fb1442081691942e8cd2965ddd8b2aa688	143513	143610	67	1 МЛРД	substantive	0	0	
adilet-1253	adilet	0103559e998a25366d6ad971a00c82fb1442081691942e8cd2965ddd8b2aa688	143611	143686	67	1 МЛРД	substantive	0	0	
adilet-1254	adilet	0103559e998a25366d6ad971a00c82fb1442081691942e8cd2965ddd8b2aa688	143687	143857	67	1 МЛРД	substantive	0	0	
adilet-1255	adilet	0103559e998a25366d6ad971a00c82fb1442081691942e8cd2965ddd8b2aa688	143858	143906	68	1 МЛРД	substantive	1	0	
adilet-1256	adilet	0103559e998a25366d6ad971a00c82fb1442081691942e8cd2965ddd8b2aa688	143907	144003	68	1 МЛРД	substantive	0	0	
adilet-1257	adilet	0103559e998a25366d6ad971a00c82fb1442081691942e8cd2965ddd8b2aa688	144004	144170	68	1 МЛРД	substantive	0	0	
adilet-1258	adilet	0103559e998a25366d6ad971a00c82fb1442081691942e8cd2965ddd8b2aa688	144171	144288	68	1 МЛРД	substantive	0	0	
adilet-1259	adilet	0103559e998a25366d6ad971a00c82fb1442081691942e8cd2965ddd8b2aa688	144289	144368	68	1 МЛРД	substantive	0	0	
adilet-1260	adilet	0103559e998a25366d6ad971a00c82fb1442081691942e8cd2965ddd8b2aa688	144385	144493	68	1 МЛРД	substantive	1	0	
adilet-1261	adilet	0103559e998a25366d6ad971a00c82fb1442081691942e8cd2965ddd8b2aa688	144494	144555	68	1 МЛРД	substantive	0	0	
adilet-1262	adilet	0103559e998a25366d6ad971a00c82fb1442081691942e8cd2965ddd8b2aa688	144556	144693	68	1 МЛРД	substantive	0	0	
adilet-1263	adilet	0103559e998a25366d6ad971a00c82fb1442081691942e8cd2965ddd8b2aa688	144694	144765	68	1 МЛРД	substantive	0	0	
adilet-1264	adilet	0103559e998a25366d6ad971a00c82fb1442081691942e8cd2965ddd8b2aa688	144766	144772	68	100ТЫС	structural	1	0	
adilet-1265	adilet	0103559e998a25366d6ad971a00c82fb1442081691942e8cd2965ddd8b2aa688	144773	144855	68	100ТЫС	substantive	0	0	
adilet-1266	adilet	0103559e998a25366d6ad971a00c82fb1442081691942e8cd2965ddd8b2aa688	144856	144941	68	100ТЫС	substantive	1	0	
adilet-1267	adilet	0103559e998a25366d6ad971a00c82fb1442081691942e8cd2965ddd8b2aa688	144942	145034	68	100ТЫС	substantive	1	0	
adilet-1268	adilet	0103559e998a25366d6ad971a00c82fb1442081691942e8cd2965ddd8b2aa688	145035	145106	68	100ТЫС	substantive	0	0	
adilet-1269	adilet	0103559e998a25366d6ad971a00c82fb1442081691942e8cd2965ddd8b2aa688	145107	145193	68	100ТЫС	substantive	0	0	
adilet-1270	adilet	0103559e998a25366d6ad971a00c82fb1442081691942e8cd2965ddd8b2aa688	145194	145324	68	100ТЫС	substantive	0	0	
adilet-1271	adilet	0103559e998a25366d6ad971a00c82fb1442081691942e8cd2965ddd8b2aa688	145325	145366	68	100ТЫС	substantive	0	0	
adilet-1272	adilet	0103559e998a25366d6ad971a00c82fb1442081691942e8cd2965ddd8b2aa688	145367	145372	68	1 МЛН	structural	1	0	
adilet-1273	adilet	0103559e998a25366d6ad971a00c82fb1442081691942e8cd2965ddd8b2aa688	145373	145508	68	1 МЛН	substantive	1	0	
adilet-1274	adilet	0103559e998a25366d6ad971a00c82fb1442081691942e8cd2965ddd8b2aa688	145509	145587	69	1 МЛН	substantive	1	0	
adilet-1275	adilet	0103559e998a25366d6ad971a00c82fb1442081691942e8cd2965ddd8b2aa688	145588	145654	69	1 МЛН	substantive	0	0	
adilet-1276	adilet	0103559e998a25366d6ad971a00c82fb1442081691942e8cd2965ddd8b2aa688	145655	145772	69	1 МЛН	substantive	0	0	
adilet-1277	adilet	0103559e998a25366d6ad971a00c82fb1442081691942e8cd2965ddd8b2aa688	145773	145836	69	1 МЛН	substantive	0	0	
adilet-1278	adilet	0103559e998a25366d6ad971a00c82fb1442081691942e8cd2965ddd8b2aa688	145837	145911	69	1 МЛН	substantive	0	0	
adilet-1279	adilet	0103559e998a25366d6ad971a00c82fb1442081691942e8cd2965ddd8b2aa688	145912	146070	69	1 МЛН	substantive	0	0	
adilet-1280	adilet	0103559e998a25366d6ad971a00c82fb1442081691942e8cd2965ddd8b2aa688	146071	146208	69	1 МЛН	substantive	1	0	
adilet-1281	adilet	0103559e998a25366d6ad971a00c82fb1442081691942e8cd2965ddd8b2aa688	146209	146316	69	1 МЛН	substantive	0	0	
adilet-1282	adilet	0103559e998a25366d6ad971a00c82fb1442081691942e8cd2965ddd8b2aa688	146317	146475	69	1 МЛН	substantive	0	0	
adilet-1283	adilet	0103559e998a25366d6ad971a00c82fb1442081691942e8cd2965ddd8b2aa688	146476	146591	69	1 МЛН	substantive	0	0	
adilet-1284	adilet	0103559e998a25366d6ad971a00c82fb1442081691942e8cd2965ddd8b2aa688	146592	146703	69	1 МЛН	substantive	0	0	
adilet-1285	adilet	0103559e998a25366d6ad971a00c82fb1442081691942e8cd2965ddd8b2aa688	146704	146756	69	1 МЛН	substantive	0	0	
adilet-1286	adilet	0103559e998a25366d6ad971a00c82fb1442081691942e8cd2965ddd8b2aa688	146757	146826	69	1 МЛН	substantive	0	0	
adilet-1287	adilet	0103559e998a25366d6ad971a00c82fb1442081691942e8cd2965ddd8b2aa688	146827	146935	69	1 МЛН	substantive	0	0	
adilet-1288	adilet	0103559e998a25366d6ad971a00c82fb1442081691942e8cd2965ddd8b2aa688	146936	147049	69	1 МЛН	substantive	0	0	
adilet-1289	adilet	0103559e998a25366d6ad971a00c82fb1442081691942e8cd2965ddd8b2aa688	147050	147129	69	1 МЛН	substantive	0	0	
adilet-1290	adilet	0103559e998a25366d6ad971a00c82fb1442081691942e8cd2965ddd8b2aa688	147130	147199	69	1 МЛН	substantive	0	0	
adilet-1291	adilet	0103559e998a25366d6ad971a00c82fb1442081691942e8cd2965ddd8b2aa688	147200	147309	69	1 МЛН	substantive	0	0	
adilet-1292	adilet	0103559e998a25366d6ad971a00c82fb1442081691942e8cd2965ddd8b2aa688	147310	147378	70	1 МЛН	substantive	0	0	
adilet-1293	adilet	0103559e998a25366d6ad971a00c82fb1442081691942e8cd2965ddd8b2aa688	147379	147433	70	1 МЛН	substantive	0	0	
adilet-1294	adilet	0103559e998a25366d6ad971a00c82fb1442081691942e8cd2965ddd8b2aa688	147434	147534	70	1 МЛН	substantive	0	0	
adilet-1295	adilet	0103559e998a25366d6ad971a00c82fb1442081691942e8cd2965ddd8b2aa688	147535	147586	70	1 МЛН	substantive	0	0	
adilet-1296	adilet	0103559e998a25366d6ad971a00c82fb1442081691942e8cd2965ddd8b2aa688	147587	147617	70	1 МЛН	substantive	0	0	
adilet-1297	adilet	0103559e998a25366d6ad971a00c82fb1442081691942e8cd2965ddd8b2aa688	147618	147712	70	1 МЛН	substantive	0	0	
adilet-1298	adilet	0103559e998a25366d6ad971a00c82fb1442081691942e8cd2965ddd8b2aa688	147713	147803	70	1 МЛН	substantive	0	0	
adilet-1299	adilet	0103559e998a25366d6ad971a00c82fb1442081691942e8cd2965ddd8b2aa688	147804	147960	70	1 МЛН	substantive	0	0	
adilet-1300	adilet	0103559e998a25366d6ad971a00c82fb1442081691942e8cd2965ddd8b2aa688	147961	148113	70	1 МЛН	substantive	1	0	
adilet-1301	adilet	0103559e998a25366d6ad971a00c82fb1442081691942e8cd2965ddd8b2aa688	148114	148173	70	1 МЛН	substantive	0	0	
adilet-1302	adilet	0103559e998a25366d6ad971a00c82fb1442081691942e8cd2965ddd8b2aa688	148174	148244	70	1 МЛН	substantive	0	0	
adilet-1303	adilet	0103559e998a25366d6ad971a00c82fb1442081691942e8cd2965ddd8b2aa688	148245	148344	70	1 МЛН	substantive	0	0	
adilet-1304	adilet	0103559e998a25366d6ad971a00c82fb1442081691942e8cd2965ddd8b2aa688	148345	148430	70	1 МЛН	substantive	0	0	
adilet-1305	adilet	0103559e998a25366d6ad971a00c82fb1442081691942e8cd2965ddd8b2aa688	148431	148570	70	1 МЛН	substantive	0	0	
adilet-1306	adilet	0103559e998a25366d6ad971a00c82fb1442081691942e8cd2965ddd8b2aa688	148571	148714	70	1 МЛН	substantive	0	0	
adilet-1307	adilet	0103559e998a25366d6ad971a00c82fb1442081691942e8cd2965ddd8b2aa688	148715	148803	70	1 МЛН	substantive	0	0	
adilet-1308	adilet	0103559e998a25366d6ad971a00c82fb1442081691942e8cd2965ddd8b2aa688	148804	148938	70	1 МЛН	substantive	0	0	
adilet-1309	adilet	0103559e998a25366d6ad971a00c82fb1442081691942e8cd2965ddd8b2aa688	148939	149064	70	1 МЛН	substantive	0	0	
adilet-1310	adilet	0103559e998a25366d6ad971a00c82fb1442081691942e8cd2965ddd8b2aa688	149065	149216	70	1 МЛН	substantive	0	0	
adilet-1311	adilet	0103559e998a25366d6ad971a00c82fb1442081691942e8cd2965ddd8b2aa688	149217	149339	71	1 МЛН	substantive	1	0	
adilet-1312	adilet	0103559e998a25366d6ad971a00c82fb1442081691942e8cd2965ddd8b2aa688	149340	149399	71	1 МЛН	substantive	1	0	
adilet-1313	adilet	0103559e998a25366d6ad971a00c82fb1442081691942e8cd2965ddd8b2aa688	149400	149479	71	1 МЛН	substantive	1	0	
adilet-1314	adilet	0103559e998a25366d6ad971a00c82fb1442081691942e8cd2965ddd8b2aa688	149480	149543	71	1 МЛН	substantive	0	0	
adilet-1315	adilet	0103559e998a25366d6ad971a00c82fb1442081691942e8cd2965ddd8b2aa688	149544	149622	71	1 МЛН	substantive	1	0	
adilet-1316	adilet	0103559e998a25366d6ad971a00c82fb1442081691942e8cd2965ddd8b2aa688	149623	149710	71	1 МЛН	substantive	0	0	
adilet-1317	adilet	0103559e998a25366d6ad971a00c82fb1442081691942e8cd2965ddd8b2aa688	149711	149843	71	1 МЛН	substantive	0	0	
adilet-1318	adilet	0103559e998a25366d6ad971a00c82fb1442081691942e8cd2965ddd8b2aa688	149844	149968	71	1 МЛН	substantive	0	0	
adilet-1319	adilet	0103559e998a25366d6ad971a00c82fb1442081691942e8cd2965ddd8b2aa688	149969	150023	71	1 МЛН	substantive	0	0	
adilet-1320	adilet	0103559e998a25366d6ad971a00c82fb1442081691942e8cd2965ddd8b2aa688	150024	150106	71	1 МЛН	substantive	0	0	
adilet-1321	adilet	0103559e998a25366d6ad971a00c82fb1442081691942e8cd2965ddd8b2aa688	150107	150280	71	1 МЛН	substantive	0	0	
adilet-1322	adilet	0103559e998a25366d6ad971a00c82fb1442081691942e8cd2965ddd8b2aa688	150281	150400	71	1 МЛН	substantive	0	0	
adilet-1323	adilet	0103559e998a25366d6ad971a00c82fb1442081691942e8cd2965ddd8b2aa688	150401	150490	71	1 МЛН	substantive	0	0	
adilet-1324	adilet	0103559e998a25366d6ad971a00c82fb1442081691942e8cd2965ddd8b2aa688	150491	150679	71	1 МЛН	substantive	0	0	
adilet-1325	adilet	0103559e998a25366d6ad971a00c82fb1442081691942e8cd2965ddd8b2aa688	150680	150846	71	1 МЛН	substantive	1	0	
adilet-1326	adilet	0103559e998a25366d6ad971a00c82fb1442081691942e8cd2965ddd8b2aa688	150847	150936	71	1 МЛН	substantive	0	0	
adilet-1327	adilet	0103559e998a25366d6ad971a00c82fb1442081691942e8cd2965ddd8b2aa688	150937	151090	71	1 МЛН	substantive	0	0	
adilet-1328	adilet	0103559e998a25366d6ad971a00c82fb1442081691942e8cd2965ddd8b2aa688	151091	151220	72	1 МЛН	substantive	0	0	
adilet-1329	adilet	0103559e998a25366d6ad971a00c82fb1442081691942e8cd2965ddd8b2aa688	151221	151322	72	1 МЛН	substantive	0	0	
adilet-1330	adilet	0103559e998a25366d6ad971a00c82fb1442081691942e8cd2965ddd8b2aa688	151323	151445	72	1 МЛН	substantive	0	0	
adilet-1331	adilet	0103559e998a25366d6ad971a00c82fb1442081691942e8cd2965ddd8b2aa688	151446	151573	72	1 МЛН	substantive	0	0	
adilet-1332	adilet	0103559e998a25366d6ad971a00c82fb1442081691942e8cd2965ddd8b2aa688	151574	151670	72	1 МЛН	substantive	0	0	
adilet-1333	adilet	0103559e998a25366d6ad971a00c82fb1442081691942e8cd2965ddd8b2aa688	151671	151769	72	1 МЛН	substantive	0	0	
adilet-1334	adilet	0103559e998a25366d6ad971a00c82fb1442081691942e8cd2965ddd8b2aa688	151770	151921	72	1 МЛН	substantive	0	0	
adilet-1335	adilet	0103559e998a25366d6ad971a00c82fb1442081691942e8cd2965ddd8b2aa688	151922	152066	72	1 МЛН	substantive	0	0	
adilet-1336	adilet	0103559e998a25366d6ad971a00c82fb1442081691942e8cd2965ddd8b2aa688	152067	152159	72	1 МЛН	substantive	0	0	
adilet-1337	adilet	0103559e998a25366d6ad971a00c82fb1442081691942e8cd2965ddd8b2aa688	152160	152255	72	1 МЛН	substantive	0	0	
adilet-1338	adilet	0103559e998a25366d6ad971a00c82fb1442081691942e8cd2965ddd8b2aa688	152256	152365	72	1 МЛН	substantive	0	0	
adilet-1339	adilet	0103559e998a25366d6ad971a00c82fb1442081691942e8cd2965ddd8b2aa688	152366	152442	72	1 МЛН	substantive	0	0	
adilet-1340	adilet	0103559e998a25366d6ad971a00c82fb1442081691942e8cd2965ddd8b2aa688	152443	152502	72	1 МЛН	substantive	0	0	
adilet-1341	adilet	0103559e998a25366d6ad971a00c82fb1442081691942e8cd2965ddd8b2aa688	152503	152645	72	1 МЛН	substantive	0	0	
adilet-1342	adilet	0103559e998a25366d6ad971a00c82fb1442081691942e8cd2965ddd8b2aa688	152646	152739	72	1 МЛН	substantive	0	0	
adilet-1343	adilet	0103559e998a25366d6ad971a00c82fb1442081691942e8cd2965ddd8b2aa688	152740	152868	72	1 МЛН	substantive	0	0	
adilet-1344	adilet	0103559e998a25366d6ad971a00c82fb1442081691942e8cd2965ddd8b2aa688	152869	152935	72	1 МЛН	substantive	1	0	
adilet-1345	adilet	0103559e998a25366d6ad971a00c82fb1442081691942e8cd2965ddd8b2aa688	152936	152967	72	1 МЛН	rhetorical	0	0	
adilet-1346	adilet	0103559e998a25366d6ad971a00c82fb1442081691942e8cd2965ddd8b2aa688	152968	152994	72	1 МЛН	rhetorical	0	0	
ak_zhol-0001	ak_zhol	ce658a6c7c057c0cfbab8da33c5dedf0270d731a0ef83a7efdd9876a1d22f7b3	0	18		ПЕРЕМЕНЫ НЕИЗБЕЖНЫ	structural	0	0	
ak_zhol-0002	ak_zhol	ce658a6c7c057c0cfbab8da33c5dedf0270d731a0ef83a7efdd9876a1d22f7b3	20	74		ПЕРЕМЕНЫ НЕИЗБЕЖНЫ	substantive	0	0	
ak_zhol-0003	ak_zhol	ce658a6c7c057c0cfbab8da33c5dedf0270d731a0ef83a7efdd9876a1d22f7b3	76	195		ПЕРЕМЕНЫ НЕИЗБЕЖНЫ	lead_in	1	0	
ak_zhol-0004	ak_zhol	ce658a6c7c057c0cfbab8da33c5dedf0270d731a0ef83a7efdd9876a1d22f7b3	196	283		ПЕРЕМЕНЫ НЕИЗБЕЖНЫ	substantive	0	0	Народная Конституция 2026 года открывает новую эпоху в развитии Казахстана, с опорой на базовые ценности нашего народа:
ak_zhol-0005	ak_zhol	ce658a6c7c057c0cfbab8da33c5dedf0270d731a0ef83a7efdd9876a1d22f7b3	285	418		ПЕРЕМЕНЫ НЕИЗБЕЖНЫ	substantive	0	0	
ak_zhol-0006	ak_zhol	ce658a6c7c057c0cfbab8da33c5dedf0270d731a0ef83a7efdd9876a1d22f7b3	420	606		ПЕРЕМЕНЫ НЕИЗБЕЖНЫ	substantive	0	0	
ak_zhol-0007	ak_zhol	ce658a6c7c057c0cfbab8da33c5dedf0270d731a0ef83a7efdd9876a1d22f7b3	608	738		ПЕРЕМЕНЫ НЕИЗБЕЖНЫ	lead_in	0	0	
ak_zhol-0008	ak_zhol	ce658a6c7c057c0cfbab8da33c5dedf0270d731a0ef83a7efdd9876a1d22f7b3	740	851		ПЕРЕМЕНЫ НЕИЗБЕЖНЫ	substantive	0	0	Как партия прагматиков и реалистов, мы видим, что на новый уровень выходит не только само государство, но и решение базовых задач:
ak_zhol-0009	ak_zhol	ce658a6c7c057c0cfbab8da33c5dedf0270d731a0ef83a7efdd9876a1d22f7b3	853	895		ПЕРЕМЕНЫ НЕИЗБЕЖНЫ	substantive	0	0	Как партия прагматиков и реалистов, мы видим, что на новый уровень выходит не только само государство, но и решение базовых задач:
ak_zhol-0010	ak_zhol	ce658a6c7c057c0cfbab8da33c5dedf0270d731a0ef83a7efdd9876a1d22f7b3	897	1132		ПЕРЕМЕНЫ НЕИЗБЕЖНЫ	substantive	0	0	Как партия прагматиков и реалистов, мы видим, что на новый уровень выходит не только само государство, но и решение базовых задач:
ak_zhol-0011	ak_zhol	ce658a6c7c057c0cfbab8da33c5dedf0270d731a0ef83a7efdd9876a1d22f7b3	1134	1386		ПЕРЕМЕНЫ НЕИЗБЕЖНЫ	substantive	0	0	Как партия прагматиков и реалистов, мы видим, что на новый уровень выходит не только само государство, но и решение базовых задач:
ak_zhol-0012	ak_zhol	ce658a6c7c057c0cfbab8da33c5dedf0270d731a0ef83a7efdd9876a1d22f7b3	1388	1549		ПЕРЕМЕНЫ НЕИЗБЕЖНЫ	substantive	0	0	Как партия прагматиков и реалистов, мы видим, что на новый уровень выходит не только само государство, но и решение базовых задач:
ak_zhol-0013	ak_zhol	ce658a6c7c057c0cfbab8da33c5dedf0270d731a0ef83a7efdd9876a1d22f7b3	1551	1682		ПЕРЕМЕНЫ НЕИЗБЕЖНЫ	substantive	0	0	Как партия прагматиков и реалистов, мы видим, что на новый уровень выходит не только само государство, но и решение базовых задач:
ak_zhol-0014	ak_zhol	ce658a6c7c057c0cfbab8da33c5dedf0270d731a0ef83a7efdd9876a1d22f7b3	1684	1790		ПЕРЕМЕНЫ НЕИЗБЕЖНЫ	substantive	0	0	Как партия прагматиков и реалистов, мы видим, что на новый уровень выходит не только само государство, но и решение базовых задач:
ak_zhol-0015	ak_zhol	ce658a6c7c057c0cfbab8da33c5dedf0270d731a0ef83a7efdd9876a1d22f7b3	1792	1944		ПЕРЕМЕНЫ НЕИЗБЕЖНЫ	substantive	0	0	Как партия прагматиков и реалистов, мы видим, что на новый уровень выходит не только само государство, но и решение базовых задач:
ak_zhol-0016	ak_zhol	ce658a6c7c057c0cfbab8da33c5dedf0270d731a0ef83a7efdd9876a1d22f7b3	1946	1983		ПЕРЕМЕНЫ НЕИЗБЕЖНЫ	substantive	0	0	Как партия прагматиков и реалистов, мы видим, что на новый уровень выходит не только само государство, но и решение базовых задач:
ak_zhol-0017	ak_zhol	ce658a6c7c057c0cfbab8da33c5dedf0270d731a0ef83a7efdd9876a1d22f7b3	1984	2084		ПЕРЕМЕНЫ НЕИЗБЕЖНЫ	substantive	0	0	Как партия прагматиков и реалистов, мы видим, что на новый уровень выходит не только само государство, но и решение базовых задач:
ak_zhol-0018	ak_zhol	ce658a6c7c057c0cfbab8da33c5dedf0270d731a0ef83a7efdd9876a1d22f7b3	2086	2354		ПЕРЕМЕНЫ НЕИЗБЕЖНЫ	substantive	0	0	
ak_zhol-0019	ak_zhol	ce658a6c7c057c0cfbab8da33c5dedf0270d731a0ef83a7efdd9876a1d22f7b3	2356	2678		ПЕРЕМЕНЫ НЕИЗБЕЖНЫ	substantive	0	0	
ak_zhol-0020	ak_zhol	ce658a6c7c057c0cfbab8da33c5dedf0270d731a0ef83a7efdd9876a1d22f7b3	2679	2873		ПЕРЕМЕНЫ НЕИЗБЕЖНЫ	substantive	0	0	
ak_zhol-0021	ak_zhol	ce658a6c7c057c0cfbab8da33c5dedf0270d731a0ef83a7efdd9876a1d22f7b3	2875	3020		ПЕРЕМЕНЫ НЕИЗБЕЖНЫ	substantive	0	0	
ak_zhol-0022	ak_zhol	ce658a6c7c057c0cfbab8da33c5dedf0270d731a0ef83a7efdd9876a1d22f7b3	3022	3104		ПЕРЕМЕНЫ НЕИЗБЕЖНЫ	substantive	0	0	
ak_zhol-0023	ak_zhol	ce658a6c7c057c0cfbab8da33c5dedf0270d731a0ef83a7efdd9876a1d22f7b3	3126	3144		І. НЕЗАВИСИМОСТЬ И	structural	0	0	
ak_zhol-0024	ak_zhol	ce658a6c7c057c0cfbab8da33c5dedf0270d731a0ef83a7efdd9876a1d22f7b3	3145	3166		НАЦИОНАЛЬНЫЕ ИНТЕРЕСЫ	structural	0	0	
ak_zhol-0025	ak_zhol	ce658a6c7c057c0cfbab8da33c5dedf0270d731a0ef83a7efdd9876a1d22f7b3	3168	3246		НАЦИОНАЛЬНЫЕ ИНТЕРЕСЫ	substantive	0	0	
ak_zhol-0026	ak_zhol	ce658a6c7c057c0cfbab8da33c5dedf0270d731a0ef83a7efdd9876a1d22f7b3	3247	3386		НАЦИОНАЛЬНЫЕ ИНТЕРЕСЫ	substantive	0	0	
ak_zhol-0027	ak_zhol	ce658a6c7c057c0cfbab8da33c5dedf0270d731a0ef83a7efdd9876a1d22f7b3	3387	3512		НАЦИОНАЛЬНЫЕ ИНТЕРЕСЫ	substantive	0	0	
ak_zhol-0028	ak_zhol	ce658a6c7c057c0cfbab8da33c5dedf0270d731a0ef83a7efdd9876a1d22f7b3	3513	3615		НАЦИОНАЛЬНЫЕ ИНТЕРЕСЫ	substantive	0	0	
ak_zhol-0029	ak_zhol	ce658a6c7c057c0cfbab8da33c5dedf0270d731a0ef83a7efdd9876a1d22f7b3	3617	3787		НАЦИОНАЛЬНЫЕ ИНТЕРЕСЫ	substantive	0	0	
ak_zhol-0030	ak_zhol	ce658a6c7c057c0cfbab8da33c5dedf0270d731a0ef83a7efdd9876a1d22f7b3	3789	4064		НАЦИОНАЛЬНЫЕ ИНТЕРЕСЫ	substantive	1	0	
ak_zhol-0031	ak_zhol	ce658a6c7c057c0cfbab8da33c5dedf0270d731a0ef83a7efdd9876a1d22f7b3	4066	4214		НАЦИОНАЛЬНЫЕ ИНТЕРЕСЫ	substantive	0	0	
ak_zhol-0032	ak_zhol	ce658a6c7c057c0cfbab8da33c5dedf0270d731a0ef83a7efdd9876a1d22f7b3	4216	4377		НАЦИОНАЛЬНЫЕ ИНТЕРЕСЫ	substantive	0	0	
ak_zhol-0033	ak_zhol	ce658a6c7c057c0cfbab8da33c5dedf0270d731a0ef83a7efdd9876a1d22f7b3	4379	4663		НАЦИОНАЛЬНЫЕ ИНТЕРЕСЫ	substantive	0	0	
ak_zhol-0034	ak_zhol	ce658a6c7c057c0cfbab8da33c5dedf0270d731a0ef83a7efdd9876a1d22f7b3	4665	4681		ІІ. ДЕМОКРАТИЯ И	structural	0	0	
ak_zhol-0035	ak_zhol	ce658a6c7c057c0cfbab8da33c5dedf0270d731a0ef83a7efdd9876a1d22f7b3	4682	4696		ПАРЛАМЕНТАРИЗМ	structural	0	0	
ak_zhol-0036	ak_zhol	ce658a6c7c057c0cfbab8da33c5dedf0270d731a0ef83a7efdd9876a1d22f7b3	4698	4812		ПАРЛАМЕНТАРИЗМ	substantive	0	0	
ak_zhol-0037	ak_zhol	ce658a6c7c057c0cfbab8da33c5dedf0270d731a0ef83a7efdd9876a1d22f7b3	4813	4972		ПАРЛАМЕНТАРИЗМ	substantive	0	0	
ak_zhol-0038	ak_zhol	ce658a6c7c057c0cfbab8da33c5dedf0270d731a0ef83a7efdd9876a1d22f7b3	4974	5158		ПАРЛАМЕНТАРИЗМ	substantive	0	0	
ak_zhol-0039	ak_zhol	ce658a6c7c057c0cfbab8da33c5dedf0270d731a0ef83a7efdd9876a1d22f7b3	5159	5192		ПАРЛАМЕНТАРИЗМ	substantive	0	0	
ak_zhol-0040	ak_zhol	ce658a6c7c057c0cfbab8da33c5dedf0270d731a0ef83a7efdd9876a1d22f7b3	5194	5294		ПАРЛАМЕНТАРИЗМ	substantive	0	0	
ak_zhol-0041	ak_zhol	ce658a6c7c057c0cfbab8da33c5dedf0270d731a0ef83a7efdd9876a1d22f7b3	5295	5365		ПАРЛАМЕНТАРИЗМ	substantive	0	0	
ak_zhol-0042	ak_zhol	ce658a6c7c057c0cfbab8da33c5dedf0270d731a0ef83a7efdd9876a1d22f7b3	5366	5548		ПАРЛАМЕНТАРИЗМ	substantive	0	0	
ak_zhol-0043	ak_zhol	ce658a6c7c057c0cfbab8da33c5dedf0270d731a0ef83a7efdd9876a1d22f7b3	5550	5794		ПАРЛАМЕНТАРИЗМ	substantive	0	0	
ak_zhol-0044	ak_zhol	ce658a6c7c057c0cfbab8da33c5dedf0270d731a0ef83a7efdd9876a1d22f7b3	5796	5859		ПАРЛАМЕНТАРИЗМ	substantive	0	0	
ak_zhol-0045	ak_zhol	ce658a6c7c057c0cfbab8da33c5dedf0270d731a0ef83a7efdd9876a1d22f7b3	5861	5955		ПАРЛАМЕНТАРИЗМ	substantive	0	0	
ak_zhol-0046	ak_zhol	ce658a6c7c057c0cfbab8da33c5dedf0270d731a0ef83a7efdd9876a1d22f7b3	5956	6090		ПАРЛАМЕНТАРИЗМ	substantive	0	0	
ak_zhol-0047	ak_zhol	ce658a6c7c057c0cfbab8da33c5dedf0270d731a0ef83a7efdd9876a1d22f7b3	6092	6389		ПАРЛАМЕНТАРИЗМ	substantive	0	0	
ak_zhol-0048	ak_zhol	ce658a6c7c057c0cfbab8da33c5dedf0270d731a0ef83a7efdd9876a1d22f7b3	6391	6517		ПАРЛАМЕНТАРИЗМ	substantive	0	0	
ak_zhol-0049	ak_zhol	ce658a6c7c057c0cfbab8da33c5dedf0270d731a0ef83a7efdd9876a1d22f7b3	6519	6645		ПАРЛАМЕНТАРИЗМ	substantive	0	0	
ak_zhol-0050	ak_zhol	ce658a6c7c057c0cfbab8da33c5dedf0270d731a0ef83a7efdd9876a1d22f7b3	6646	6734		ПАРЛАМЕНТАРИЗМ	substantive	0	0	
ak_zhol-0051	ak_zhol	ce658a6c7c057c0cfbab8da33c5dedf0270d731a0ef83a7efdd9876a1d22f7b3	6736	7103		ПАРЛАМЕНТАРИЗМ	substantive	0	0	
ak_zhol-0052	ak_zhol	ce658a6c7c057c0cfbab8da33c5dedf0270d731a0ef83a7efdd9876a1d22f7b3	7105	7241		ПАРЛАМЕНТАРИЗМ	substantive	0	0	
ak_zhol-0053	ak_zhol	ce658a6c7c057c0cfbab8da33c5dedf0270d731a0ef83a7efdd9876a1d22f7b3	7242	7351		ПАРЛАМЕНТАРИЗМ	substantive	0	0	
ak_zhol-0054	ak_zhol	ce658a6c7c057c0cfbab8da33c5dedf0270d731a0ef83a7efdd9876a1d22f7b3	7353	7580		ПАРЛАМЕНТАРИЗМ	substantive	0	0	
ak_zhol-0055	ak_zhol	ce658a6c7c057c0cfbab8da33c5dedf0270d731a0ef83a7efdd9876a1d22f7b3	7582	7769		ПАРЛАМЕНТАРИЗМ	substantive	0	0	
ak_zhol-0056	ak_zhol	ce658a6c7c057c0cfbab8da33c5dedf0270d731a0ef83a7efdd9876a1d22f7b3	7770	7847		ПАРЛАМЕНТАРИЗМ	substantive	0	0	
ak_zhol-0057	ak_zhol	ce658a6c7c057c0cfbab8da33c5dedf0270d731a0ef83a7efdd9876a1d22f7b3	7849	8041		ПАРЛАМЕНТАРИЗМ	substantive	0	0	
ak_zhol-0058	ak_zhol	ce658a6c7c057c0cfbab8da33c5dedf0270d731a0ef83a7efdd9876a1d22f7b3	8043	8125		ПАРЛАМЕНТАРИЗМ	substantive	0	0	
ak_zhol-0059	ak_zhol	ce658a6c7c057c0cfbab8da33c5dedf0270d731a0ef83a7efdd9876a1d22f7b3	8126	8194		ПАРЛАМЕНТАРИЗМ	substantive	0	0	
ak_zhol-0060	ak_zhol	ce658a6c7c057c0cfbab8da33c5dedf0270d731a0ef83a7efdd9876a1d22f7b3	8195	8334		ПАРЛАМЕНТАРИЗМ	substantive	0	0	
ak_zhol-0061	ak_zhol	ce658a6c7c057c0cfbab8da33c5dedf0270d731a0ef83a7efdd9876a1d22f7b3	8335	8424		ПАРЛАМЕНТАРИЗМ	substantive	0	0	
ak_zhol-0062	ak_zhol	ce658a6c7c057c0cfbab8da33c5dedf0270d731a0ef83a7efdd9876a1d22f7b3	8426	8531		ПАРЛАМЕНТАРИЗМ	substantive	0	0	
ak_zhol-0063	ak_zhol	ce658a6c7c057c0cfbab8da33c5dedf0270d731a0ef83a7efdd9876a1d22f7b3	8542	8568		ПАРЛАМЕНТАРИЗМ	substantive	0	0	
ak_zhol-0064	ak_zhol	ce658a6c7c057c0cfbab8da33c5dedf0270d731a0ef83a7efdd9876a1d22f7b3	8569	8792		ПАРЛАМЕНТАРИЗМ	substantive	0	0	
ak_zhol-0065	ak_zhol	ce658a6c7c057c0cfbab8da33c5dedf0270d731a0ef83a7efdd9876a1d22f7b3	8794	8889		ПАРЛАМЕНТАРИЗМ	substantive	0	0	
ak_zhol-0066	ak_zhol	ce658a6c7c057c0cfbab8da33c5dedf0270d731a0ef83a7efdd9876a1d22f7b3	8891	8983		ПАРЛАМЕНТАРИЗМ	substantive	0	0	
ak_zhol-0067	ak_zhol	ce658a6c7c057c0cfbab8da33c5dedf0270d731a0ef83a7efdd9876a1d22f7b3	8984	9179		ПАРЛАМЕНТАРИЗМ	substantive	0	0	
ak_zhol-0068	ak_zhol	ce658a6c7c057c0cfbab8da33c5dedf0270d731a0ef83a7efdd9876a1d22f7b3	9180	9359		ПАРЛАМЕНТАРИЗМ	substantive	0	0	
ak_zhol-0069	ak_zhol	ce658a6c7c057c0cfbab8da33c5dedf0270d731a0ef83a7efdd9876a1d22f7b3	9361	9443		ПАРЛАМЕНТАРИЗМ	substantive	0	0	
ak_zhol-0070	ak_zhol	ce658a6c7c057c0cfbab8da33c5dedf0270d731a0ef83a7efdd9876a1d22f7b3	9444	9513		ПАРЛАМЕНТАРИЗМ	substantive	0	0	
ak_zhol-0071	ak_zhol	ce658a6c7c057c0cfbab8da33c5dedf0270d731a0ef83a7efdd9876a1d22f7b3	9514	9687		ПАРЛАМЕНТАРИЗМ	substantive	0	0	
ak_zhol-0072	ak_zhol	ce658a6c7c057c0cfbab8da33c5dedf0270d731a0ef83a7efdd9876a1d22f7b3	9688	9953		ПАРЛАМЕНТАРИЗМ	substantive	0	0	
ak_zhol-0073	ak_zhol	ce658a6c7c057c0cfbab8da33c5dedf0270d731a0ef83a7efdd9876a1d22f7b3	9955	10028		ПАРЛАМЕНТАРИЗМ	substantive	0	0	
ak_zhol-0074	ak_zhol	ce658a6c7c057c0cfbab8da33c5dedf0270d731a0ef83a7efdd9876a1d22f7b3	10029	10145		ПАРЛАМЕНТАРИЗМ	substantive	0	0	
ak_zhol-0075	ak_zhol	ce658a6c7c057c0cfbab8da33c5dedf0270d731a0ef83a7efdd9876a1d22f7b3	10146	10285		ПАРЛАМЕНТАРИЗМ	substantive	0	0	
ak_zhol-0076	ak_zhol	ce658a6c7c057c0cfbab8da33c5dedf0270d731a0ef83a7efdd9876a1d22f7b3	10287	10464		ПАРЛАМЕНТАРИЗМ	substantive	1	0	
ak_zhol-0077	ak_zhol	ce658a6c7c057c0cfbab8da33c5dedf0270d731a0ef83a7efdd9876a1d22f7b3	10465	10606		ПАРЛАМЕНТАРИЗМ	substantive	0	0	
ak_zhol-0078	ak_zhol	ce658a6c7c057c0cfbab8da33c5dedf0270d731a0ef83a7efdd9876a1d22f7b3	10607	10760		ПАРЛАМЕНТАРИЗМ	substantive	0	0	
ak_zhol-0079	ak_zhol	ce658a6c7c057c0cfbab8da33c5dedf0270d731a0ef83a7efdd9876a1d22f7b3	10762	11002		ПАРЛАМЕНТАРИЗМ	substantive	0	0	
ak_zhol-0080	ak_zhol	ce658a6c7c057c0cfbab8da33c5dedf0270d731a0ef83a7efdd9876a1d22f7b3	11004	11101		ПАРЛАМЕНТАРИЗМ	substantive	0	0	
ak_zhol-0081	ak_zhol	ce658a6c7c057c0cfbab8da33c5dedf0270d731a0ef83a7efdd9876a1d22f7b3	11102	11314		ПАРЛАМЕНТАРИЗМ	substantive	0	0	
ak_zhol-0082	ak_zhol	ce658a6c7c057c0cfbab8da33c5dedf0270d731a0ef83a7efdd9876a1d22f7b3	11316	11543		ПАРЛАМЕНТАРИЗМ	substantive	0	0	
ak_zhol-0083	ak_zhol	ce658a6c7c057c0cfbab8da33c5dedf0270d731a0ef83a7efdd9876a1d22f7b3	11545	11722		ПАРЛАМЕНТАРИЗМ	substantive	0	0	
ak_zhol-0084	ak_zhol	ce658a6c7c057c0cfbab8da33c5dedf0270d731a0ef83a7efdd9876a1d22f7b3	11724	11930		ПАРЛАМЕНТАРИЗМ	substantive	0	0	
ak_zhol-0085	ak_zhol	ce658a6c7c057c0cfbab8da33c5dedf0270d731a0ef83a7efdd9876a1d22f7b3	11931	11999		ПАРЛАМЕНТАРИЗМ	substantive	0	0	
ak_zhol-0086	ak_zhol	ce658a6c7c057c0cfbab8da33c5dedf0270d731a0ef83a7efdd9876a1d22f7b3	12001	12140		ПАРЛАМЕНТАРИЗМ	substantive	0	0	
ak_zhol-0087	ak_zhol	ce658a6c7c057c0cfbab8da33c5dedf0270d731a0ef83a7efdd9876a1d22f7b3	12142	12486		ПАРЛАМЕНТАРИЗМ	substantive	0	0	
ak_zhol-0088	ak_zhol	ce658a6c7c057c0cfbab8da33c5dedf0270d731a0ef83a7efdd9876a1d22f7b3	12494	12573		ПАРЛАМЕНТАРИЗМ	substantive	0	0	
ak_zhol-0089	ak_zhol	ce658a6c7c057c0cfbab8da33c5dedf0270d731a0ef83a7efdd9876a1d22f7b3	12574	12668		ПАРЛАМЕНТАРИЗМ	substantive	0	0	
ak_zhol-0090	ak_zhol	ce658a6c7c057c0cfbab8da33c5dedf0270d731a0ef83a7efdd9876a1d22f7b3	12670	12921		ПАРЛАМЕНТАРИЗМ	substantive	0	0	
ak_zhol-0091	ak_zhol	ce658a6c7c057c0cfbab8da33c5dedf0270d731a0ef83a7efdd9876a1d22f7b3	12923	13127		ПАРЛАМЕНТАРИЗМ	substantive	0	0	
ak_zhol-0092	ak_zhol	ce658a6c7c057c0cfbab8da33c5dedf0270d731a0ef83a7efdd9876a1d22f7b3	13129	13235		ПАРЛАМЕНТАРИЗМ	substantive	0	0	
ak_zhol-0093	ak_zhol	ce658a6c7c057c0cfbab8da33c5dedf0270d731a0ef83a7efdd9876a1d22f7b3	13236	13327		ПАРЛАМЕНТАРИЗМ	substantive	0	0	
ak_zhol-0094	ak_zhol	ce658a6c7c057c0cfbab8da33c5dedf0270d731a0ef83a7efdd9876a1d22f7b3	13329	13505		ПАРЛАМЕНТАРИЗМ	substantive	0	0	
ak_zhol-0095	ak_zhol	ce658a6c7c057c0cfbab8da33c5dedf0270d731a0ef83a7efdd9876a1d22f7b3	13506	13715		ПАРЛАМЕНТАРИЗМ	substantive	0	0	
ak_zhol-0096	ak_zhol	ce658a6c7c057c0cfbab8da33c5dedf0270d731a0ef83a7efdd9876a1d22f7b3	13716	13898		ПАРЛАМЕНТАРИЗМ	substantive	0	0	
ak_zhol-0097	ak_zhol	ce658a6c7c057c0cfbab8da33c5dedf0270d731a0ef83a7efdd9876a1d22f7b3	13900	14035		ПАРЛАМЕНТАРИЗМ	substantive	0	0	
ak_zhol-0098	ak_zhol	ce658a6c7c057c0cfbab8da33c5dedf0270d731a0ef83a7efdd9876a1d22f7b3	14036	14190		ПАРЛАМЕНТАРИЗМ	substantive	0	0	
ak_zhol-0099	ak_zhol	ce658a6c7c057c0cfbab8da33c5dedf0270d731a0ef83a7efdd9876a1d22f7b3	14192	14325		ПАРЛАМЕНТАРИЗМ	substantive	0	0	
ak_zhol-0100	ak_zhol	ce658a6c7c057c0cfbab8da33c5dedf0270d731a0ef83a7efdd9876a1d22f7b3	14327	14405		ПАРЛАМЕНТАРИЗМ	substantive	0	0	
ak_zhol-0101	ak_zhol	ce658a6c7c057c0cfbab8da33c5dedf0270d731a0ef83a7efdd9876a1d22f7b3	14407	14568		ПАРЛАМЕНТАРИЗМ	substantive	0	0	
ak_zhol-0102	ak_zhol	ce658a6c7c057c0cfbab8da33c5dedf0270d731a0ef83a7efdd9876a1d22f7b3	14569	14696		ПАРЛАМЕНТАРИЗМ	substantive	0	0	
ak_zhol-0103	ak_zhol	ce658a6c7c057c0cfbab8da33c5dedf0270d731a0ef83a7efdd9876a1d22f7b3	14698	14969		ПАРЛАМЕНТАРИЗМ	substantive	0	0	
ak_zhol-0104	ak_zhol	ce658a6c7c057c0cfbab8da33c5dedf0270d731a0ef83a7efdd9876a1d22f7b3	14971	15029		ПАРЛАМЕНТАРИЗМ	substantive	0	0	
ak_zhol-0105	ak_zhol	ce658a6c7c057c0cfbab8da33c5dedf0270d731a0ef83a7efdd9876a1d22f7b3	15030	15214		ПАРЛАМЕНТАРИЗМ	substantive	0	0	
ak_zhol-0106	ak_zhol	ce658a6c7c057c0cfbab8da33c5dedf0270d731a0ef83a7efdd9876a1d22f7b3	15216	15362		ПАРЛАМЕНТАРИЗМ	substantive	0	0	
ak_zhol-0107	ak_zhol	ce658a6c7c057c0cfbab8da33c5dedf0270d731a0ef83a7efdd9876a1d22f7b3	15363	15496		ПАРЛАМЕНТАРИЗМ	substantive	0	0	
ak_zhol-0108	ak_zhol	ce658a6c7c057c0cfbab8da33c5dedf0270d731a0ef83a7efdd9876a1d22f7b3	15504	15637		ПАРЛАМЕНТАРИЗМ	substantive	0	0	
ak_zhol-0109	ak_zhol	ce658a6c7c057c0cfbab8da33c5dedf0270d731a0ef83a7efdd9876a1d22f7b3	15639	15894		ПАРЛАМЕНТАРИЗМ	substantive	0	0	
ak_zhol-0110	ak_zhol	ce658a6c7c057c0cfbab8da33c5dedf0270d731a0ef83a7efdd9876a1d22f7b3	15896	16190		ПАРЛАМЕНТАРИЗМ	substantive	0	0	
ak_zhol-0111	ak_zhol	ce658a6c7c057c0cfbab8da33c5dedf0270d731a0ef83a7efdd9876a1d22f7b3	16192	16350		ПАРЛАМЕНТАРИЗМ	substantive	0	0	
ak_zhol-0112	ak_zhol	ce658a6c7c057c0cfbab8da33c5dedf0270d731a0ef83a7efdd9876a1d22f7b3	16352	16530		ПАРЛАМЕНТАРИЗМ	substantive	0	0	
ak_zhol-0113	ak_zhol	ce658a6c7c057c0cfbab8da33c5dedf0270d731a0ef83a7efdd9876a1d22f7b3	16532	16545		III. БОРЬБА С	structural	0	0	
ak_zhol-0114	ak_zhol	ce658a6c7c057c0cfbab8da33c5dedf0270d731a0ef83a7efdd9876a1d22f7b3	16546	16573		КОРРУПЦИЕЙ И ДЕ-ОФШОРИЗАЦИЯ	structural	0	0	
ak_zhol-0115	ak_zhol	ce658a6c7c057c0cfbab8da33c5dedf0270d731a0ef83a7efdd9876a1d22f7b3	16575	16748		КОРРУПЦИЕЙ И ДЕ-ОФШОРИЗАЦИЯ	substantive	0	0	
ak_zhol-0116	ak_zhol	ce658a6c7c057c0cfbab8da33c5dedf0270d731a0ef83a7efdd9876a1d22f7b3	16750	16837		КОРРУПЦИЕЙ И ДЕ-ОФШОРИЗАЦИЯ	substantive	0	0	
ak_zhol-0117	ak_zhol	ce658a6c7c057c0cfbab8da33c5dedf0270d731a0ef83a7efdd9876a1d22f7b3	16838	17091		КОРРУПЦИЕЙ И ДЕ-ОФШОРИЗАЦИЯ	substantive	1	0	
ak_zhol-0118	ak_zhol	ce658a6c7c057c0cfbab8da33c5dedf0270d731a0ef83a7efdd9876a1d22f7b3	17093	17333		КОРРУПЦИЕЙ И ДЕ-ОФШОРИЗАЦИЯ	substantive	0	0	
ak_zhol-0119	ak_zhol	ce658a6c7c057c0cfbab8da33c5dedf0270d731a0ef83a7efdd9876a1d22f7b3	17335	17479		КОРРУПЦИЕЙ И ДЕ-ОФШОРИЗАЦИЯ	substantive	0	0	
ak_zhol-0120	ak_zhol	ce658a6c7c057c0cfbab8da33c5dedf0270d731a0ef83a7efdd9876a1d22f7b3	17480	17596		КОРРУПЦИЕЙ И ДЕ-ОФШОРИЗАЦИЯ	substantive	0	0	
ak_zhol-0121	ak_zhol	ce658a6c7c057c0cfbab8da33c5dedf0270d731a0ef83a7efdd9876a1d22f7b3	17598	17700		КОРРУПЦИЕЙ И ДЕ-ОФШОРИЗАЦИЯ	substantive	0	0	
ak_zhol-0122	ak_zhol	ce658a6c7c057c0cfbab8da33c5dedf0270d731a0ef83a7efdd9876a1d22f7b3	17701	17873		КОРРУПЦИЕЙ И ДЕ-ОФШОРИЗАЦИЯ	substantive	0	0	
ak_zhol-0123	ak_zhol	ce658a6c7c057c0cfbab8da33c5dedf0270d731a0ef83a7efdd9876a1d22f7b3	17874	18066		КОРРУПЦИЕЙ И ДЕ-ОФШОРИЗАЦИЯ	substantive	0	0	
ak_zhol-0124	ak_zhol	ce658a6c7c057c0cfbab8da33c5dedf0270d731a0ef83a7efdd9876a1d22f7b3	18067	18180		КОРРУПЦИЕЙ И ДЕ-ОФШОРИЗАЦИЯ	substantive	0	0	
ak_zhol-0125	ak_zhol	ce658a6c7c057c0cfbab8da33c5dedf0270d731a0ef83a7efdd9876a1d22f7b3	18182	18361		КОРРУПЦИЕЙ И ДЕ-ОФШОРИЗАЦИЯ	substantive	0	0	
ak_zhol-0126	ak_zhol	ce658a6c7c057c0cfbab8da33c5dedf0270d731a0ef83a7efdd9876a1d22f7b3	18362	18435		КОРРУПЦИЕЙ И ДЕ-ОФШОРИЗАЦИЯ	substantive	0	0	
ak_zhol-0127	ak_zhol	ce658a6c7c057c0cfbab8da33c5dedf0270d731a0ef83a7efdd9876a1d22f7b3	18436	18567		КОРРУПЦИЕЙ И ДЕ-ОФШОРИЗАЦИЯ	substantive	0	0	
ak_zhol-0128	ak_zhol	ce658a6c7c057c0cfbab8da33c5dedf0270d731a0ef83a7efdd9876a1d22f7b3	18569	18715		КОРРУПЦИЕЙ И ДЕ-ОФШОРИЗАЦИЯ	substantive	0	0	
ak_zhol-0129	ak_zhol	ce658a6c7c057c0cfbab8da33c5dedf0270d731a0ef83a7efdd9876a1d22f7b3	18717	18851		КОРРУПЦИЕЙ И ДЕ-ОФШОРИЗАЦИЯ	substantive	0	0	
ak_zhol-0130	ak_zhol	ce658a6c7c057c0cfbab8da33c5dedf0270d731a0ef83a7efdd9876a1d22f7b3	18852	18903		КОРРУПЦИЕЙ И ДЕ-ОФШОРИЗАЦИЯ	substantive	1	0	
ak_zhol-0131	ak_zhol	ce658a6c7c057c0cfbab8da33c5dedf0270d731a0ef83a7efdd9876a1d22f7b3	18904	19000		КОРРУПЦИЕЙ И ДЕ-ОФШОРИЗАЦИЯ	substantive	0	0	
ak_zhol-0132	ak_zhol	ce658a6c7c057c0cfbab8da33c5dedf0270d731a0ef83a7efdd9876a1d22f7b3	19001	19075		КОРРУПЦИЕЙ И ДЕ-ОФШОРИЗАЦИЯ	substantive	0	0	
ak_zhol-0133	ak_zhol	ce658a6c7c057c0cfbab8da33c5dedf0270d731a0ef83a7efdd9876a1d22f7b3	19077	19214		КОРРУПЦИЕЙ И ДЕ-ОФШОРИЗАЦИЯ	substantive	0	0	
ak_zhol-0134	ak_zhol	ce658a6c7c057c0cfbab8da33c5dedf0270d731a0ef83a7efdd9876a1d22f7b3	19215	19333		КОРРУПЦИЕЙ И ДЕ-ОФШОРИЗАЦИЯ	substantive	0	0	
ak_zhol-0135	ak_zhol	ce658a6c7c057c0cfbab8da33c5dedf0270d731a0ef83a7efdd9876a1d22f7b3	19334	19451		КОРРУПЦИЕЙ И ДЕ-ОФШОРИЗАЦИЯ	substantive	0	0	
ak_zhol-0136	ak_zhol	ce658a6c7c057c0cfbab8da33c5dedf0270d731a0ef83a7efdd9876a1d22f7b3	19453	19824		КОРРУПЦИЕЙ И ДЕ-ОФШОРИЗАЦИЯ	substantive	0	0	
ak_zhol-0137	ak_zhol	ce658a6c7c057c0cfbab8da33c5dedf0270d731a0ef83a7efdd9876a1d22f7b3	19826	19973		КОРРУПЦИЕЙ И ДЕ-ОФШОРИЗАЦИЯ	substantive	0	0	
ak_zhol-0138	ak_zhol	ce658a6c7c057c0cfbab8da33c5dedf0270d731a0ef83a7efdd9876a1d22f7b3	19974	20140		КОРРУПЦИЕЙ И ДЕ-ОФШОРИЗАЦИЯ	substantive	0	0	
ak_zhol-0139	ak_zhol	ce658a6c7c057c0cfbab8da33c5dedf0270d731a0ef83a7efdd9876a1d22f7b3	20142	20277		КОРРУПЦИЕЙ И ДЕ-ОФШОРИЗАЦИЯ	substantive	0	0	
ak_zhol-0140	ak_zhol	ce658a6c7c057c0cfbab8da33c5dedf0270d731a0ef83a7efdd9876a1d22f7b3	20278	20389		КОРРУПЦИЕЙ И ДЕ-ОФШОРИЗАЦИЯ	substantive	1	0	
ak_zhol-0141	ak_zhol	ce658a6c7c057c0cfbab8da33c5dedf0270d731a0ef83a7efdd9876a1d22f7b3	20391	20594		КОРРУПЦИЕЙ И ДЕ-ОФШОРИЗАЦИЯ	substantive	0	0	
ak_zhol-0142	ak_zhol	ce658a6c7c057c0cfbab8da33c5dedf0270d731a0ef83a7efdd9876a1d22f7b3	20595	20695		КОРРУПЦИЕЙ И ДЕ-ОФШОРИЗАЦИЯ	substantive	0	0	
ak_zhol-0143	ak_zhol	ce658a6c7c057c0cfbab8da33c5dedf0270d731a0ef83a7efdd9876a1d22f7b3	20697	20900		КОРРУПЦИЕЙ И ДЕ-ОФШОРИЗАЦИЯ	substantive	0	0	
ak_zhol-0144	ak_zhol	ce658a6c7c057c0cfbab8da33c5dedf0270d731a0ef83a7efdd9876a1d22f7b3	20902	20978		КОРРУПЦИЕЙ И ДЕ-ОФШОРИЗАЦИЯ	substantive	0	0	
ak_zhol-0145	ak_zhol	ce658a6c7c057c0cfbab8da33c5dedf0270d731a0ef83a7efdd9876a1d22f7b3	20980	21008		IV.СОЦИАЛЬНАЯ СПРАВЕДЛИВОСТЬ	structural	0	0	
ak_zhol-0146	ak_zhol	ce658a6c7c057c0cfbab8da33c5dedf0270d731a0ef83a7efdd9876a1d22f7b3	21010	21102		IV.СОЦИАЛЬНАЯ СПРАВЕДЛИВОСТЬ	substantive	0	0	
ak_zhol-0147	ak_zhol	ce658a6c7c057c0cfbab8da33c5dedf0270d731a0ef83a7efdd9876a1d22f7b3	21103	21244		IV.СОЦИАЛЬНАЯ СПРАВЕДЛИВОСТЬ	substantive	0	0	
ak_zhol-0148	ak_zhol	ce658a6c7c057c0cfbab8da33c5dedf0270d731a0ef83a7efdd9876a1d22f7b3	21245	21326		IV.СОЦИАЛЬНАЯ СПРАВЕДЛИВОСТЬ	substantive	0	0	
ak_zhol-0149	ak_zhol	ce658a6c7c057c0cfbab8da33c5dedf0270d731a0ef83a7efdd9876a1d22f7b3	21328	21511		IV.СОЦИАЛЬНАЯ СПРАВЕДЛИВОСТЬ	substantive	0	0	
ak_zhol-0150	ak_zhol	ce658a6c7c057c0cfbab8da33c5dedf0270d731a0ef83a7efdd9876a1d22f7b3	21512	21624		IV.СОЦИАЛЬНАЯ СПРАВЕДЛИВОСТЬ	substantive	0	0	
ak_zhol-0151	ak_zhol	ce658a6c7c057c0cfbab8da33c5dedf0270d731a0ef83a7efdd9876a1d22f7b3	21626	21668		IV.СОЦИАЛЬНАЯ СПРАВЕДЛИВОСТЬ	substantive	0	0	
ak_zhol-0152	ak_zhol	ce658a6c7c057c0cfbab8da33c5dedf0270d731a0ef83a7efdd9876a1d22f7b3	21669	21849		IV.СОЦИАЛЬНАЯ СПРАВЕДЛИВОСТЬ	substantive	0	0	
ak_zhol-0153	ak_zhol	ce658a6c7c057c0cfbab8da33c5dedf0270d731a0ef83a7efdd9876a1d22f7b3	21851	22106		IV.СОЦИАЛЬНАЯ СПРАВЕДЛИВОСТЬ	substantive	0	0	
ak_zhol-0154	ak_zhol	ce658a6c7c057c0cfbab8da33c5dedf0270d731a0ef83a7efdd9876a1d22f7b3	22108	22150		IV.СОЦИАЛЬНАЯ СПРАВЕДЛИВОСТЬ	lead_in	0	0	
ak_zhol-0155	ak_zhol	ce658a6c7c057c0cfbab8da33c5dedf0270d731a0ef83a7efdd9876a1d22f7b3	22152	22242		IV.СОЦИАЛЬНАЯ СПРАВЕДЛИВОСТЬ	substantive	0	0	Для обеспечения социальной справедливости:
ak_zhol-0156	ak_zhol	ce658a6c7c057c0cfbab8da33c5dedf0270d731a0ef83a7efdd9876a1d22f7b3	22244	22389		IV.СОЦИАЛЬНАЯ СПРАВЕДЛИВОСТЬ	substantive	0	0	Для обеспечения социальной справедливости:
ak_zhol-0157	ak_zhol	ce658a6c7c057c0cfbab8da33c5dedf0270d731a0ef83a7efdd9876a1d22f7b3	22390	22509		IV.СОЦИАЛЬНАЯ СПРАВЕДЛИВОСТЬ	substantive	0	0	Для обеспечения социальной справедливости:
ak_zhol-0158	ak_zhol	ce658a6c7c057c0cfbab8da33c5dedf0270d731a0ef83a7efdd9876a1d22f7b3	22511	22621		IV.СОЦИАЛЬНАЯ СПРАВЕДЛИВОСТЬ	substantive	0	0	Для обеспечения социальной справедливости:
ak_zhol-0159	ak_zhol	ce658a6c7c057c0cfbab8da33c5dedf0270d731a0ef83a7efdd9876a1d22f7b3	22623	22852		IV.СОЦИАЛЬНАЯ СПРАВЕДЛИВОСТЬ	substantive	0	0	
ak_zhol-0160	ak_zhol	ce658a6c7c057c0cfbab8da33c5dedf0270d731a0ef83a7efdd9876a1d22f7b3	22853	22981		IV.СОЦИАЛЬНАЯ СПРАВЕДЛИВОСТЬ	substantive	0	0	
ak_zhol-0161	ak_zhol	ce658a6c7c057c0cfbab8da33c5dedf0270d731a0ef83a7efdd9876a1d22f7b3	22983	23142		IV.СОЦИАЛЬНАЯ СПРАВЕДЛИВОСТЬ	substantive	0	0	
ak_zhol-0162	ak_zhol	ce658a6c7c057c0cfbab8da33c5dedf0270d731a0ef83a7efdd9876a1d22f7b3	23143	23182		IV.СОЦИАЛЬНАЯ СПРАВЕДЛИВОСТЬ	substantive	0	0	
ak_zhol-0163	ak_zhol	ce658a6c7c057c0cfbab8da33c5dedf0270d731a0ef83a7efdd9876a1d22f7b3	23184	23575		IV.СОЦИАЛЬНАЯ СПРАВЕДЛИВОСТЬ	substantive	0	0	
ak_zhol-0164	ak_zhol	ce658a6c7c057c0cfbab8da33c5dedf0270d731a0ef83a7efdd9876a1d22f7b3	23577	23769		IV.СОЦИАЛЬНАЯ СПРАВЕДЛИВОСТЬ	substantive	0	0	
ak_zhol-0165	ak_zhol	ce658a6c7c057c0cfbab8da33c5dedf0270d731a0ef83a7efdd9876a1d22f7b3	23771	23987		IV.СОЦИАЛЬНАЯ СПРАВЕДЛИВОСТЬ	substantive	0	0	
ak_zhol-0166	ak_zhol	ce658a6c7c057c0cfbab8da33c5dedf0270d731a0ef83a7efdd9876a1d22f7b3	23989	24202		IV.СОЦИАЛЬНАЯ СПРАВЕДЛИВОСТЬ	substantive	1	0	
ak_zhol-0167	ak_zhol	ce658a6c7c057c0cfbab8da33c5dedf0270d731a0ef83a7efdd9876a1d22f7b3	24203	24370		IV.СОЦИАЛЬНАЯ СПРАВЕДЛИВОСТЬ	substantive	1	0	
ak_zhol-0168	ak_zhol	ce658a6c7c057c0cfbab8da33c5dedf0270d731a0ef83a7efdd9876a1d22f7b3	24372	24443		IV.СОЦИАЛЬНАЯ СПРАВЕДЛИВОСТЬ	substantive	0	0	
ak_zhol-0169	ak_zhol	ce658a6c7c057c0cfbab8da33c5dedf0270d731a0ef83a7efdd9876a1d22f7b3	24444	24493		IV.СОЦИАЛЬНАЯ СПРАВЕДЛИВОСТЬ	substantive	0	0	
ak_zhol-0170	ak_zhol	ce658a6c7c057c0cfbab8da33c5dedf0270d731a0ef83a7efdd9876a1d22f7b3	24494	24570		IV.СОЦИАЛЬНАЯ СПРАВЕДЛИВОСТЬ	substantive	0	0	
ak_zhol-0171	ak_zhol	ce658a6c7c057c0cfbab8da33c5dedf0270d731a0ef83a7efdd9876a1d22f7b3	24572	24909		IV.СОЦИАЛЬНАЯ СПРАВЕДЛИВОСТЬ	substantive	1	0	
ak_zhol-0172	ak_zhol	ce658a6c7c057c0cfbab8da33c5dedf0270d731a0ef83a7efdd9876a1d22f7b3	24910	25041		IV.СОЦИАЛЬНАЯ СПРАВЕДЛИВОСТЬ	substantive	0	0	
ak_zhol-0173	ak_zhol	ce658a6c7c057c0cfbab8da33c5dedf0270d731a0ef83a7efdd9876a1d22f7b3	25043	25183		IV.СОЦИАЛЬНАЯ СПРАВЕДЛИВОСТЬ	substantive	0	0	
ak_zhol-0174	ak_zhol	ce658a6c7c057c0cfbab8da33c5dedf0270d731a0ef83a7efdd9876a1d22f7b3	25184	25379		IV.СОЦИАЛЬНАЯ СПРАВЕДЛИВОСТЬ	substantive	0	0	
ak_zhol-0175	ak_zhol	ce658a6c7c057c0cfbab8da33c5dedf0270d731a0ef83a7efdd9876a1d22f7b3	25381	25497		IV.СОЦИАЛЬНАЯ СПРАВЕДЛИВОСТЬ	substantive	1	0	
ak_zhol-0176	ak_zhol	ce658a6c7c057c0cfbab8da33c5dedf0270d731a0ef83a7efdd9876a1d22f7b3	25498	25636		IV.СОЦИАЛЬНАЯ СПРАВЕДЛИВОСТЬ	substantive	0	0	
ak_zhol-0177	ak_zhol	ce658a6c7c057c0cfbab8da33c5dedf0270d731a0ef83a7efdd9876a1d22f7b3	25637	25710		IV.СОЦИАЛЬНАЯ СПРАВЕДЛИВОСТЬ	substantive	0	0	
ak_zhol-0178	ak_zhol	ce658a6c7c057c0cfbab8da33c5dedf0270d731a0ef83a7efdd9876a1d22f7b3	25711	25848		IV.СОЦИАЛЬНАЯ СПРАВЕДЛИВОСТЬ	substantive	0	0	
ak_zhol-0179	ak_zhol	ce658a6c7c057c0cfbab8da33c5dedf0270d731a0ef83a7efdd9876a1d22f7b3	25850	26049		IV.СОЦИАЛЬНАЯ СПРАВЕДЛИВОСТЬ	substantive	0	0	
ak_zhol-0180	ak_zhol	ce658a6c7c057c0cfbab8da33c5dedf0270d731a0ef83a7efdd9876a1d22f7b3	26051	26214		IV.СОЦИАЛЬНАЯ СПРАВЕДЛИВОСТЬ	substantive	0	0	
ak_zhol-0181	ak_zhol	ce658a6c7c057c0cfbab8da33c5dedf0270d731a0ef83a7efdd9876a1d22f7b3	26216	26393		IV.СОЦИАЛЬНАЯ СПРАВЕДЛИВОСТЬ	substantive	0	0	
ak_zhol-0182	ak_zhol	ce658a6c7c057c0cfbab8da33c5dedf0270d731a0ef83a7efdd9876a1d22f7b3	26395	26532		IV.СОЦИАЛЬНАЯ СПРАВЕДЛИВОСТЬ	substantive	0	0	
ak_zhol-0183	ak_zhol	ce658a6c7c057c0cfbab8da33c5dedf0270d731a0ef83a7efdd9876a1d22f7b3	26534	26728		IV.СОЦИАЛЬНАЯ СПРАВЕДЛИВОСТЬ	substantive	0	0	
ak_zhol-0184	ak_zhol	ce658a6c7c057c0cfbab8da33c5dedf0270d731a0ef83a7efdd9876a1d22f7b3	26730	26899		IV.СОЦИАЛЬНАЯ СПРАВЕДЛИВОСТЬ	substantive	0	0	
ak_zhol-0185	ak_zhol	ce658a6c7c057c0cfbab8da33c5dedf0270d731a0ef83a7efdd9876a1d22f7b3	26901	27171		IV.СОЦИАЛЬНАЯ СПРАВЕДЛИВОСТЬ	substantive	0	0	
ak_zhol-0186	ak_zhol	ce658a6c7c057c0cfbab8da33c5dedf0270d731a0ef83a7efdd9876a1d22f7b3	27173	27584		IV.СОЦИАЛЬНАЯ СПРАВЕДЛИВОСТЬ	substantive	0	0	
ak_zhol-0187	ak_zhol	ce658a6c7c057c0cfbab8da33c5dedf0270d731a0ef83a7efdd9876a1d22f7b3	27586	27842		IV.СОЦИАЛЬНАЯ СПРАВЕДЛИВОСТЬ	substantive	0	0	
ak_zhol-0188	ak_zhol	ce658a6c7c057c0cfbab8da33c5dedf0270d731a0ef83a7efdd9876a1d22f7b3	27843	28078		IV.СОЦИАЛЬНАЯ СПРАВЕДЛИВОСТЬ	substantive	0	0	
ak_zhol-0189	ak_zhol	ce658a6c7c057c0cfbab8da33c5dedf0270d731a0ef83a7efdd9876a1d22f7b3	28080	28265		IV.СОЦИАЛЬНАЯ СПРАВЕДЛИВОСТЬ	substantive	1	0	
ak_zhol-0190	ak_zhol	ce658a6c7c057c0cfbab8da33c5dedf0270d731a0ef83a7efdd9876a1d22f7b3	28267	28300		V. РЫНОЧНАЯ ЭКОНОМИКА И ПОДДЕРЖКА	structural	0	0	
ak_zhol-0191	ak_zhol	ce658a6c7c057c0cfbab8da33c5dedf0270d731a0ef83a7efdd9876a1d22f7b3	28301	28320		ПРЕДПРИНИМАТЕЛЬСТВА	structural	0	0	
ak_zhol-0192	ak_zhol	ce658a6c7c057c0cfbab8da33c5dedf0270d731a0ef83a7efdd9876a1d22f7b3	28322	28555		ПРЕДПРИНИМАТЕЛЬСТВА	substantive	0	0	
ak_zhol-0193	ak_zhol	ce658a6c7c057c0cfbab8da33c5dedf0270d731a0ef83a7efdd9876a1d22f7b3	28556	28676		ПРЕДПРИНИМАТЕЛЬСТВА	substantive	0	0	
ak_zhol-0194	ak_zhol	ce658a6c7c057c0cfbab8da33c5dedf0270d731a0ef83a7efdd9876a1d22f7b3	28678	28827		ПРЕДПРИНИМАТЕЛЬСТВА	substantive	0	0	
ak_zhol-0195	ak_zhol	ce658a6c7c057c0cfbab8da33c5dedf0270d731a0ef83a7efdd9876a1d22f7b3	28828	29065		ПРЕДПРИНИМАТЕЛЬСТВА	substantive	1	0	
ak_zhol-0196	ak_zhol	ce658a6c7c057c0cfbab8da33c5dedf0270d731a0ef83a7efdd9876a1d22f7b3	29067	29265		ПРЕДПРИНИМАТЕЛЬСТВА	substantive	0	0	
ak_zhol-0197	ak_zhol	ce658a6c7c057c0cfbab8da33c5dedf0270d731a0ef83a7efdd9876a1d22f7b3	29266	29456		ПРЕДПРИНИМАТЕЛЬСТВА	substantive	0	0	
ak_zhol-0198	ak_zhol	ce658a6c7c057c0cfbab8da33c5dedf0270d731a0ef83a7efdd9876a1d22f7b3	29457	29507		ПРЕДПРИНИМАТЕЛЬСТВА	substantive	1	0	
ak_zhol-0199	ak_zhol	ce658a6c7c057c0cfbab8da33c5dedf0270d731a0ef83a7efdd9876a1d22f7b3	29509	29572		ПРЕДПРИНИМАТЕЛЬСТВА	substantive	0	0	
ak_zhol-0200	ak_zhol	ce658a6c7c057c0cfbab8da33c5dedf0270d731a0ef83a7efdd9876a1d22f7b3	29573	29672		ПРЕДПРИНИМАТЕЛЬСТВА	substantive	0	0	
ak_zhol-0201	ak_zhol	ce658a6c7c057c0cfbab8da33c5dedf0270d731a0ef83a7efdd9876a1d22f7b3	29674	29880		ПРЕДПРИНИМАТЕЛЬСТВА	substantive	0	0	
ak_zhol-0202	ak_zhol	ce658a6c7c057c0cfbab8da33c5dedf0270d731a0ef83a7efdd9876a1d22f7b3	29881	29965		ПРЕДПРИНИМАТЕЛЬСТВА	substantive	0	0	
ak_zhol-0203	ak_zhol	ce658a6c7c057c0cfbab8da33c5dedf0270d731a0ef83a7efdd9876a1d22f7b3	29967	30081		ПРЕДПРИНИМАТЕЛЬСТВА	substantive	0	0	
ak_zhol-0204	ak_zhol	ce658a6c7c057c0cfbab8da33c5dedf0270d731a0ef83a7efdd9876a1d22f7b3	30082	30234		ПРЕДПРИНИМАТЕЛЬСТВА	substantive	0	0	
ak_zhol-0205	ak_zhol	ce658a6c7c057c0cfbab8da33c5dedf0270d731a0ef83a7efdd9876a1d22f7b3	30236	30370		ПРЕДПРИНИМАТЕЛЬСТВА	substantive	0	0	
ak_zhol-0206	ak_zhol	ce658a6c7c057c0cfbab8da33c5dedf0270d731a0ef83a7efdd9876a1d22f7b3	30371	30434		ПРЕДПРИНИМАТЕЛЬСТВА	substantive	0	0	
ak_zhol-0207	ak_zhol	ce658a6c7c057c0cfbab8da33c5dedf0270d731a0ef83a7efdd9876a1d22f7b3	30435	30609		ПРЕДПРИНИМАТЕЛЬСТВА	substantive	0	0	
ak_zhol-0208	ak_zhol	ce658a6c7c057c0cfbab8da33c5dedf0270d731a0ef83a7efdd9876a1d22f7b3	30611	30755		ПРЕДПРИНИМАТЕЛЬСТВА	substantive	0	0	
ak_zhol-0209	ak_zhol	ce658a6c7c057c0cfbab8da33c5dedf0270d731a0ef83a7efdd9876a1d22f7b3	30757	30968		ПРЕДПРИНИМАТЕЛЬСТВА	substantive	0	0	
ak_zhol-0210	ak_zhol	ce658a6c7c057c0cfbab8da33c5dedf0270d731a0ef83a7efdd9876a1d22f7b3	30970	31246		ПРЕДПРИНИМАТЕЛЬСТВА	substantive	0	0	
ak_zhol-0211	ak_zhol	ce658a6c7c057c0cfbab8da33c5dedf0270d731a0ef83a7efdd9876a1d22f7b3	31248	31372		ПРЕДПРИНИМАТЕЛЬСТВА	substantive	0	0	
ak_zhol-0212	ak_zhol	ce658a6c7c057c0cfbab8da33c5dedf0270d731a0ef83a7efdd9876a1d22f7b3	31374	31513		ПРЕДПРИНИМАТЕЛЬСТВА	substantive	0	0	
ak_zhol-0213	ak_zhol	ce658a6c7c057c0cfbab8da33c5dedf0270d731a0ef83a7efdd9876a1d22f7b3	31515	31771		ПРЕДПРИНИМАТЕЛЬСТВА	substantive	0	0	
ak_zhol-0214	ak_zhol	ce658a6c7c057c0cfbab8da33c5dedf0270d731a0ef83a7efdd9876a1d22f7b3	31773	31911		ПРЕДПРИНИМАТЕЛЬСТВА	substantive	0	0	
ak_zhol-0215	ak_zhol	ce658a6c7c057c0cfbab8da33c5dedf0270d731a0ef83a7efdd9876a1d22f7b3	31913	32101		ПРЕДПРИНИМАТЕЛЬСТВА	substantive	0	0	
ak_zhol-0216	ak_zhol	ce658a6c7c057c0cfbab8da33c5dedf0270d731a0ef83a7efdd9876a1d22f7b3	32103	32310		ПРЕДПРИНИМАТЕЛЬСТВА	substantive	0	0	
ak_zhol-0217	ak_zhol	ce658a6c7c057c0cfbab8da33c5dedf0270d731a0ef83a7efdd9876a1d22f7b3	32312	32388		ПРЕДПРИНИМАТЕЛЬСТВА / V.1. Ограничение вмешательства госорганов в предпринимательскую деятельность	structural	1	0	
ak_zhol-0218	ak_zhol	ce658a6c7c057c0cfbab8da33c5dedf0270d731a0ef83a7efdd9876a1d22f7b3	32390	32599		ПРЕДПРИНИМАТЕЛЬСТВА / V.1. Ограничение вмешательства госорганов в предпринимательскую деятельность	substantive	0	0	
ak_zhol-0219	ak_zhol	ce658a6c7c057c0cfbab8da33c5dedf0270d731a0ef83a7efdd9876a1d22f7b3	32600	32756		ПРЕДПРИНИМАТЕЛЬСТВА / V.1. Ограничение вмешательства госорганов в предпринимательскую деятельность	substantive	0	0	
ak_zhol-0220	ak_zhol	ce658a6c7c057c0cfbab8da33c5dedf0270d731a0ef83a7efdd9876a1d22f7b3	32757	32812		ПРЕДПРИНИМАТЕЛЬСТВА / V.1. Ограничение вмешательства госорганов в предпринимательскую деятельность	substantive	0	0	
ak_zhol-0221	ak_zhol	ce658a6c7c057c0cfbab8da33c5dedf0270d731a0ef83a7efdd9876a1d22f7b3	32839	33000		ПРЕДПРИНИМАТЕЛЬСТВА / V.1. Ограничение вмешательства госорганов в предпринимательскую деятельность	substantive	0	0	
ak_zhol-0222	ak_zhol	ce658a6c7c057c0cfbab8da33c5dedf0270d731a0ef83a7efdd9876a1d22f7b3	33002	33205		ПРЕДПРИНИМАТЕЛЬСТВА / V.1. Ограничение вмешательства госорганов в предпринимательскую деятельность	substantive	0	0	
ak_zhol-0223	ak_zhol	ce658a6c7c057c0cfbab8da33c5dedf0270d731a0ef83a7efdd9876a1d22f7b3	33207	33250		ПРЕДПРИНИМАТЕЛЬСТВА / V.1. Ограничение вмешательства госорганов в предпринимательскую деятельность	substantive	0	0	
ak_zhol-0224	ak_zhol	ce658a6c7c057c0cfbab8da33c5dedf0270d731a0ef83a7efdd9876a1d22f7b3	33252	33298		ПРЕДПРИНИМАТЕЛЬСТВА / V.1. Ограничение вмешательства госорганов в предпринимательскую деятельность	substantive	0	0	
ak_zhol-0225	ak_zhol	ce658a6c7c057c0cfbab8da33c5dedf0270d731a0ef83a7efdd9876a1d22f7b3	33299	33375		ПРЕДПРИНИМАТЕЛЬСТВА / V.1. Ограничение вмешательства госорганов в предпринимательскую деятельность	substantive	0	0	
ak_zhol-0226	ak_zhol	ce658a6c7c057c0cfbab8da33c5dedf0270d731a0ef83a7efdd9876a1d22f7b3	33377	33504		ПРЕДПРИНИМАТЕЛЬСТВА / V.1. Ограничение вмешательства госорганов в предпринимательскую деятельность	substantive	0	0	
ak_zhol-0227	ak_zhol	ce658a6c7c057c0cfbab8da33c5dedf0270d731a0ef83a7efdd9876a1d22f7b3	33505	33544		ПРЕДПРИНИМАТЕЛЬСТВА / V.1. Ограничение вмешательства госорганов в предпринимательскую деятельность	substantive	0	0	
ak_zhol-0228	ak_zhol	ce658a6c7c057c0cfbab8da33c5dedf0270d731a0ef83a7efdd9876a1d22f7b3	33545	33802		ПРЕДПРИНИМАТЕЛЬСТВА / V.1. Ограничение вмешательства госорганов в предпринимательскую деятельность	substantive	1	0	
ak_zhol-0229	ak_zhol	ce658a6c7c057c0cfbab8da33c5dedf0270d731a0ef83a7efdd9876a1d22f7b3	33803	33854		ПРЕДПРИНИМАТЕЛЬСТВА / V.1. Ограничение вмешательства госорганов в предпринимательскую деятельность	substantive	0	0	
ak_zhol-0230	ak_zhol	ce658a6c7c057c0cfbab8da33c5dedf0270d731a0ef83a7efdd9876a1d22f7b3	33856	33941		ПРЕДПРИНИМАТЕЛЬСТВА / V.1. Ограничение вмешательства госорганов в предпринимательскую деятельность	substantive	0	0	
ak_zhol-0231	ak_zhol	ce658a6c7c057c0cfbab8da33c5dedf0270d731a0ef83a7efdd9876a1d22f7b3	33943	34001		ПРЕДПРИНИМАТЕЛЬСТВА / V.2. Индустриальная политика и модернизация промышленности	structural	1	0	
ak_zhol-0232	ak_zhol	ce658a6c7c057c0cfbab8da33c5dedf0270d731a0ef83a7efdd9876a1d22f7b3	34003	34072		ПРЕДПРИНИМАТЕЛЬСТВА / V.2. Индустриальная политика и модернизация промышленности	substantive	0	0	
ak_zhol-0233	ak_zhol	ce658a6c7c057c0cfbab8da33c5dedf0270d731a0ef83a7efdd9876a1d22f7b3	34074	34312		ПРЕДПРИНИМАТЕЛЬСТВА / V.2. Индустриальная политика и модернизация промышленности	substantive	1	0	
ak_zhol-0234	ak_zhol	ce658a6c7c057c0cfbab8da33c5dedf0270d731a0ef83a7efdd9876a1d22f7b3	34313	34365		ПРЕДПРИНИМАТЕЛЬСТВА / V.2. Индустриальная политика и модернизация промышленности	substantive	0	0	
ak_zhol-0235	ak_zhol	ce658a6c7c057c0cfbab8da33c5dedf0270d731a0ef83a7efdd9876a1d22f7b3	34366	34533		ПРЕДПРИНИМАТЕЛЬСТВА / V.2. Индустриальная политика и модернизация промышленности	substantive	0	0	
ak_zhol-0236	ak_zhol	ce658a6c7c057c0cfbab8da33c5dedf0270d731a0ef83a7efdd9876a1d22f7b3	34535	34815		ПРЕДПРИНИМАТЕЛЬСТВА / V.2. Индустриальная политика и модернизация промышленности	substantive	0	0	
ak_zhol-0237	ak_zhol	ce658a6c7c057c0cfbab8da33c5dedf0270d731a0ef83a7efdd9876a1d22f7b3	34816	35085		ПРЕДПРИНИМАТЕЛЬСТВА / V.2. Индустриальная политика и модернизация промышленности	substantive	0	0	
ak_zhol-0238	ak_zhol	ce658a6c7c057c0cfbab8da33c5dedf0270d731a0ef83a7efdd9876a1d22f7b3	35087	35204		ПРЕДПРИНИМАТЕЛЬСТВА / V.2. Индустриальная политика и модернизация промышленности	substantive	0	0	
ak_zhol-0239	ak_zhol	ce658a6c7c057c0cfbab8da33c5dedf0270d731a0ef83a7efdd9876a1d22f7b3	35205	35313		ПРЕДПРИНИМАТЕЛЬСТВА / V.2. Индустриальная политика и модернизация промышленности	substantive	0	0	
ak_zhol-0240	ak_zhol	ce658a6c7c057c0cfbab8da33c5dedf0270d731a0ef83a7efdd9876a1d22f7b3	35315	35490		ПРЕДПРИНИМАТЕЛЬСТВА / V.2. Индустриальная политика и модернизация промышленности	substantive	0	0	
ak_zhol-0241	ak_zhol	ce658a6c7c057c0cfbab8da33c5dedf0270d731a0ef83a7efdd9876a1d22f7b3	35492	35701		ПРЕДПРИНИМАТЕЛЬСТВА / V.2. Индустриальная политика и модернизация промышленности	substantive	0	0	
ak_zhol-0242	ak_zhol	ce658a6c7c057c0cfbab8da33c5dedf0270d731a0ef83a7efdd9876a1d22f7b3	35702	35774		ПРЕДПРИНИМАТЕЛЬСТВА / V.2. Индустриальная политика и модернизация промышленности	substantive	1	0	
ak_zhol-0243	ak_zhol	ce658a6c7c057c0cfbab8da33c5dedf0270d731a0ef83a7efdd9876a1d22f7b3	35776	35923		ПРЕДПРИНИМАТЕЛЬСТВА / V.2. Индустриальная политика и модернизация промышленности	substantive	0	0	
ak_zhol-0244	ak_zhol	ce658a6c7c057c0cfbab8da33c5dedf0270d731a0ef83a7efdd9876a1d22f7b3	35924	36144		ПРЕДПРИНИМАТЕЛЬСТВА / V.2. Индустриальная политика и модернизация промышленности	substantive	0	0	
ak_zhol-0245	ak_zhol	ce658a6c7c057c0cfbab8da33c5dedf0270d731a0ef83a7efdd9876a1d22f7b3	36146	36285		ПРЕДПРИНИМАТЕЛЬСТВА / V.2. Индустриальная политика и модернизация промышленности	substantive	0	0	
ak_zhol-0246	ak_zhol	ce658a6c7c057c0cfbab8da33c5dedf0270d731a0ef83a7efdd9876a1d22f7b3	36286	36522		ПРЕДПРИНИМАТЕЛЬСТВА / V.2. Индустриальная политика и модернизация промышленности	substantive	0	0	
ak_zhol-0247	ak_zhol	ce658a6c7c057c0cfbab8da33c5dedf0270d731a0ef83a7efdd9876a1d22f7b3	36524	36756		ПРЕДПРИНИМАТЕЛЬСТВА / V.2. Индустриальная политика и модернизация промышленности	substantive	0	0	
ak_zhol-0248	ak_zhol	ce658a6c7c057c0cfbab8da33c5dedf0270d731a0ef83a7efdd9876a1d22f7b3	36758	36925		ПРЕДПРИНИМАТЕЛЬСТВА / V.2. Индустриальная политика и модернизация промышленности	substantive	0	0	
ak_zhol-0249	ak_zhol	ce658a6c7c057c0cfbab8da33c5dedf0270d731a0ef83a7efdd9876a1d22f7b3	36926	37029		ПРЕДПРИНИМАТЕЛЬСТВА / V.2. Индустриальная политика и модернизация промышленности	substantive	0	0	
ak_zhol-0250	ak_zhol	ce658a6c7c057c0cfbab8da33c5dedf0270d731a0ef83a7efdd9876a1d22f7b3	37031	37119		ПРЕДПРИНИМАТЕЛЬСТВА / V.2. Индустриальная политика и модернизация промышленности	substantive	0	0	
ak_zhol-0251	ak_zhol	ce658a6c7c057c0cfbab8da33c5dedf0270d731a0ef83a7efdd9876a1d22f7b3	37120	37397		ПРЕДПРИНИМАТЕЛЬСТВА / V.2. Индустриальная политика и модернизация промышленности	substantive	0	0	
ak_zhol-0252	ak_zhol	ce658a6c7c057c0cfbab8da33c5dedf0270d731a0ef83a7efdd9876a1d22f7b3	37399	37480		ПРЕДПРИНИМАТЕЛЬСТВА / V.2. Индустриальная политика и модернизация промышленности	substantive	0	0	
ak_zhol-0253	ak_zhol	ce658a6c7c057c0cfbab8da33c5dedf0270d731a0ef83a7efdd9876a1d22f7b3	37481	37615		ПРЕДПРИНИМАТЕЛЬСТВА / V.2. Индустриальная политика и модернизация промышленности	substantive	0	0	
ak_zhol-0254	ak_zhol	ce658a6c7c057c0cfbab8da33c5dedf0270d731a0ef83a7efdd9876a1d22f7b3	37616	37684		ПРЕДПРИНИМАТЕЛЬСТВА / V.2. Индустриальная политика и модернизация промышленности	substantive	0	0	
ak_zhol-0255	ak_zhol	ce658a6c7c057c0cfbab8da33c5dedf0270d731a0ef83a7efdd9876a1d22f7b3	37686	37935		ПРЕДПРИНИМАТЕЛЬСТВА / V.2. Индустриальная политика и модернизация промышленности	substantive	1	0	
ak_zhol-0256	ak_zhol	ce658a6c7c057c0cfbab8da33c5dedf0270d731a0ef83a7efdd9876a1d22f7b3	37936	38082		ПРЕДПРИНИМАТЕЛЬСТВА / V.2. Индустриальная политика и модернизация промышленности	substantive	1	0	
ak_zhol-0257	ak_zhol	ce658a6c7c057c0cfbab8da33c5dedf0270d731a0ef83a7efdd9876a1d22f7b3	38083	38234		ПРЕДПРИНИМАТЕЛЬСТВА / V.2. Индустриальная политика и модернизация промышленности	substantive	0	0	
ak_zhol-0258	ak_zhol	ce658a6c7c057c0cfbab8da33c5dedf0270d731a0ef83a7efdd9876a1d22f7b3	38236	38373		ПРЕДПРИНИМАТЕЛЬСТВА / V.2. Индустриальная политика и модернизация промышленности	substantive	0	0	
ak_zhol-0259	ak_zhol	ce658a6c7c057c0cfbab8da33c5dedf0270d731a0ef83a7efdd9876a1d22f7b3	38374	38541		ПРЕДПРИНИМАТЕЛЬСТВА / V.2. Индустриальная политика и модернизация промышленности	substantive	0	0	
ak_zhol-0260	ak_zhol	ce658a6c7c057c0cfbab8da33c5dedf0270d731a0ef83a7efdd9876a1d22f7b3	38543	38584		ПРЕДПРИНИМАТЕЛЬСТВА / V.2. Индустриальная политика и модернизация промышленности	substantive	0	0	
ak_zhol-0261	ak_zhol	ce658a6c7c057c0cfbab8da33c5dedf0270d731a0ef83a7efdd9876a1d22f7b3	38585	38661		ПРЕДПРИНИМАТЕЛЬСТВА / V.2. Индустриальная политика и модернизация промышленности	substantive	0	0	
ak_zhol-0262	ak_zhol	ce658a6c7c057c0cfbab8da33c5dedf0270d731a0ef83a7efdd9876a1d22f7b3	38662	38859		ПРЕДПРИНИМАТЕЛЬСТВА / V.2. Индустриальная политика и модернизация промышленности	substantive	0	0	
ak_zhol-0263	ak_zhol	ce658a6c7c057c0cfbab8da33c5dedf0270d731a0ef83a7efdd9876a1d22f7b3	38861	38903		ПРЕДПРИНИМАТЕЛЬСТВА / V.3. Развить справедливый потенциал нового	structural	1	0	
ak_zhol-0264	ak_zhol	ce658a6c7c057c0cfbab8da33c5dedf0270d731a0ef83a7efdd9876a1d22f7b3	38924	39097		ПРЕДПРИНИМАТЕЛЬСТВА / V.3. Развить справедливый потенциал нового	substantive	0	0	
ak_zhol-0265	ak_zhol	ce658a6c7c057c0cfbab8da33c5dedf0270d731a0ef83a7efdd9876a1d22f7b3	39099	39309		ПРЕДПРИНИМАТЕЛЬСТВА / V.3. Развить справедливый потенциал нового	substantive	0	0	
ak_zhol-0266	ak_zhol	ce658a6c7c057c0cfbab8da33c5dedf0270d731a0ef83a7efdd9876a1d22f7b3	39311	39419		ПРЕДПРИНИМАТЕЛЬСТВА / V.3. Развить справедливый потенциал нового	fragment	0	0	
ak_zhol-0267	ak_zhol	ce658a6c7c057c0cfbab8da33c5dedf0270d731a0ef83a7efdd9876a1d22f7b3	39421	39632		ПРЕДПРИНИМАТЕЛЬСТВА / V.3. Развить справедливый потенциал нового	substantive	0	0	
ak_zhol-0268	ak_zhol	ce658a6c7c057c0cfbab8da33c5dedf0270d731a0ef83a7efdd9876a1d22f7b3	39634	39847		ПРЕДПРИНИМАТЕЛЬСТВА / V.3. Развить справедливый потенциал нового	substantive	0	0	
ak_zhol-0269	ak_zhol	ce658a6c7c057c0cfbab8da33c5dedf0270d731a0ef83a7efdd9876a1d22f7b3	39849	39888		ПРЕДПРИНИМАТЕЛЬСТВА / V.3. Развить справедливый потенциал нового	substantive	0	0	
ak_zhol-0270	ak_zhol	ce658a6c7c057c0cfbab8da33c5dedf0270d731a0ef83a7efdd9876a1d22f7b3	39890	40168		ПРЕДПРИНИМАТЕЛЬСТВА / V.3. Развить справедливый потенциал нового	substantive	0	0	
ak_zhol-0271	ak_zhol	ce658a6c7c057c0cfbab8da33c5dedf0270d731a0ef83a7efdd9876a1d22f7b3	40170	40320		ПРЕДПРИНИМАТЕЛЬСТВА / V.3. Развить справедливый потенциал нового	substantive	0	0	
ak_zhol-0272	ak_zhol	ce658a6c7c057c0cfbab8da33c5dedf0270d731a0ef83a7efdd9876a1d22f7b3	40321	40419		ПРЕДПРИНИМАТЕЛЬСТВА / V.3. Развить справедливый потенциал нового	substantive	0	0	
ak_zhol-0273	ak_zhol	ce658a6c7c057c0cfbab8da33c5dedf0270d731a0ef83a7efdd9876a1d22f7b3	40421	40651		ПРЕДПРИНИМАТЕЛЬСТВА / V.3. Развить справедливый потенциал нового	substantive	1	0	
ak_zhol-0274	ak_zhol	ce658a6c7c057c0cfbab8da33c5dedf0270d731a0ef83a7efdd9876a1d22f7b3	40653	40768		ПРЕДПРИНИМАТЕЛЬСТВА / V.3. Развить справедливый потенциал нового	substantive	0	0	
ak_zhol-0275	ak_zhol	ce658a6c7c057c0cfbab8da33c5dedf0270d731a0ef83a7efdd9876a1d22f7b3	40770	40808		ПРЕДПРИНИМАТЕЛЬСТВА / V.4. Финансово-инвестиционная политика	structural	1	0	
ak_zhol-0276	ak_zhol	ce658a6c7c057c0cfbab8da33c5dedf0270d731a0ef83a7efdd9876a1d22f7b3	40810	40942		ПРЕДПРИНИМАТЕЛЬСТВА / V.4. Финансово-инвестиционная политика	substantive	0	0	
ak_zhol-0277	ak_zhol	ce658a6c7c057c0cfbab8da33c5dedf0270d731a0ef83a7efdd9876a1d22f7b3	40944	41139		ПРЕДПРИНИМАТЕЛЬСТВА / V.4. Финансово-инвестиционная политика	substantive	0	0	
ak_zhol-0278	ak_zhol	ce658a6c7c057c0cfbab8da33c5dedf0270d731a0ef83a7efdd9876a1d22f7b3	41141	41274		ПРЕДПРИНИМАТЕЛЬСТВА / V.4. Финансово-инвестиционная политика	substantive	1	0	
ak_zhol-0279	ak_zhol	ce658a6c7c057c0cfbab8da33c5dedf0270d731a0ef83a7efdd9876a1d22f7b3	41276	41434		ПРЕДПРИНИМАТЕЛЬСТВА / V.4. Финансово-инвестиционная политика	substantive	0	0	
ak_zhol-0280	ak_zhol	ce658a6c7c057c0cfbab8da33c5dedf0270d731a0ef83a7efdd9876a1d22f7b3	41436	41613		ПРЕДПРИНИМАТЕЛЬСТВА / V.4. Финансово-инвестиционная политика	substantive	0	0	
ak_zhol-0281	ak_zhol	ce658a6c7c057c0cfbab8da33c5dedf0270d731a0ef83a7efdd9876a1d22f7b3	41615	41807		ПРЕДПРИНИМАТЕЛЬСТВА / V.4. Финансово-инвестиционная политика	substantive	0	0	
ak_zhol-0282	ak_zhol	ce658a6c7c057c0cfbab8da33c5dedf0270d731a0ef83a7efdd9876a1d22f7b3	41809	41976		ПРЕДПРИНИМАТЕЛЬСТВА / V.4. Финансово-инвестиционная политика	substantive	0	0	
ak_zhol-0283	ak_zhol	ce658a6c7c057c0cfbab8da33c5dedf0270d731a0ef83a7efdd9876a1d22f7b3	41978	42221		ПРЕДПРИНИМАТЕЛЬСТВА / V.4. Финансово-инвестиционная политика	substantive	1	0	
ak_zhol-0284	ak_zhol	ce658a6c7c057c0cfbab8da33c5dedf0270d731a0ef83a7efdd9876a1d22f7b3	42223	42391		ПРЕДПРИНИМАТЕЛЬСТВА / V.4. Финансово-инвестиционная политика	substantive	0	0	
ak_zhol-0285	ak_zhol	ce658a6c7c057c0cfbab8da33c5dedf0270d731a0ef83a7efdd9876a1d22f7b3	42393	42469		ПРЕДПРИНИМАТЕЛЬСТВА / V.4. Финансово-инвестиционная политика	substantive	0	0	
ak_zhol-0286	ak_zhol	ce658a6c7c057c0cfbab8da33c5dedf0270d731a0ef83a7efdd9876a1d22f7b3	42470	42610		ПРЕДПРИНИМАТЕЛЬСТВА / V.4. Финансово-инвестиционная политика	substantive	0	0	
ak_zhol-0287	ak_zhol	ce658a6c7c057c0cfbab8da33c5dedf0270d731a0ef83a7efdd9876a1d22f7b3	42612	42703		ПРЕДПРИНИМАТЕЛЬСТВА / V.4. Финансово-инвестиционная политика	substantive	0	0	
ak_zhol-0288	ak_zhol	ce658a6c7c057c0cfbab8da33c5dedf0270d731a0ef83a7efdd9876a1d22f7b3	42704	42826		ПРЕДПРИНИМАТЕЛЬСТВА / V.4. Финансово-инвестиционная политика	substantive	0	0	
ak_zhol-0289	ak_zhol	ce658a6c7c057c0cfbab8da33c5dedf0270d731a0ef83a7efdd9876a1d22f7b3	42827	42866		ПРЕДПРИНИМАТЕЛЬСТВА / V.4. Финансово-инвестиционная политика	substantive	0	0	
ak_zhol-0290	ak_zhol	ce658a6c7c057c0cfbab8da33c5dedf0270d731a0ef83a7efdd9876a1d22f7b3	42868	43054		ПРЕДПРИНИМАТЕЛЬСТВА / V.4. Финансово-инвестиционная политика	substantive	0	0	
ak_zhol-0291	ak_zhol	ce658a6c7c057c0cfbab8da33c5dedf0270d731a0ef83a7efdd9876a1d22f7b3	43056	43248		ПРЕДПРИНИМАТЕЛЬСТВА / V.4. Финансово-инвестиционная политика	substantive	0	0	
ak_zhol-0292	ak_zhol	ce658a6c7c057c0cfbab8da33c5dedf0270d731a0ef83a7efdd9876a1d22f7b3	43250	43329		ПРЕДПРИНИМАТЕЛЬСТВА / V.5. Сокращение квазигоссектора и восстановление конкуренции на открытых рынках	structural	1	0	
ak_zhol-0293	ak_zhol	ce658a6c7c057c0cfbab8da33c5dedf0270d731a0ef83a7efdd9876a1d22f7b3	43331	43474		ПРЕДПРИНИМАТЕЛЬСТВА / V.5. Сокращение квазигоссектора и восстановление конкуренции на открытых рынках	substantive	0	0	
ak_zhol-0294	ak_zhol	ce658a6c7c057c0cfbab8da33c5dedf0270d731a0ef83a7efdd9876a1d22f7b3	43476	43675		ПРЕДПРИНИМАТЕЛЬСТВА / V.5. Сокращение квазигоссектора и восстановление конкуренции на открытых рынках	substantive	0	0	
ak_zhol-0295	ak_zhol	ce658a6c7c057c0cfbab8da33c5dedf0270d731a0ef83a7efdd9876a1d22f7b3	43677	43734		ПРЕДПРИНИМАТЕЛЬСТВА / V.5. Сокращение квазигоссектора и восстановление конкуренции на открытых рынках	substantive	0	0	
ak_zhol-0296	ak_zhol	ce658a6c7c057c0cfbab8da33c5dedf0270d731a0ef83a7efdd9876a1d22f7b3	43736	43896		ПРЕДПРИНИМАТЕЛЬСТВА / V.5. Сокращение квазигоссектора и восстановление конкуренции на открытых рынках	substantive	0	0	
ak_zhol-0297	ak_zhol	ce658a6c7c057c0cfbab8da33c5dedf0270d731a0ef83a7efdd9876a1d22f7b3	43897	43949		ПРЕДПРИНИМАТЕЛЬСТВА / V.5. Сокращение квазигоссектора и восстановление конкуренции на открытых рынках	substantive	0	0	
ak_zhol-0298	ak_zhol	ce658a6c7c057c0cfbab8da33c5dedf0270d731a0ef83a7efdd9876a1d22f7b3	43951	44091		ПРЕДПРИНИМАТЕЛЬСТВА / V.5. Сокращение квазигоссектора и восстановление конкуренции на открытых рынках	substantive	0	0	
ak_zhol-0299	ak_zhol	ce658a6c7c057c0cfbab8da33c5dedf0270d731a0ef83a7efdd9876a1d22f7b3	44092	44268		ПРЕДПРИНИМАТЕЛЬСТВА / V.5. Сокращение квазигоссектора и восстановление конкуренции на открытых рынках	substantive	0	0	
ak_zhol-0300	ak_zhol	ce658a6c7c057c0cfbab8da33c5dedf0270d731a0ef83a7efdd9876a1d22f7b3	44269	44312		ПРЕДПРИНИМАТЕЛЬСТВА / V.5. Сокращение квазигоссектора и восстановление конкуренции на открытых рынках	substantive	0	0	
ak_zhol-0301	ak_zhol	ce658a6c7c057c0cfbab8da33c5dedf0270d731a0ef83a7efdd9876a1d22f7b3	44313	44410		ПРЕДПРИНИМАТЕЛЬСТВА / V.5. Сокращение квазигоссектора и восстановление конкуренции на открытых рынках	substantive	0	0	
ak_zhol-0302	ak_zhol	ce658a6c7c057c0cfbab8da33c5dedf0270d731a0ef83a7efdd9876a1d22f7b3	44412	44640		ПРЕДПРИНИМАТЕЛЬСТВА / V.5. Сокращение квазигоссектора и восстановление конкуренции на открытых рынках	substantive	0	0	
ak_zhol-0303	ak_zhol	ce658a6c7c057c0cfbab8da33c5dedf0270d731a0ef83a7efdd9876a1d22f7b3	44642	44820		ПРЕДПРИНИМАТЕЛЬСТВА / V.5. Сокращение квазигоссектора и восстановление конкуренции на открытых рынках	substantive	0	0	
ak_zhol-0304	ak_zhol	ce658a6c7c057c0cfbab8da33c5dedf0270d731a0ef83a7efdd9876a1d22f7b3	44822	45078		ПРЕДПРИНИМАТЕЛЬСТВА / V.5. Сокращение квазигоссектора и восстановление конкуренции на открытых рынках	substantive	0	0	
ak_zhol-0305	ak_zhol	ce658a6c7c057c0cfbab8da33c5dedf0270d731a0ef83a7efdd9876a1d22f7b3	45080	45225		ПРЕДПРИНИМАТЕЛЬСТВА / V.5. Сокращение квазигоссектора и восстановление конкуренции на открытых рынках	substantive	0	0	
ak_zhol-0306	ak_zhol	ce658a6c7c057c0cfbab8da33c5dedf0270d731a0ef83a7efdd9876a1d22f7b3	45227	45346		ПРЕДПРИНИМАТЕЛЬСТВА / V.5. Сокращение квазигоссектора и восстановление конкуренции на открытых рынках	substantive	0	0	
ak_zhol-0307	ak_zhol	ce658a6c7c057c0cfbab8da33c5dedf0270d731a0ef83a7efdd9876a1d22f7b3	45348	45534		ПРЕДПРИНИМАТЕЛЬСТВА / V.5. Сокращение квазигоссектора и восстановление конкуренции на открытых рынках	substantive	1	0	
ak_zhol-0308	ak_zhol	ce658a6c7c057c0cfbab8da33c5dedf0270d731a0ef83a7efdd9876a1d22f7b3	45535	45602		ПРЕДПРИНИМАТЕЛЬСТВА / V.5. Сокращение квазигоссектора и восстановление конкуренции на открытых рынках	substantive	0	0	
ak_zhol-0309	ak_zhol	ce658a6c7c057c0cfbab8da33c5dedf0270d731a0ef83a7efdd9876a1d22f7b3	45604	45708		ПРЕДПРИНИМАТЕЛЬСТВА / V.5. Сокращение квазигоссектора и восстановление конкуренции на открытых рынках	substantive	0	0	
ak_zhol-0310	ak_zhol	ce658a6c7c057c0cfbab8da33c5dedf0270d731a0ef83a7efdd9876a1d22f7b3	45709	45868		ПРЕДПРИНИМАТЕЛЬСТВА / V.5. Сокращение квазигоссектора и восстановление конкуренции на открытых рынках	substantive	0	0	
ak_zhol-0311	ak_zhol	ce658a6c7c057c0cfbab8da33c5dedf0270d731a0ef83a7efdd9876a1d22f7b3	45870	45928		ПРЕДПРИНИМАТЕЛЬСТВА / V.6. Отношения с крупными иностранными недропользователями	structural	1	0	
ak_zhol-0312	ak_zhol	ce658a6c7c057c0cfbab8da33c5dedf0270d731a0ef83a7efdd9876a1d22f7b3	45930	46234		ПРЕДПРИНИМАТЕЛЬСТВА / V.6. Отношения с крупными иностранными недропользователями	substantive	0	0	
ak_zhol-0313	ak_zhol	ce658a6c7c057c0cfbab8da33c5dedf0270d731a0ef83a7efdd9876a1d22f7b3	46235	46313		ПРЕДПРИНИМАТЕЛЬСТВА / V.6. Отношения с крупными иностранными недропользователями	substantive	0	0	
ak_zhol-0314	ak_zhol	ce658a6c7c057c0cfbab8da33c5dedf0270d731a0ef83a7efdd9876a1d22f7b3	46315	46518		ПРЕДПРИНИМАТЕЛЬСТВА / V.6. Отношения с крупными иностранными недропользователями	substantive	0	0	
ak_zhol-0315	ak_zhol	ce658a6c7c057c0cfbab8da33c5dedf0270d731a0ef83a7efdd9876a1d22f7b3	46520	46638		ПРЕДПРИНИМАТЕЛЬСТВА / V.6. Отношения с крупными иностранными недропользователями	substantive	0	0	
ak_zhol-0316	ak_zhol	ce658a6c7c057c0cfbab8da33c5dedf0270d731a0ef83a7efdd9876a1d22f7b3	46639	46753		ПРЕДПРИНИМАТЕЛЬСТВА / V.6. Отношения с крупными иностранными недропользователями	substantive	0	0	
ak_zhol-0317	ak_zhol	ce658a6c7c057c0cfbab8da33c5dedf0270d731a0ef83a7efdd9876a1d22f7b3	46754	46841		ПРЕДПРИНИМАТЕЛЬСТВА / V.6. Отношения с крупными иностранными недропользователями	substantive	0	0	
ak_zhol-0318	ak_zhol	ce658a6c7c057c0cfbab8da33c5dedf0270d731a0ef83a7efdd9876a1d22f7b3	46843	47127		ПРЕДПРИНИМАТЕЛЬСТВА / V.6. Отношения с крупными иностранными недропользователями	substantive	0	0	
ak_zhol-0319	ak_zhol	ce658a6c7c057c0cfbab8da33c5dedf0270d731a0ef83a7efdd9876a1d22f7b3	47129	47361		ПРЕДПРИНИМАТЕЛЬСТВА / V.6. Отношения с крупными иностранными недропользователями	substantive	1	0	
ak_zhol-0320	ak_zhol	ce658a6c7c057c0cfbab8da33c5dedf0270d731a0ef83a7efdd9876a1d22f7b3	47363	47385		VI. ВЗВЕШЕННАЯ ВНЕШНЯЯ	structural	0	0	
ak_zhol-0321	ak_zhol	ce658a6c7c057c0cfbab8da33c5dedf0270d731a0ef83a7efdd9876a1d22f7b3	47386	47394		ПОЛИТИКА	structural	0	0	
ak_zhol-0322	ak_zhol	ce658a6c7c057c0cfbab8da33c5dedf0270d731a0ef83a7efdd9876a1d22f7b3	47396	47681		ПОЛИТИКА	substantive	0	0	
ak_zhol-0323	ak_zhol	ce658a6c7c057c0cfbab8da33c5dedf0270d731a0ef83a7efdd9876a1d22f7b3	47683	47815		ПОЛИТИКА	substantive	0	0	
ak_zhol-0324	ak_zhol	ce658a6c7c057c0cfbab8da33c5dedf0270d731a0ef83a7efdd9876a1d22f7b3	47816	47991		ПОЛИТИКА	substantive	0	0	
ak_zhol-0325	ak_zhol	ce658a6c7c057c0cfbab8da33c5dedf0270d731a0ef83a7efdd9876a1d22f7b3	47993	48064		ПОЛИТИКА	fragment	0	0	
ak_zhol-0326	ak_zhol	ce658a6c7c057c0cfbab8da33c5dedf0270d731a0ef83a7efdd9876a1d22f7b3	48066	48275		ПОЛИТИКА	substantive	0	0	
ak_zhol-0327	ak_zhol	ce658a6c7c057c0cfbab8da33c5dedf0270d731a0ef83a7efdd9876a1d22f7b3	48277	48529		ПОЛИТИКА	substantive	0	0	
ak_zhol-0328	ak_zhol	ce658a6c7c057c0cfbab8da33c5dedf0270d731a0ef83a7efdd9876a1d22f7b3	48531	48672		ПОЛИТИКА	substantive	0	0	
auyl-0001	auyl	ea49fe80d7a740f5c7d9cf8691630b1f85712e5e587cd3e6e8023999a14d21ce	0	36		ПРЕДВЫБОРНАЯ ПРОГРАММА ПАРТИИ «АУЫЛ»	structural	0	0	
auyl-0002	auyl	ea49fe80d7a740f5c7d9cf8691630b1f85712e5e587cd3e6e8023999a14d21ce	38	72		ПРЕДВЫБОРНАЯ ПРОГРАММА ПАРТИИ «АУЫЛ»	rhetorical	0	0	
auyl-0003	auyl	ea49fe80d7a740f5c7d9cf8691630b1f85712e5e587cd3e6e8023999a14d21ce	91	130		СОДЕРЖАНИЕ 1. АУЫЛ: ВМЕСТЕ С НАРОДОМ! 3	structural	1	0	
auyl-0004	auyl	ea49fe80d7a740f5c7d9cf8691630b1f85712e5e587cd3e6e8023999a14d21ce	131	159		2. ИТОГИ РАБОТЫ В МАЖИЛИСЕ 4	structural	1	0	
auyl-0005	auyl	ea49fe80d7a740f5c7d9cf8691630b1f85712e5e587cd3e6e8023999a14d21ce	160	212		3. НАША ПРОГРАММА: СИЛЬНЫЕ РЕГИОНЫ – СИЛЬНЫЙ ЦЕНТР 7	structural	1	0	
auyl-0006	auyl	ea49fe80d7a740f5c7d9cf8691630b1f85712e5e587cd3e6e8023999a14d21ce	213	266		1. Справедливое государство – процветающее общество 7	structural	1	0	
auyl-0007	auyl	ea49fe80d7a740f5c7d9cf8691630b1f85712e5e587cd3e6e8023999a14d21ce	267	341		2. Продовольственная безопасность и доступные цены – основа стабильности 9	structural	1	0	
auyl-0008	auyl	ea49fe80d7a740f5c7d9cf8691630b1f85712e5e587cd3e6e8023999a14d21ce	342	398		3. Надежная инфраструктура – ключ к развитию регионов 10	structural	1	0	
auyl-0009	auyl	ea49fe80d7a740f5c7d9cf8691630b1f85712e5e587cd3e6e8023999a14d21ce	399	463		4. Справедливая социальная политика – гарантия качества жизни 11	structural	1	0	
auyl-0010	auyl	ea49fe80d7a740f5c7d9cf8691630b1f85712e5e587cd3e6e8023999a14d21ce	464	506		5. Образование и наука – путь в будущее 13	structural	1	0	
auyl-0011	auyl	ea49fe80d7a740f5c7d9cf8691630b1f85712e5e587cd3e6e8023999a14d21ce	507	567		6. Традиционная семейная политика – фундамент государства 13	structural	1	0	
auyl-0012	auyl	ea49fe80d7a740f5c7d9cf8691630b1f85712e5e587cd3e6e8023999a14d21ce	568	611		7. Экология – залог устойчивого развития 15	structural	1	0	
auyl-0013	auyl	ea49fe80d7a740f5c7d9cf8691630b1f85712e5e587cd3e6e8023999a14d21ce	612	641		4. ОБРАЩЕНИЕ К ИЗБИРАТЕЛЯМ 16	structural	1	0	
auyl-0014	auyl	ea49fe80d7a740f5c7d9cf8691630b1f85712e5e587cd3e6e8023999a14d21ce	667	736		4. ОБРАЩЕНИЕ К ИЗБИРАТЕЛЯМ 16	substantive	1	0	
auyl-0015	auyl	ea49fe80d7a740f5c7d9cf8691630b1f85712e5e587cd3e6e8023999a14d21ce	737	786		4. ОБРАЩЕНИЕ К ИЗБИРАТЕЛЯМ 16	substantive	0	0	
auyl-0016	auyl	ea49fe80d7a740f5c7d9cf8691630b1f85712e5e587cd3e6e8023999a14d21ce	787	823		4. ОБРАЩЕНИЕ К ИЗБИРАТЕЛЯМ 16	substantive	0	0	
auyl-0017	auyl	ea49fe80d7a740f5c7d9cf8691630b1f85712e5e587cd3e6e8023999a14d21ce	824	881		4. ОБРАЩЕНИЕ К ИЗБИРАТЕЛЯМ 16	substantive	0	0	
auyl-0018	auyl	ea49fe80d7a740f5c7d9cf8691630b1f85712e5e587cd3e6e8023999a14d21ce	882	943		4. ОБРАЩЕНИЕ К ИЗБИРАТЕЛЯМ 16	substantive	0	0	
auyl-0019	auyl	ea49fe80d7a740f5c7d9cf8691630b1f85712e5e587cd3e6e8023999a14d21ce	964	1011		4. ОБРАЩЕНИЕ К ИЗБИРАТЕЛЯМ 16	substantive	0	0	
auyl-0020	auyl	ea49fe80d7a740f5c7d9cf8691630b1f85712e5e587cd3e6e8023999a14d21ce	1012	1043		4. ОБРАЩЕНИЕ К ИЗБИРАТЕЛЯМ 16	substantive	0	0	
auyl-0021	auyl	ea49fe80d7a740f5c7d9cf8691630b1f85712e5e587cd3e6e8023999a14d21ce	1044	1083		4. ОБРАЩЕНИЕ К ИЗБИРАТЕЛЯМ 16	rhetorical	0	0	
auyl-0022	auyl	ea49fe80d7a740f5c7d9cf8691630b1f85712e5e587cd3e6e8023999a14d21ce	1084	1309		4. ОБРАЩЕНИЕ К ИЗБИРАТЕЛЯМ 16	substantive	0	0	
auyl-0023	auyl	ea49fe80d7a740f5c7d9cf8691630b1f85712e5e587cd3e6e8023999a14d21ce	1310	1498		4. ОБРАЩЕНИЕ К ИЗБИРАТЕЛЯМ 16	substantive	0	0	
auyl-0024	auyl	ea49fe80d7a740f5c7d9cf8691630b1f85712e5e587cd3e6e8023999a14d21ce	1499	1524		4. ОБРАЩЕНИЕ К ИЗБИРАТЕЛЯМ 16	rhetorical	0	0	
auyl-0025	auyl	ea49fe80d7a740f5c7d9cf8691630b1f85712e5e587cd3e6e8023999a14d21ce	1525	1561		4. ОБРАЩЕНИЕ К ИЗБИРАТЕЛЯМ 16	lead_in	0	0	
auyl-0026	auyl	ea49fe80d7a740f5c7d9cf8691630b1f85712e5e587cd3e6e8023999a14d21ce	1562	1601		4. ОБРАЩЕНИЕ К ИЗБИРАТЕЛЯМ 16	substantive	0	0	
auyl-0027	auyl	ea49fe80d7a740f5c7d9cf8691630b1f85712e5e587cd3e6e8023999a14d21ce	1602	1640		4. ОБРАЩЕНИЕ К ИЗБИРАТЕЛЯМ 16	substantive	0	0	
auyl-0028	auyl	ea49fe80d7a740f5c7d9cf8691630b1f85712e5e587cd3e6e8023999a14d21ce	1641	1711		4. ОБРАЩЕНИЕ К ИЗБИРАТЕЛЯМ 16	substantive	0	0	
auyl-0029	auyl	ea49fe80d7a740f5c7d9cf8691630b1f85712e5e587cd3e6e8023999a14d21ce	1712	1783		4. ОБРАЩЕНИЕ К ИЗБИРАТЕЛЯМ 16	substantive	0	0	
auyl-0030	auyl	ea49fe80d7a740f5c7d9cf8691630b1f85712e5e587cd3e6e8023999a14d21ce	1785	1811		2. ИТОГИ РАБОТЫ В МАЖИЛИСЕ	structural	1	0	
auyl-0031	auyl	ea49fe80d7a740f5c7d9cf8691630b1f85712e5e587cd3e6e8023999a14d21ce	1812	2081		2. ИТОГИ РАБОТЫ В МАЖИЛИСЕ	substantive	1	0	
auyl-0032	auyl	ea49fe80d7a740f5c7d9cf8691630b1f85712e5e587cd3e6e8023999a14d21ce	2082	2181		2. ИТОГИ РАБОТЫ В МАЖИЛИСЕ	substantive	0	0	
auyl-0033	auyl	ea49fe80d7a740f5c7d9cf8691630b1f85712e5e587cd3e6e8023999a14d21ce	2182	2316		2. ИТОГИ РАБОТЫ В МАЖИЛИСЕ	substantive	0	0	
auyl-0034	auyl	ea49fe80d7a740f5c7d9cf8691630b1f85712e5e587cd3e6e8023999a14d21ce	2317	2383		2. ИТОГИ РАБОТЫ В МАЖИЛИСЕ	substantive	0	0	
auyl-0035	auyl	ea49fe80d7a740f5c7d9cf8691630b1f85712e5e587cd3e6e8023999a14d21ce	2384	2581		2. ИТОГИ РАБОТЫ В МАЖИЛИСЕ	substantive	1	0	
auyl-0036	auyl	ea49fe80d7a740f5c7d9cf8691630b1f85712e5e587cd3e6e8023999a14d21ce	2582	2771		2. ИТОГИ РАБОТЫ В МАЖИЛИСЕ	substantive	1	0	
auyl-0037	auyl	ea49fe80d7a740f5c7d9cf8691630b1f85712e5e587cd3e6e8023999a14d21ce	2772	2891		2. ИТОГИ РАБОТЫ В МАЖИЛИСЕ	substantive	1	0	
auyl-0038	auyl	ea49fe80d7a740f5c7d9cf8691630b1f85712e5e587cd3e6e8023999a14d21ce	2892	3089		2. ИТОГИ РАБОТЫ В МАЖИЛИСЕ	substantive	0	0	
auyl-0039	auyl	ea49fe80d7a740f5c7d9cf8691630b1f85712e5e587cd3e6e8023999a14d21ce	3090	3170		2. ИТОГИ РАБОТЫ В МАЖИЛИСЕ	substantive	0	0	
auyl-0040	auyl	ea49fe80d7a740f5c7d9cf8691630b1f85712e5e587cd3e6e8023999a14d21ce	3171	3227		2. ИТОГИ РАБОТЫ В МАЖИЛИСЕ	substantive	0	0	
auyl-0041	auyl	ea49fe80d7a740f5c7d9cf8691630b1f85712e5e587cd3e6e8023999a14d21ce	3228	3398		2. ИТОГИ РАБОТЫ В МАЖИЛИСЕ	substantive	0	0	
auyl-0042	auyl	ea49fe80d7a740f5c7d9cf8691630b1f85712e5e587cd3e6e8023999a14d21ce	3399	3535		2. ИТОГИ РАБОТЫ В МАЖИЛИСЕ	substantive	1	0	
auyl-0043	auyl	ea49fe80d7a740f5c7d9cf8691630b1f85712e5e587cd3e6e8023999a14d21ce	3536	3698		2. ИТОГИ РАБОТЫ В МАЖИЛИСЕ	substantive	1	0	
auyl-0044	auyl	ea49fe80d7a740f5c7d9cf8691630b1f85712e5e587cd3e6e8023999a14d21ce	3699	3778		2. ИТОГИ РАБОТЫ В МАЖИЛИСЕ	substantive	1	0	
auyl-0045	auyl	ea49fe80d7a740f5c7d9cf8691630b1f85712e5e587cd3e6e8023999a14d21ce	3779	3919		2. ИТОГИ РАБОТЫ В МАЖИЛИСЕ	substantive	1	0	
auyl-0046	auyl	ea49fe80d7a740f5c7d9cf8691630b1f85712e5e587cd3e6e8023999a14d21ce	3920	4102		2. ИТОГИ РАБОТЫ В МАЖИЛИСЕ	substantive	0	0	
auyl-0047	auyl	ea49fe80d7a740f5c7d9cf8691630b1f85712e5e587cd3e6e8023999a14d21ce	4103	4202		2. ИТОГИ РАБОТЫ В МАЖИЛИСЕ	substantive	1	1	
auyl-0048	auyl	ea49fe80d7a740f5c7d9cf8691630b1f85712e5e587cd3e6e8023999a14d21ce	4203	4283		2. ИТОГИ РАБОТЫ В МАЖИЛИСЕ	substantive	1	0	
auyl-0049	auyl	ea49fe80d7a740f5c7d9cf8691630b1f85712e5e587cd3e6e8023999a14d21ce	4284	4381		2. ИТОГИ РАБОТЫ В МАЖИЛИСЕ	substantive	0	0	
auyl-0050	auyl	ea49fe80d7a740f5c7d9cf8691630b1f85712e5e587cd3e6e8023999a14d21ce	4382	4591		2. ИТОГИ РАБОТЫ В МАЖИЛИСЕ	substantive	1	0	
auyl-0051	auyl	ea49fe80d7a740f5c7d9cf8691630b1f85712e5e587cd3e6e8023999a14d21ce	4592	4693		2. ИТОГИ РАБОТЫ В МАЖИЛИСЕ	substantive	1	0	
auyl-0052	auyl	ea49fe80d7a740f5c7d9cf8691630b1f85712e5e587cd3e6e8023999a14d21ce	4694	4843		2. ИТОГИ РАБОТЫ В МАЖИЛИСЕ	substantive	0	0	
auyl-0053	auyl	ea49fe80d7a740f5c7d9cf8691630b1f85712e5e587cd3e6e8023999a14d21ce	4844	4960		2. ИТОГИ РАБОТЫ В МАЖИЛИСЕ	substantive	1	0	
auyl-0054	auyl	ea49fe80d7a740f5c7d9cf8691630b1f85712e5e587cd3e6e8023999a14d21ce	4961	5086		2. ИТОГИ РАБОТЫ В МАЖИЛИСЕ	substantive	0	0	
auyl-0055	auyl	ea49fe80d7a740f5c7d9cf8691630b1f85712e5e587cd3e6e8023999a14d21ce	5087	5233		2. ИТОГИ РАБОТЫ В МАЖИЛИСЕ	substantive	1	0	
auyl-0056	auyl	ea49fe80d7a740f5c7d9cf8691630b1f85712e5e587cd3e6e8023999a14d21ce	5234	5325		2. ИТОГИ РАБОТЫ В МАЖИЛИСЕ	substantive	0	0	
auyl-0057	auyl	ea49fe80d7a740f5c7d9cf8691630b1f85712e5e587cd3e6e8023999a14d21ce	5326	5424		2. ИТОГИ РАБОТЫ В МАЖИЛИСЕ	substantive	0	0	
auyl-0058	auyl	ea49fe80d7a740f5c7d9cf8691630b1f85712e5e587cd3e6e8023999a14d21ce	5425	5557		2. ИТОГИ РАБОТЫ В МАЖИЛИСЕ	substantive	1	0	
auyl-0059	auyl	ea49fe80d7a740f5c7d9cf8691630b1f85712e5e587cd3e6e8023999a14d21ce	5558	5774		2. ИТОГИ РАБОТЫ В МАЖИЛИСЕ	substantive	1	0	
auyl-0060	auyl	ea49fe80d7a740f5c7d9cf8691630b1f85712e5e587cd3e6e8023999a14d21ce	5775	5981		2. ИТОГИ РАБОТЫ В МАЖИЛИСЕ	substantive	0	0	
auyl-0061	auyl	ea49fe80d7a740f5c7d9cf8691630b1f85712e5e587cd3e6e8023999a14d21ce	5982	6084		2. ИТОГИ РАБОТЫ В МАЖИЛИСЕ	substantive	0	0	
auyl-0062	auyl	ea49fe80d7a740f5c7d9cf8691630b1f85712e5e587cd3e6e8023999a14d21ce	6085	6179		2. ИТОГИ РАБОТЫ В МАЖИЛИСЕ	substantive	0	0	
auyl-0063	auyl	ea49fe80d7a740f5c7d9cf8691630b1f85712e5e587cd3e6e8023999a14d21ce	6181	6205		ПРОДОЛЖИМ НАЧАТОЕ ВМЕСТЕ	structural	0	0	
auyl-0064	auyl	ea49fe80d7a740f5c7d9cf8691630b1f85712e5e587cd3e6e8023999a14d21ce	6206	6307		ПРОДОЛЖИМ НАЧАТОЕ ВМЕСТЕ	substantive	1	0	
auyl-0065	auyl	ea49fe80d7a740f5c7d9cf8691630b1f85712e5e587cd3e6e8023999a14d21ce	6308	6408		ПРОДОЛЖИМ НАЧАТОЕ ВМЕСТЕ	substantive	0	0	
auyl-0066	auyl	ea49fe80d7a740f5c7d9cf8691630b1f85712e5e587cd3e6e8023999a14d21ce	6409	6468		ПРОДОЛЖИМ НАЧАТОЕ ВМЕСТЕ	substantive	0	0	
auyl-0067	auyl	ea49fe80d7a740f5c7d9cf8691630b1f85712e5e587cd3e6e8023999a14d21ce	6469	6518		ПРОДОЛЖИМ НАЧАТОЕ ВМЕСТЕ	substantive	0	0	
auyl-0068	auyl	ea49fe80d7a740f5c7d9cf8691630b1f85712e5e587cd3e6e8023999a14d21ce	6519	6670		ПРОДОЛЖИМ НАЧАТОЕ ВМЕСТЕ	substantive	0	0	
auyl-0069	auyl	ea49fe80d7a740f5c7d9cf8691630b1f85712e5e587cd3e6e8023999a14d21ce	6672	6722		3. НАША ПРОГРАММА: СИЛЬНЫЕ РЕГИОНЫ – СИЛЬНЫЙ ЦЕНТР	structural	1	0	
auyl-0070	auyl	ea49fe80d7a740f5c7d9cf8691630b1f85712e5e587cd3e6e8023999a14d21ce	6723	6825		3. НАША ПРОГРАММА: СИЛЬНЫЕ РЕГИОНЫ – СИЛЬНЫЙ ЦЕНТР	substantive	0	0	
auyl-0071	auyl	ea49fe80d7a740f5c7d9cf8691630b1f85712e5e587cd3e6e8023999a14d21ce	6826	6860		3. НАША ПРОГРАММА: СИЛЬНЫЕ РЕГИОНЫ – СИЛЬНЫЙ ЦЕНТР	substantive	0	0	
auyl-0072	auyl	ea49fe80d7a740f5c7d9cf8691630b1f85712e5e587cd3e6e8023999a14d21ce	6861	6900		3. НАША ПРОГРАММА: СИЛЬНЫЕ РЕГИОНЫ – СИЛЬНЫЙ ЦЕНТР	substantive	0	0	
auyl-0073	auyl	ea49fe80d7a740f5c7d9cf8691630b1f85712e5e587cd3e6e8023999a14d21ce	6901	6943		3. НАША ПРОГРАММА: СИЛЬНЫЕ РЕГИОНЫ – СИЛЬНЫЙ ЦЕНТР	substantive	0	0	
auyl-0074	auyl	ea49fe80d7a740f5c7d9cf8691630b1f85712e5e587cd3e6e8023999a14d21ce	6944	7066		3. НАША ПРОГРАММА: СИЛЬНЫЕ РЕГИОНЫ – СИЛЬНЫЙ ЦЕНТР	substantive	0	0	
auyl-0075	auyl	ea49fe80d7a740f5c7d9cf8691630b1f85712e5e587cd3e6e8023999a14d21ce	7084	7170		3. НАША ПРОГРАММА: СИЛЬНЫЕ РЕГИОНЫ – СИЛЬНЫЙ ЦЕНТР	substantive	0	0	
auyl-0076	auyl	ea49fe80d7a740f5c7d9cf8691630b1f85712e5e587cd3e6e8023999a14d21ce	7171	7332		3. НАША ПРОГРАММА: СИЛЬНЫЕ РЕГИОНЫ – СИЛЬНЫЙ ЦЕНТР	substantive	0	0	
auyl-0077	auyl	ea49fe80d7a740f5c7d9cf8691630b1f85712e5e587cd3e6e8023999a14d21ce	7333	7385		3. НАША ПРОГРАММА: СИЛЬНЫЕ РЕГИОНЫ – СИЛЬНЫЙ ЦЕНТР	lead_in	1	0	
auyl-0078	auyl	ea49fe80d7a740f5c7d9cf8691630b1f85712e5e587cd3e6e8023999a14d21ce	7386	7437		1. Справедливое государство – процветающее общество	structural	1	0	
auyl-0079	auyl	ea49fe80d7a740f5c7d9cf8691630b1f85712e5e587cd3e6e8023999a14d21ce	7438	7795		1. Справедливое государство – процветающее общество	substantive	0	0	
auyl-0080	auyl	ea49fe80d7a740f5c7d9cf8691630b1f85712e5e587cd3e6e8023999a14d21ce	7796	7828		1. Справедливое государство – процветающее общество	lead_in	0	0	
auyl-0081	auyl	ea49fe80d7a740f5c7d9cf8691630b1f85712e5e587cd3e6e8023999a14d21ce	7829	7989		1. Справедливое государство – процветающее общество	substantive	0	0	Реализуя эту политику, МЫ будем:
auyl-0082	auyl	ea49fe80d7a740f5c7d9cf8691630b1f85712e5e587cd3e6e8023999a14d21ce	7990	8214		1. Справедливое государство – процветающее общество	substantive	0	0	Реализуя эту политику, МЫ будем:
auyl-0083	auyl	ea49fe80d7a740f5c7d9cf8691630b1f85712e5e587cd3e6e8023999a14d21ce	8215	8343		1. Справедливое государство – процветающее общество	substantive	0	0	Реализуя эту политику, МЫ будем:
auyl-0084	auyl	ea49fe80d7a740f5c7d9cf8691630b1f85712e5e587cd3e6e8023999a14d21ce	8344	8549		1. Справедливое государство – процветающее общество	substantive	0	0	Реализуя эту политику, МЫ будем:
auyl-0085	auyl	ea49fe80d7a740f5c7d9cf8691630b1f85712e5e587cd3e6e8023999a14d21ce	8550	8651		1. Справедливое государство – процветающее общество	substantive	0	0	Реализуя эту политику, МЫ будем:
auyl-0086	auyl	ea49fe80d7a740f5c7d9cf8691630b1f85712e5e587cd3e6e8023999a14d21ce	8652	8779		1. Справедливое государство – процветающее общество	substantive	0	0	Реализуя эту политику, МЫ будем:
auyl-0087	auyl	ea49fe80d7a740f5c7d9cf8691630b1f85712e5e587cd3e6e8023999a14d21ce	8780	8855		1. Справедливое государство – процветающее общество	substantive	0	0	Реализуя эту политику, МЫ будем:
auyl-0088	auyl	ea49fe80d7a740f5c7d9cf8691630b1f85712e5e587cd3e6e8023999a14d21ce	8856	8935		1. Справедливое государство – процветающее общество	substantive	0	0	Реализуя эту политику, МЫ будем:
auyl-0089	auyl	ea49fe80d7a740f5c7d9cf8691630b1f85712e5e587cd3e6e8023999a14d21ce	8936	9079		1. Справедливое государство – процветающее общество	substantive	0	0	Реализуя эту политику, МЫ будем:
auyl-0090	auyl	ea49fe80d7a740f5c7d9cf8691630b1f85712e5e587cd3e6e8023999a14d21ce	9080	9158		1. Справедливое государство – процветающее общество	substantive	0	0	Реализуя эту политику, МЫ будем:
auyl-0091	auyl	ea49fe80d7a740f5c7d9cf8691630b1f85712e5e587cd3e6e8023999a14d21ce	9159	9285		1. Справедливое государство – процветающее общество	substantive	0	0	Реализуя эту политику, МЫ будем:
auyl-0092	auyl	ea49fe80d7a740f5c7d9cf8691630b1f85712e5e587cd3e6e8023999a14d21ce	9286	9523		1. Справедливое государство – процветающее общество	substantive	0	0	Реализуя эту политику, МЫ будем:
auyl-0093	auyl	ea49fe80d7a740f5c7d9cf8691630b1f85712e5e587cd3e6e8023999a14d21ce	9524	9694		1. Справедливое государство – процветающее общество	substantive	0	0	Реализуя эту политику, МЫ будем:
auyl-0094	auyl	ea49fe80d7a740f5c7d9cf8691630b1f85712e5e587cd3e6e8023999a14d21ce	9696	9768		2. Продовольственная безопасность и доступные цены – основа стабильности	structural	1	0	
auyl-0095	auyl	ea49fe80d7a740f5c7d9cf8691630b1f85712e5e587cd3e6e8023999a14d21ce	9769	9928		2. Продовольственная безопасность и доступные цены – основа стабильности	substantive	0	0	
auyl-0096	auyl	ea49fe80d7a740f5c7d9cf8691630b1f85712e5e587cd3e6e8023999a14d21ce	9929	10037		2. Продовольственная безопасность и доступные цены – основа стабильности	substantive	0	0	
auyl-0097	auyl	ea49fe80d7a740f5c7d9cf8691630b1f85712e5e587cd3e6e8023999a14d21ce	10038	10191		2. Продовольственная безопасность и доступные цены – основа стабильности	substantive	0	0	
auyl-0098	auyl	ea49fe80d7a740f5c7d9cf8691630b1f85712e5e587cd3e6e8023999a14d21ce	10192	10227		2. Продовольственная безопасность и доступные цены – основа стабильности	lead_in	0	0	
auyl-0099	auyl	ea49fe80d7a740f5c7d9cf8691630b1f85712e5e587cd3e6e8023999a14d21ce	10228	10414		2. Продовольственная безопасность и доступные цены – основа стабильности	substantive	1	0	Для достижения этой цели МЫ будем :
auyl-0100	auyl	ea49fe80d7a740f5c7d9cf8691630b1f85712e5e587cd3e6e8023999a14d21ce	10415	10497		2. Продовольственная безопасность и доступные цены – основа стабильности	substantive	0	0	Для достижения этой цели МЫ будем :
auyl-0101	auyl	ea49fe80d7a740f5c7d9cf8691630b1f85712e5e587cd3e6e8023999a14d21ce	10498	10702		2. Продовольственная безопасность и доступные цены – основа стабильности	substantive	0	0	Для достижения этой цели МЫ будем :
auyl-0102	auyl	ea49fe80d7a740f5c7d9cf8691630b1f85712e5e587cd3e6e8023999a14d21ce	10703	10901		2. Продовольственная безопасность и доступные цены – основа стабильности	substantive	0	0	Для достижения этой цели МЫ будем :
auyl-0103	auyl	ea49fe80d7a740f5c7d9cf8691630b1f85712e5e587cd3e6e8023999a14d21ce	10902	11073		2. Продовольственная безопасность и доступные цены – основа стабильности	substantive	0	0	Для достижения этой цели МЫ будем :
auyl-0104	auyl	ea49fe80d7a740f5c7d9cf8691630b1f85712e5e587cd3e6e8023999a14d21ce	11074	11242		2. Продовольственная безопасность и доступные цены – основа стабильности	substantive	0	0	Для достижения этой цели МЫ будем :
auyl-0105	auyl	ea49fe80d7a740f5c7d9cf8691630b1f85712e5e587cd3e6e8023999a14d21ce	11243	11341		2. Продовольственная безопасность и доступные цены – основа стабильности	substantive	0	0	Для достижения этой цели МЫ будем :
auyl-0106	auyl	ea49fe80d7a740f5c7d9cf8691630b1f85712e5e587cd3e6e8023999a14d21ce	11342	11528		2. Продовольственная безопасность и доступные цены – основа стабильности	substantive	0	0	Для достижения этой цели МЫ будем :
auyl-0107	auyl	ea49fe80d7a740f5c7d9cf8691630b1f85712e5e587cd3e6e8023999a14d21ce	11529	11665		2. Продовольственная безопасность и доступные цены – основа стабильности	substantive	0	0	Для достижения этой цели МЫ будем :
auyl-0108	auyl	ea49fe80d7a740f5c7d9cf8691630b1f85712e5e587cd3e6e8023999a14d21ce	11666	11960		2. Продовольственная безопасность и доступные цены – основа стабильности	substantive	0	0	Для достижения этой цели МЫ будем :
auyl-0109	auyl	ea49fe80d7a740f5c7d9cf8691630b1f85712e5e587cd3e6e8023999a14d21ce	11961	12169		2. Продовольственная безопасность и доступные цены – основа стабильности	substantive	0	0	Для достижения этой цели МЫ будем :
auyl-0110	auyl	ea49fe80d7a740f5c7d9cf8691630b1f85712e5e587cd3e6e8023999a14d21ce	12170	12223		3. Надежная инфраструктура – ключ к развитию регионов	structural	1	0	
auyl-0111	auyl	ea49fe80d7a740f5c7d9cf8691630b1f85712e5e587cd3e6e8023999a14d21ce	12224	12367		3. Надежная инфраструктура – ключ к развитию регионов	substantive	0	0	
auyl-0112	auyl	ea49fe80d7a740f5c7d9cf8691630b1f85712e5e587cd3e6e8023999a14d21ce	12368	12393		3. Надежная инфраструктура – ключ к развитию регионов	lead_in	0	0	
auyl-0113	auyl	ea49fe80d7a740f5c7d9cf8691630b1f85712e5e587cd3e6e8023999a14d21ce	12394	12543		3. Надежная инфраструктура – ключ к развитию регионов	substantive	1	0	В рамках этого МЫ будем :
auyl-0114	auyl	ea49fe80d7a740f5c7d9cf8691630b1f85712e5e587cd3e6e8023999a14d21ce	12544	12704		3. Надежная инфраструктура – ключ к развитию регионов	substantive	0	0	В рамках этого МЫ будем :
auyl-0115	auyl	ea49fe80d7a740f5c7d9cf8691630b1f85712e5e587cd3e6e8023999a14d21ce	12705	12859		3. Надежная инфраструктура – ключ к развитию регионов	substantive	0	0	В рамках этого МЫ будем :
auyl-0116	auyl	ea49fe80d7a740f5c7d9cf8691630b1f85712e5e587cd3e6e8023999a14d21ce	12860	12992		3. Надежная инфраструктура – ключ к развитию регионов	substantive	1	0	В рамках этого МЫ будем :
auyl-0117	auyl	ea49fe80d7a740f5c7d9cf8691630b1f85712e5e587cd3e6e8023999a14d21ce	12993	13079		3. Надежная инфраструктура – ключ к развитию регионов	substantive	1	0	В рамках этого МЫ будем :
auyl-0118	auyl	ea49fe80d7a740f5c7d9cf8691630b1f85712e5e587cd3e6e8023999a14d21ce	13080	13288		3. Надежная инфраструктура – ключ к развитию регионов	substantive	0	0	В рамках этого МЫ будем :
auyl-0119	auyl	ea49fe80d7a740f5c7d9cf8691630b1f85712e5e587cd3e6e8023999a14d21ce	13289	13507		3. Надежная инфраструктура – ключ к развитию регионов	substantive	0	0	В рамках этого МЫ будем :
auyl-0120	auyl	ea49fe80d7a740f5c7d9cf8691630b1f85712e5e587cd3e6e8023999a14d21ce	13508	13586		3. Надежная инфраструктура – ключ к развитию регионов	substantive	0	0	В рамках этого МЫ будем :
auyl-0121	auyl	ea49fe80d7a740f5c7d9cf8691630b1f85712e5e587cd3e6e8023999a14d21ce	13587	13648		4. Справедливая социальная политика – гарантия качества жизни	structural	1	0	
auyl-0122	auyl	ea49fe80d7a740f5c7d9cf8691630b1f85712e5e587cd3e6e8023999a14d21ce	13649	13820		4. Справедливая социальная политика – гарантия качества жизни	substantive	0	0	
auyl-0123	auyl	ea49fe80d7a740f5c7d9cf8691630b1f85712e5e587cd3e6e8023999a14d21ce	13821	13850		4. Справедливая социальная политика – гарантия качества жизни	lead_in	0	0	
auyl-0124	auyl	ea49fe80d7a740f5c7d9cf8691630b1f85712e5e587cd3e6e8023999a14d21ce	13851	14043		4. Справедливая социальная политика – гарантия качества жизни	substantive	0	0	В этом направлении МЫ будем :
auyl-0125	auyl	ea49fe80d7a740f5c7d9cf8691630b1f85712e5e587cd3e6e8023999a14d21ce	14044	14158		4. Справедливая социальная политика – гарантия качества жизни	substantive	0	0	В этом направлении МЫ будем :
auyl-0126	auyl	ea49fe80d7a740f5c7d9cf8691630b1f85712e5e587cd3e6e8023999a14d21ce	14159	14344		4. Справедливая социальная политика – гарантия качества жизни	substantive	0	0	В этом направлении МЫ будем :
auyl-0127	auyl	ea49fe80d7a740f5c7d9cf8691630b1f85712e5e587cd3e6e8023999a14d21ce	14345	14525		4. Справедливая социальная политика – гарантия качества жизни	substantive	0	0	В этом направлении МЫ будем :
auyl-0128	auyl	ea49fe80d7a740f5c7d9cf8691630b1f85712e5e587cd3e6e8023999a14d21ce	14526	14678		4. Справедливая социальная политика – гарантия качества жизни	substantive	0	0	В этом направлении МЫ будем :
auyl-0129	auyl	ea49fe80d7a740f5c7d9cf8691630b1f85712e5e587cd3e6e8023999a14d21ce	14679	14784		4. Справедливая социальная политика – гарантия качества жизни	substantive	0	0	В этом направлении МЫ будем :
auyl-0130	auyl	ea49fe80d7a740f5c7d9cf8691630b1f85712e5e587cd3e6e8023999a14d21ce	14785	14971		4. Справедливая социальная политика – гарантия качества жизни	substantive	0	0	В этом направлении МЫ будем :
auyl-0131	auyl	ea49fe80d7a740f5c7d9cf8691630b1f85712e5e587cd3e6e8023999a14d21ce	14972	15178		4. Справедливая социальная политика – гарантия качества жизни	substantive	0	0	В этом направлении МЫ будем :
auyl-0132	auyl	ea49fe80d7a740f5c7d9cf8691630b1f85712e5e587cd3e6e8023999a14d21ce	15179	15328		4. Справедливая социальная политика – гарантия качества жизни	substantive	0	0	В этом направлении МЫ будем :
auyl-0133	auyl	ea49fe80d7a740f5c7d9cf8691630b1f85712e5e587cd3e6e8023999a14d21ce	15329	15438		4. Справедливая социальная политика – гарантия качества жизни	substantive	1	0	В этом направлении МЫ будем :
auyl-0134	auyl	ea49fe80d7a740f5c7d9cf8691630b1f85712e5e587cd3e6e8023999a14d21ce	15439	15544		4. Справедливая социальная политика – гарантия качества жизни	substantive	0	0	В этом направлении МЫ будем :
auyl-0135	auyl	ea49fe80d7a740f5c7d9cf8691630b1f85712e5e587cd3e6e8023999a14d21ce	15545	15632		4. Справедливая социальная политика – гарантия качества жизни	substantive	0	0	В этом направлении МЫ будем :
auyl-0136	auyl	ea49fe80d7a740f5c7d9cf8691630b1f85712e5e587cd3e6e8023999a14d21ce	15633	15848		4. Справедливая социальная политика – гарантия качества жизни	substantive	0	0	В этом направлении МЫ будем :
auyl-0137	auyl	ea49fe80d7a740f5c7d9cf8691630b1f85712e5e587cd3e6e8023999a14d21ce	15849	15995		4. Справедливая социальная политика – гарантия качества жизни	substantive	0	0	В этом направлении МЫ будем :
auyl-0138	auyl	ea49fe80d7a740f5c7d9cf8691630b1f85712e5e587cd3e6e8023999a14d21ce	15997	16036		5. Образование и наука – путь в будущее	structural	1	0	
auyl-0139	auyl	ea49fe80d7a740f5c7d9cf8691630b1f85712e5e587cd3e6e8023999a14d21ce	16037	16115		5. Образование и наука – путь в будущее	substantive	0	0	
auyl-0140	auyl	ea49fe80d7a740f5c7d9cf8691630b1f85712e5e587cd3e6e8023999a14d21ce	16116	16197		5. Образование и наука – путь в будущее	substantive	0	0	
auyl-0141	auyl	ea49fe80d7a740f5c7d9cf8691630b1f85712e5e587cd3e6e8023999a14d21ce	16217	16392		5. Образование и наука – путь в будущее	substantive	1	0	Поэтому МЫ будем :
auyl-0142	auyl	ea49fe80d7a740f5c7d9cf8691630b1f85712e5e587cd3e6e8023999a14d21ce	16393	16646		5. Образование и наука – путь в будущее	substantive	0	0	Поэтому МЫ будем :
auyl-0143	auyl	ea49fe80d7a740f5c7d9cf8691630b1f85712e5e587cd3e6e8023999a14d21ce	16647	16805		5. Образование и наука – путь в будущее	substantive	0	0	Поэтому МЫ будем :
auyl-0144	auyl	ea49fe80d7a740f5c7d9cf8691630b1f85712e5e587cd3e6e8023999a14d21ce	16806	16892		5. Образование и наука – путь в будущее	substantive	0	0	Поэтому МЫ будем :
auyl-0145	auyl	ea49fe80d7a740f5c7d9cf8691630b1f85712e5e587cd3e6e8023999a14d21ce	16893	16977		5. Образование и наука – путь в будущее	substantive	0	0	Поэтому МЫ будем :
auyl-0146	auyl	ea49fe80d7a740f5c7d9cf8691630b1f85712e5e587cd3e6e8023999a14d21ce	16978	17067		5. Образование и наука – путь в будущее	substantive	1	0	Поэтому МЫ будем :
auyl-0147	auyl	ea49fe80d7a740f5c7d9cf8691630b1f85712e5e587cd3e6e8023999a14d21ce	17068	17183		5. Образование и наука – путь в будущее	substantive	0	0	Поэтому МЫ будем :
auyl-0148	auyl	ea49fe80d7a740f5c7d9cf8691630b1f85712e5e587cd3e6e8023999a14d21ce	17184	17435		5. Образование и наука – путь в будущее	substantive	0	0	Поэтому МЫ будем :
auyl-0149	auyl	ea49fe80d7a740f5c7d9cf8691630b1f85712e5e587cd3e6e8023999a14d21ce	17436	17493		6. Традиционная семейная политика – фундамент государства	structural	1	0	
auyl-0150	auyl	ea49fe80d7a740f5c7d9cf8691630b1f85712e5e587cd3e6e8023999a14d21ce	17494	17699		6. Традиционная семейная политика – фундамент государства	substantive	0	0	
auyl-0151	auyl	ea49fe80d7a740f5c7d9cf8691630b1f85712e5e587cd3e6e8023999a14d21ce	17700	17725		6. Традиционная семейная политика – фундамент государства	lead_in	0	0	
auyl-0152	auyl	ea49fe80d7a740f5c7d9cf8691630b1f85712e5e587cd3e6e8023999a14d21ce	17726	17896		6. Традиционная семейная политика – фундамент государства	substantive	0	0	Исходя из этого МЫ будем:
auyl-0153	auyl	ea49fe80d7a740f5c7d9cf8691630b1f85712e5e587cd3e6e8023999a14d21ce	17897	18062		6. Традиционная семейная политика – фундамент государства	substantive	0	0	Исходя из этого МЫ будем:
auyl-0154	auyl	ea49fe80d7a740f5c7d9cf8691630b1f85712e5e587cd3e6e8023999a14d21ce	18063	18157		6. Традиционная семейная политика – фундамент государства	substantive	0	0	Исходя из этого МЫ будем:
auyl-0155	auyl	ea49fe80d7a740f5c7d9cf8691630b1f85712e5e587cd3e6e8023999a14d21ce	18158	18274		6. Традиционная семейная политика – фундамент государства	substantive	0	0	Исходя из этого МЫ будем:
auyl-0156	auyl	ea49fe80d7a740f5c7d9cf8691630b1f85712e5e587cd3e6e8023999a14d21ce	18275	18513		6. Традиционная семейная политика – фундамент государства	substantive	1	0	Исходя из этого МЫ будем:
auyl-0157	auyl	ea49fe80d7a740f5c7d9cf8691630b1f85712e5e587cd3e6e8023999a14d21ce	18514	18646		6. Традиционная семейная политика – фундамент государства	substantive	0	0	Исходя из этого МЫ будем:
auyl-0158	auyl	ea49fe80d7a740f5c7d9cf8691630b1f85712e5e587cd3e6e8023999a14d21ce	18647	18858		6. Традиционная семейная политика – фундамент государства	substantive	0	0	Исходя из этого МЫ будем:
auyl-0159	auyl	ea49fe80d7a740f5c7d9cf8691630b1f85712e5e587cd3e6e8023999a14d21ce	18859	19074		6. Традиционная семейная политика – фундамент государства	substantive	0	0	Исходя из этого МЫ будем:
auyl-0160	auyl	ea49fe80d7a740f5c7d9cf8691630b1f85712e5e587cd3e6e8023999a14d21ce	19075	19227		6. Традиционная семейная политика – фундамент государства	substantive	0	0	Исходя из этого МЫ будем:
auyl-0161	auyl	ea49fe80d7a740f5c7d9cf8691630b1f85712e5e587cd3e6e8023999a14d21ce	19228	19390		6. Традиционная семейная политика – фундамент государства	substantive	0	0	Исходя из этого МЫ будем:
auyl-0162	auyl	ea49fe80d7a740f5c7d9cf8691630b1f85712e5e587cd3e6e8023999a14d21ce	19391	19431		7. Экология – залог устойчивого развития	structural	1	0	
auyl-0163	auyl	ea49fe80d7a740f5c7d9cf8691630b1f85712e5e587cd3e6e8023999a14d21ce	19432	19657		7. Экология – залог устойчивого развития	substantive	0	0	
auyl-0164	auyl	ea49fe80d7a740f5c7d9cf8691630b1f85712e5e587cd3e6e8023999a14d21ce	19658	19727		7. Экология – залог устойчивого развития	substantive	0	0	
auyl-0165	auyl	ea49fe80d7a740f5c7d9cf8691630b1f85712e5e587cd3e6e8023999a14d21ce	19728	19758		7. Экология – залог устойчивого развития	lead_in	0	0	
auyl-0166	auyl	ea49fe80d7a740f5c7d9cf8691630b1f85712e5e587cd3e6e8023999a14d21ce	19759	20005		7. Экология – залог устойчивого развития	substantive	0	0	Руководствуясь этим, МЫ будем:
auyl-0167	auyl	ea49fe80d7a740f5c7d9cf8691630b1f85712e5e587cd3e6e8023999a14d21ce	20006	20261		7. Экология – залог устойчивого развития	substantive	1	1	Руководствуясь этим, МЫ будем:
auyl-0168	auyl	ea49fe80d7a740f5c7d9cf8691630b1f85712e5e587cd3e6e8023999a14d21ce	20262	20427		7. Экология – залог устойчивого развития	substantive	1	0	Руководствуясь этим, МЫ будем:
auyl-0169	auyl	ea49fe80d7a740f5c7d9cf8691630b1f85712e5e587cd3e6e8023999a14d21ce	20428	20562		7. Экология – залог устойчивого развития	substantive	0	0	Руководствуясь этим, МЫ будем:
auyl-0170	auyl	ea49fe80d7a740f5c7d9cf8691630b1f85712e5e587cd3e6e8023999a14d21ce	20563	20656		7. Экология – залог устойчивого развития	substantive	0	0	Руководствуясь этим, МЫ будем:
auyl-0171	auyl	ea49fe80d7a740f5c7d9cf8691630b1f85712e5e587cd3e6e8023999a14d21ce	20657	20852		7. Экология – залог устойчивого развития	substantive	0	0	Руководствуясь этим, МЫ будем:
auyl-0172	auyl	ea49fe80d7a740f5c7d9cf8691630b1f85712e5e587cd3e6e8023999a14d21ce	20853	21163		7. Экология – залог устойчивого развития	substantive	0	0	Руководствуясь этим, МЫ будем:
auyl-0173	auyl	ea49fe80d7a740f5c7d9cf8691630b1f85712e5e587cd3e6e8023999a14d21ce	21164	21335		7. Экология – залог устойчивого развития	substantive	0	0	Руководствуясь этим, МЫ будем:
auyl-0174	auyl	ea49fe80d7a740f5c7d9cf8691630b1f85712e5e587cd3e6e8023999a14d21ce	21337	21547		7. Экология – залог устойчивого развития	substantive	0	0	
auyl-0175	auyl	ea49fe80d7a740f5c7d9cf8691630b1f85712e5e587cd3e6e8023999a14d21ce	21549	21575		4. ОБРАЩЕНИЕ К ИЗБИРАТЕЛЯМ	structural	1	0	
auyl-0176	auyl	ea49fe80d7a740f5c7d9cf8691630b1f85712e5e587cd3e6e8023999a14d21ce	21597	21655		4. ОБРАЩЕНИЕ К ИЗБИРАТЕЛЯМ	substantive	0	0	
auyl-0177	auyl	ea49fe80d7a740f5c7d9cf8691630b1f85712e5e587cd3e6e8023999a14d21ce	21656	21760		4. ОБРАЩЕНИЕ К ИЗБИРАТЕЛЯМ	substantive	0	0	
auyl-0178	auyl	ea49fe80d7a740f5c7d9cf8691630b1f85712e5e587cd3e6e8023999a14d21ce	21761	21904		4. ОБРАЩЕНИЕ К ИЗБИРАТЕЛЯМ	substantive	0	0	
auyl-0179	auyl	ea49fe80d7a740f5c7d9cf8691630b1f85712e5e587cd3e6e8023999a14d21ce	21905	21983		4. ОБРАЩЕНИЕ К ИЗБИРАТЕЛЯМ	rhetorical	0	0	
auyl-0180	auyl	ea49fe80d7a740f5c7d9cf8691630b1f85712e5e587cd3e6e8023999a14d21ce	21985	22019		4. ОБРАЩЕНИЕ К ИЗБИРАТЕЛЯМ	rhetorical	0	0	
baitaq-0001	baitaq	4db69e9db51ad9d1ee527b1b837ade96a0cf77752388518b6032e1938f49bb50	0	28	1	КАЗАХСТАН - СТРАНА ДЛЯ ЖИЗНИ	structural	0	0	
baitaq-0002	baitaq	4db69e9db51ad9d1ee527b1b837ade96a0cf77752388518b6032e1938f49bb50	69	94	1	КАЗАХСТАН - СТРАНА ДЛЯ ЖИЗНИ	substantive	0	0	
baitaq-0003	baitaq	4db69e9db51ad9d1ee527b1b837ade96a0cf77752388518b6032e1938f49bb50	95	176	1	КАЗАХСТАН - СТРАНА ДЛЯ ЖИЗНИ	rhetorical	0	0	
baitaq-0004	baitaq	4db69e9db51ad9d1ee527b1b837ade96a0cf77752388518b6032e1938f49bb50	177	223	1	КАЗАХСТАН - СТРАНА ДЛЯ ЖИЗНИ	substantive	0	0	
baitaq-0005	baitaq	4db69e9db51ad9d1ee527b1b837ade96a0cf77752388518b6032e1938f49bb50	224	279	1	КАЗАХСТАН - СТРАНА ДЛЯ ЖИЗНИ	substantive	0	0	
baitaq-0006	baitaq	4db69e9db51ad9d1ee527b1b837ade96a0cf77752388518b6032e1938f49bb50	280	327	1	КАЗАХСТАН - СТРАНА ДЛЯ ЖИЗНИ	substantive	0	0	
baitaq-0007	baitaq	4db69e9db51ad9d1ee527b1b837ade96a0cf77752388518b6032e1938f49bb50	328	362	1	КАЗАХСТАН - СТРАНА ДЛЯ ЖИЗНИ	substantive	0	0	
baitaq-0008	baitaq	4db69e9db51ad9d1ee527b1b837ade96a0cf77752388518b6032e1938f49bb50	363	410	1	КАЗАХСТАН - СТРАНА ДЛЯ ЖИЗНИ	substantive	0	0	
baitaq-0009	baitaq	4db69e9db51ad9d1ee527b1b837ade96a0cf77752388518b6032e1938f49bb50	411	520	1	КАЗАХСТАН - СТРАНА ДЛЯ ЖИЗНИ	substantive	0	0	
baitaq-0010	baitaq	4db69e9db51ad9d1ee527b1b837ade96a0cf77752388518b6032e1938f49bb50	521	572	1	КАЗАХСТАН - СТРАНА ДЛЯ ЖИЗНИ	lead_in	0	0	
baitaq-0011	baitaq	4db69e9db51ad9d1ee527b1b837ade96a0cf77752388518b6032e1938f49bb50	573	636	1	КАЗАХСТАН - СТРАНА ДЛЯ ЖИЗНИ	substantive	0	0	Мы хотим вместе с вами построить страну, в которой:
baitaq-0012	baitaq	4db69e9db51ad9d1ee527b1b837ade96a0cf77752388518b6032e1938f49bb50	637	708	1	КАЗАХСТАН - СТРАНА ДЛЯ ЖИЗНИ	substantive	0	0	Мы хотим вместе с вами построить страну, в которой:
baitaq-0013	baitaq	4db69e9db51ad9d1ee527b1b837ade96a0cf77752388518b6032e1938f49bb50	709	800	1	КАЗАХСТАН - СТРАНА ДЛЯ ЖИЗНИ	substantive	0	0	
baitaq-0014	baitaq	4db69e9db51ad9d1ee527b1b837ade96a0cf77752388518b6032e1938f49bb50	801	850	1	КАЗАХСТАН - СТРАНА ДЛЯ ЖИЗНИ	substantive	0	0	
baitaq-0015	baitaq	4db69e9db51ad9d1ee527b1b837ade96a0cf77752388518b6032e1938f49bb50	851	885	1	КАЗАХСТАН - СТРАНА ДЛЯ ЖИЗНИ	substantive	0	0	
baitaq-0016	baitaq	4db69e9db51ad9d1ee527b1b837ade96a0cf77752388518b6032e1938f49bb50	899	946	1	КАЗАХСТАН - СТРАНА ДЛЯ ЖИЗНИ	substantive	0	0	
baitaq-0017	baitaq	4db69e9db51ad9d1ee527b1b837ade96a0cf77752388518b6032e1938f49bb50	947	975	2	КТО МЫ И ЗА ЧТО МЫ ВЫСТУПАЕМ	structural	0	0	
baitaq-0018	baitaq	4db69e9db51ad9d1ee527b1b837ade96a0cf77752388518b6032e1938f49bb50	976	1094	2	КТО МЫ И ЗА ЧТО МЫ ВЫСТУПАЕМ	substantive	0	0	
baitaq-0019	baitaq	4db69e9db51ad9d1ee527b1b837ade96a0cf77752388518b6032e1938f49bb50	1095	1156	2	КТО МЫ И ЗА ЧТО МЫ ВЫСТУПАЕМ	substantive	0	0	
baitaq-0020	baitaq	4db69e9db51ad9d1ee527b1b837ade96a0cf77752388518b6032e1938f49bb50	1157	1373	2	КТО МЫ И ЗА ЧТО МЫ ВЫСТУПАЕМ	substantive	0	0	
baitaq-0021	baitaq	4db69e9db51ad9d1ee527b1b837ade96a0cf77752388518b6032e1938f49bb50	1374	1553	2	КТО МЫ И ЗА ЧТО МЫ ВЫСТУПАЕМ	substantive	0	0	
baitaq-0022	baitaq	4db69e9db51ad9d1ee527b1b837ade96a0cf77752388518b6032e1938f49bb50	1554	1642	2	КТО МЫ И ЗА ЧТО МЫ ВЫСТУПАЕМ	substantive	0	0	
baitaq-0023	baitaq	4db69e9db51ad9d1ee527b1b837ade96a0cf77752388518b6032e1938f49bb50	1643	1700	2	КТО МЫ И ЗА ЧТО МЫ ВЫСТУПАЕМ	substantive	1	0	
baitaq-0024	baitaq	4db69e9db51ad9d1ee527b1b837ade96a0cf77752388518b6032e1938f49bb50	1701	1783	2	КТО МЫ И ЗА ЧТО МЫ ВЫСТУПАЕМ	substantive	1	0	
baitaq-0025	baitaq	4db69e9db51ad9d1ee527b1b837ade96a0cf77752388518b6032e1938f49bb50	1784	1828	2	КТО МЫ И ЗА ЧТО МЫ ВЫСТУПАЕМ	substantive	0	0	
baitaq-0026	baitaq	4db69e9db51ad9d1ee527b1b837ade96a0cf77752388518b6032e1938f49bb50	1829	1925	2	КТО МЫ И ЗА ЧТО МЫ ВЫСТУПАЕМ	substantive	0	0	
baitaq-0027	baitaq	4db69e9db51ad9d1ee527b1b837ade96a0cf77752388518b6032e1938f49bb50	1926	2085	2	КТО МЫ И ЗА ЧТО МЫ ВЫСТУПАЕМ	substantive	1	0	
baitaq-0028	baitaq	4db69e9db51ad9d1ee527b1b837ade96a0cf77752388518b6032e1938f49bb50	2110	2141	2	КТО МЫ И ЗА ЧТО МЫ ВЫСТУПАЕМ	substantive	0	0	
baitaq-0029	baitaq	4db69e9db51ad9d1ee527b1b837ade96a0cf77752388518b6032e1938f49bb50	2164	2190	2	КТО МЫ И ЗА ЧТО МЫ ВЫСТУПАЕМ	substantive	0	0	
baitaq-0030	baitaq	4db69e9db51ad9d1ee527b1b837ade96a0cf77752388518b6032e1938f49bb50	2191	2204	3	НАШИ ПРИНЦИПЫ	structural	0	0	
baitaq-0031	baitaq	4db69e9db51ad9d1ee527b1b837ade96a0cf77752388518b6032e1938f49bb50	2221	2303	3	НАШИ ПРИНЦИПЫ	substantive	0	0	
baitaq-0032	baitaq	4db69e9db51ad9d1ee527b1b837ade96a0cf77752388518b6032e1938f49bb50	2304	2379	3	НАШИ ПРИНЦИПЫ	substantive	0	0	
baitaq-0033	baitaq	4db69e9db51ad9d1ee527b1b837ade96a0cf77752388518b6032e1938f49bb50	2398	2448	3	НАШИ ПРИНЦИПЫ	substantive	0	0	
baitaq-0034	baitaq	4db69e9db51ad9d1ee527b1b837ade96a0cf77752388518b6032e1938f49bb50	2449	2532	3	НАШИ ПРИНЦИПЫ	substantive	0	0	
baitaq-0035	baitaq	4db69e9db51ad9d1ee527b1b837ade96a0cf77752388518b6032e1938f49bb50	2549	2593	3	НАШИ ПРИНЦИПЫ	substantive	0	0	
baitaq-0036	baitaq	4db69e9db51ad9d1ee527b1b837ade96a0cf77752388518b6032e1938f49bb50	2594	2681	3	НАШИ ПРИНЦИПЫ	substantive	0	0	
baitaq-0037	baitaq	4db69e9db51ad9d1ee527b1b837ade96a0cf77752388518b6032e1938f49bb50	2682	2750	3	НАШИ ПРИНЦИПЫ	substantive	0	0	
baitaq-0038	baitaq	4db69e9db51ad9d1ee527b1b837ade96a0cf77752388518b6032e1938f49bb50	2767	2842	3	НАШИ ПРИНЦИПЫ	substantive	0	0	
baitaq-0039	baitaq	4db69e9db51ad9d1ee527b1b837ade96a0cf77752388518b6032e1938f49bb50	2843	2908	3	НАШИ ПРИНЦИПЫ	substantive	0	0	
baitaq-0040	baitaq	4db69e9db51ad9d1ee527b1b837ade96a0cf77752388518b6032e1938f49bb50	2926	2998	3	НАШИ ПРИНЦИПЫ	substantive	0	0	
baitaq-0041	baitaq	4db69e9db51ad9d1ee527b1b837ade96a0cf77752388518b6032e1938f49bb50	2999	3056	3	НАШИ ПРИНЦИПЫ	substantive	0	0	
baitaq-0042	baitaq	4db69e9db51ad9d1ee527b1b837ade96a0cf77752388518b6032e1938f49bb50	3057	3084	3	НАШИ ПРИНЦИПЫ	substantive	0	0	
baitaq-0043	baitaq	4db69e9db51ad9d1ee527b1b837ade96a0cf77752388518b6032e1938f49bb50	3085	3225	3	НАШИ ПРИНЦИПЫ	substantive	0	0	
baitaq-0044	baitaq	4db69e9db51ad9d1ee527b1b837ade96a0cf77752388518b6032e1938f49bb50	3226	3259	3	НАШИ ПРИНЦИПЫ	substantive	0	0	
baitaq-0045	baitaq	4db69e9db51ad9d1ee527b1b837ade96a0cf77752388518b6032e1938f49bb50	3260	3365	3	НАШИ ПРИНЦИПЫ	substantive	0	0	
baitaq-0046	baitaq	4db69e9db51ad9d1ee527b1b837ade96a0cf77752388518b6032e1938f49bb50	3366	3446	3	НАШИ ПРИНЦИПЫ	substantive	0	0	
baitaq-0047	baitaq	4db69e9db51ad9d1ee527b1b837ade96a0cf77752388518b6032e1938f49bb50	3470	3644	3	НАШИ ПРИНЦИПЫ	substantive	0	0	
baitaq-0048	baitaq	4db69e9db51ad9d1ee527b1b837ade96a0cf77752388518b6032e1938f49bb50	3645	3725	3	НАШИ ПРИНЦИПЫ	substantive	0	0	
baitaq-0049	baitaq	4db69e9db51ad9d1ee527b1b837ade96a0cf77752388518b6032e1938f49bb50	3726	3810	3	НАШИ ПРИНЦИПЫ	substantive	0	0	
baitaq-0050	baitaq	4db69e9db51ad9d1ee527b1b837ade96a0cf77752388518b6032e1938f49bb50	3811	3823	4	ВРЕМЕНИ МАЛО	structural	0	0	
baitaq-0051	baitaq	4db69e9db51ad9d1ee527b1b837ade96a0cf77752388518b6032e1938f49bb50	3824	3893	4	ВРЕМЕНИ МАЛО	substantive	0	0	
baitaq-0052	baitaq	4db69e9db51ad9d1ee527b1b837ade96a0cf77752388518b6032e1938f49bb50	3894	4215	4	ВРЕМЕНИ МАЛО	substantive	1	0	
baitaq-0053	baitaq	4db69e9db51ad9d1ee527b1b837ade96a0cf77752388518b6032e1938f49bb50	4216	4247	4	ВРЕМЕНИ МАЛО	lead_in	0	0	
baitaq-0054	baitaq	4db69e9db51ad9d1ee527b1b837ade96a0cf77752388518b6032e1938f49bb50	4248	4303	4	ВРЕМЕНИ МАЛО	substantive	0	0	
baitaq-0055	baitaq	4db69e9db51ad9d1ee527b1b837ade96a0cf77752388518b6032e1938f49bb50	4304	4362	4	ВРЕМЕНИ МАЛО	substantive	0	0	
baitaq-0056	baitaq	4db69e9db51ad9d1ee527b1b837ade96a0cf77752388518b6032e1938f49bb50	4363	4454	4	ВРЕМЕНИ МАЛО	substantive	0	0	
baitaq-0057	baitaq	4db69e9db51ad9d1ee527b1b837ade96a0cf77752388518b6032e1938f49bb50	4455	4525	4	ВРЕМЕНИ МАЛО	substantive	0	0	
baitaq-0058	baitaq	4db69e9db51ad9d1ee527b1b837ade96a0cf77752388518b6032e1938f49bb50	4526	4558	5	ВРЕМЕНИ МАЛО	substantive	0	0	
baitaq-0059	baitaq	4db69e9db51ad9d1ee527b1b837ade96a0cf77752388518b6032e1938f49bb50	4559	4621	5	ВРЕМЕНИ МАЛО	substantive	0	0	
baitaq-0060	baitaq	4db69e9db51ad9d1ee527b1b837ade96a0cf77752388518b6032e1938f49bb50	4622	4716	5	ВРЕМЕНИ МАЛО	substantive	0	0	
baitaq-0061	baitaq	4db69e9db51ad9d1ee527b1b837ade96a0cf77752388518b6032e1938f49bb50	4717	4815	5	ВРЕМЕНИ МАЛО	substantive	0	0	
baitaq-0062	baitaq	4db69e9db51ad9d1ee527b1b837ade96a0cf77752388518b6032e1938f49bb50	4816	4881	5	ВРЕМЕНИ МАЛО	substantive	1	0	
baitaq-0063	baitaq	4db69e9db51ad9d1ee527b1b837ade96a0cf77752388518b6032e1938f49bb50	4882	4977	5	ВРЕМЕНИ МАЛО	substantive	1	0	
baitaq-0064	baitaq	4db69e9db51ad9d1ee527b1b837ade96a0cf77752388518b6032e1938f49bb50	4978	5064	5	ВРЕМЕНИ МАЛО	substantive	1	0	
baitaq-0065	baitaq	4db69e9db51ad9d1ee527b1b837ade96a0cf77752388518b6032e1938f49bb50	5065	5090	5	ВРЕМЕНИ МАЛО	substantive	1	0	
baitaq-0066	baitaq	4db69e9db51ad9d1ee527b1b837ade96a0cf77752388518b6032e1938f49bb50	5091	5131	5	ВРЕМЕНИ МАЛО	substantive	0	0	
baitaq-0067	baitaq	4db69e9db51ad9d1ee527b1b837ade96a0cf77752388518b6032e1938f49bb50	5132	5167	5	ВРЕМЕНИ МАЛО	substantive	0	0	
baitaq-0068	baitaq	4db69e9db51ad9d1ee527b1b837ade96a0cf77752388518b6032e1938f49bb50	5168	5243	5	ВРЕМЕНИ МАЛО	substantive	0	0	
baitaq-0069	baitaq	4db69e9db51ad9d1ee527b1b837ade96a0cf77752388518b6032e1938f49bb50	5244	5339	5	ВРЕМЕНИ МАЛО	substantive	0	0	
baitaq-0070	baitaq	4db69e9db51ad9d1ee527b1b837ade96a0cf77752388518b6032e1938f49bb50	5340	5479	5	ВРЕМЕНИ МАЛО	substantive	1	0	
baitaq-0071	baitaq	4db69e9db51ad9d1ee527b1b837ade96a0cf77752388518b6032e1938f49bb50	5480	5641	5	ВРЕМЕНИ МАЛО	substantive	1	0	
baitaq-0072	baitaq	4db69e9db51ad9d1ee527b1b837ade96a0cf77752388518b6032e1938f49bb50	5642	5880	5	ВРЕМЕНИ МАЛО	substantive	1	1	
baitaq-0073	baitaq	4db69e9db51ad9d1ee527b1b837ade96a0cf77752388518b6032e1938f49bb50	5881	5970	5	ВРЕМЕНИ МАЛО	substantive	0	0	
baitaq-0074	baitaq	4db69e9db51ad9d1ee527b1b837ade96a0cf77752388518b6032e1938f49bb50	5971	6016	5	ВРЕМЕНИ МАЛО	substantive	0	0	
baitaq-0075	baitaq	4db69e9db51ad9d1ee527b1b837ade96a0cf77752388518b6032e1938f49bb50	6017	6112	5	ВРЕМЕНИ МАЛО	substantive	0	0	
baitaq-0076	baitaq	4db69e9db51ad9d1ee527b1b837ade96a0cf77752388518b6032e1938f49bb50	6113	6145	5	ВРЕМЕНИ МАЛО	substantive	0	0	
baitaq-0077	baitaq	4db69e9db51ad9d1ee527b1b837ade96a0cf77752388518b6032e1938f49bb50	6146	6250	5	ВРЕМЕНИ МАЛО	substantive	0	0	
baitaq-0078	baitaq	4db69e9db51ad9d1ee527b1b837ade96a0cf77752388518b6032e1938f49bb50	6251	6283	5	ВРЕМЕНИ МАЛО	substantive	0	0	
baitaq-0079	baitaq	4db69e9db51ad9d1ee527b1b837ade96a0cf77752388518b6032e1938f49bb50	6284	6426	5	ВРЕМЕНИ МАЛО	substantive	0	0	
baitaq-0080	baitaq	4db69e9db51ad9d1ee527b1b837ade96a0cf77752388518b6032e1938f49bb50	6427	6578	5	ВРЕМЕНИ МАЛО	substantive	0	0	
baitaq-0081	baitaq	4db69e9db51ad9d1ee527b1b837ade96a0cf77752388518b6032e1938f49bb50	6579	6631	5	ВРЕМЕНИ МАЛО	substantive	0	0	
baitaq-0082	baitaq	4db69e9db51ad9d1ee527b1b837ade96a0cf77752388518b6032e1938f49bb50	6632	6755	5	ВРЕМЕНИ МАЛО	substantive	0	0	
baitaq-0083	baitaq	4db69e9db51ad9d1ee527b1b837ade96a0cf77752388518b6032e1938f49bb50	6756	6860	6	ВРЕМЕНИ МАЛО	substantive	0	0	
baitaq-0084	baitaq	4db69e9db51ad9d1ee527b1b837ade96a0cf77752388518b6032e1938f49bb50	6861	6950	6	ВРЕМЕНИ МАЛО	substantive	0	0	
baitaq-0085	baitaq	4db69e9db51ad9d1ee527b1b837ade96a0cf77752388518b6032e1938f49bb50	6996	7119	6	ВРЕМЕНИ МАЛО	substantive	0	0	
baitaq-0086	baitaq	4db69e9db51ad9d1ee527b1b837ade96a0cf77752388518b6032e1938f49bb50	7120	7320	6	ВРЕМЕНИ МАЛО	substantive	1	0	
baitaq-0087	baitaq	4db69e9db51ad9d1ee527b1b837ade96a0cf77752388518b6032e1938f49bb50	7321	7465	6	ВРЕМЕНИ МАЛО	substantive	0	0	
baitaq-0088	baitaq	4db69e9db51ad9d1ee527b1b837ade96a0cf77752388518b6032e1938f49bb50	7466	7576	6	ВРЕМЕНИ МАЛО	substantive	0	0	
baitaq-0089	baitaq	4db69e9db51ad9d1ee527b1b837ade96a0cf77752388518b6032e1938f49bb50	7577	7651	6	ВРЕМЕНИ МАЛО	substantive	0	0	
baitaq-0090	baitaq	4db69e9db51ad9d1ee527b1b837ade96a0cf77752388518b6032e1938f49bb50	7652	7724	6	ВРЕМЕНИ МАЛО	substantive	0	0	
baitaq-0091	baitaq	4db69e9db51ad9d1ee527b1b837ade96a0cf77752388518b6032e1938f49bb50	7725	7787	6	ВРЕМЕНИ МАЛО	substantive	0	0	
baitaq-0092	baitaq	4db69e9db51ad9d1ee527b1b837ade96a0cf77752388518b6032e1938f49bb50	7788	7843	6	ВРЕМЕНИ МАЛО	substantive	0	0	
baitaq-0093	baitaq	4db69e9db51ad9d1ee527b1b837ade96a0cf77752388518b6032e1938f49bb50	7844	7939	7	ВРЕМЕНИ МАЛО	substantive	0	0	
baitaq-0094	baitaq	4db69e9db51ad9d1ee527b1b837ade96a0cf77752388518b6032e1938f49bb50	7940	7999	7	ВРЕМЕНИ МАЛО	substantive	0	0	
baitaq-0095	baitaq	4db69e9db51ad9d1ee527b1b837ade96a0cf77752388518b6032e1938f49bb50	8000	8142	7	ВРЕМЕНИ МАЛО	substantive	0	0	
baitaq-0096	baitaq	4db69e9db51ad9d1ee527b1b837ade96a0cf77752388518b6032e1938f49bb50	8143	8351	7	ВРЕМЕНИ МАЛО	substantive	0	0	
baitaq-0097	baitaq	4db69e9db51ad9d1ee527b1b837ade96a0cf77752388518b6032e1938f49bb50	8352	8448	7	ВРЕМЕНИ МАЛО	substantive	0	0	
baitaq-0098	baitaq	4db69e9db51ad9d1ee527b1b837ade96a0cf77752388518b6032e1938f49bb50	8449	8570	7	ВРЕМЕНИ МАЛО	substantive	0	0	
baitaq-0099	baitaq	4db69e9db51ad9d1ee527b1b837ade96a0cf77752388518b6032e1938f49bb50	8571	8611	7	ВРЕМЕНИ МАЛО	substantive	0	0	
baitaq-0100	baitaq	4db69e9db51ad9d1ee527b1b837ade96a0cf77752388518b6032e1938f49bb50	8612	8671	7	ВРЕМЕНИ МАЛО	substantive	0	0	
baitaq-0101	baitaq	4db69e9db51ad9d1ee527b1b837ade96a0cf77752388518b6032e1938f49bb50	8672	8776	7	ВРЕМЕНИ МАЛО	substantive	0	0	
baitaq-0102	baitaq	4db69e9db51ad9d1ee527b1b837ade96a0cf77752388518b6032e1938f49bb50	8777	8935	7	ВРЕМЕНИ МАЛО	substantive	0	0	
baitaq-0103	baitaq	4db69e9db51ad9d1ee527b1b837ade96a0cf77752388518b6032e1938f49bb50	8936	8999	7	ВРЕМЕНИ МАЛО	substantive	0	0	
baitaq-0104	baitaq	4db69e9db51ad9d1ee527b1b837ade96a0cf77752388518b6032e1938f49bb50	9000	9028	7	ВРЕМЕНИ МАЛО	substantive	0	0	
baitaq-0105	baitaq	4db69e9db51ad9d1ee527b1b837ade96a0cf77752388518b6032e1938f49bb50	9029	9069	7	ВРЕМЕНИ МАЛО	substantive	0	0	
baitaq-0106	baitaq	4db69e9db51ad9d1ee527b1b837ade96a0cf77752388518b6032e1938f49bb50	9070	9122	7	ВРЕМЕНИ МАЛО	substantive	1	0	
baitaq-0107	baitaq	4db69e9db51ad9d1ee527b1b837ade96a0cf77752388518b6032e1938f49bb50	9123	9180	7	ВРЕМЕНИ МАЛО	substantive	0	0	
baitaq-0108	baitaq	4db69e9db51ad9d1ee527b1b837ade96a0cf77752388518b6032e1938f49bb50	9181	9265	7	ВРЕМЕНИ МАЛО	substantive	0	0	
baitaq-0109	baitaq	4db69e9db51ad9d1ee527b1b837ade96a0cf77752388518b6032e1938f49bb50	9266	9301	7	ВРЕМЕНИ МАЛО	substantive	0	0	
baitaq-0110	baitaq	4db69e9db51ad9d1ee527b1b837ade96a0cf77752388518b6032e1938f49bb50	9325	9384	7	ВРЕМЕНИ МАЛО	substantive	0	0	
baitaq-0111	baitaq	4db69e9db51ad9d1ee527b1b837ade96a0cf77752388518b6032e1938f49bb50	9385	9501	7	ВРЕМЕНИ МАЛО	substantive	1	0	
baitaq-0112	baitaq	4db69e9db51ad9d1ee527b1b837ade96a0cf77752388518b6032e1938f49bb50	9502	9587	8	ВРЕМЕНИ МАЛО	substantive	0	0	
baitaq-0113	baitaq	4db69e9db51ad9d1ee527b1b837ade96a0cf77752388518b6032e1938f49bb50	9588	9668	8	ВРЕМЕНИ МАЛО	substantive	1	0	
baitaq-0114	baitaq	4db69e9db51ad9d1ee527b1b837ade96a0cf77752388518b6032e1938f49bb50	9669	9710	8	ВРЕМЕНИ МАЛО	substantive	0	0	
baitaq-0115	baitaq	4db69e9db51ad9d1ee527b1b837ade96a0cf77752388518b6032e1938f49bb50	9711	9808	8	ВРЕМЕНИ МАЛО	substantive	0	0	
baitaq-0116	baitaq	4db69e9db51ad9d1ee527b1b837ade96a0cf77752388518b6032e1938f49bb50	9809	9876	8	ВРЕМЕНИ МАЛО	substantive	0	0	
baitaq-0117	baitaq	4db69e9db51ad9d1ee527b1b837ade96a0cf77752388518b6032e1938f49bb50	9877	9933	8	ВРЕМЕНИ МАЛО	substantive	0	0	
baitaq-0118	baitaq	4db69e9db51ad9d1ee527b1b837ade96a0cf77752388518b6032e1938f49bb50	9934	10015	8	ВРЕМЕНИ МАЛО	substantive	0	0	
baitaq-0119	baitaq	4db69e9db51ad9d1ee527b1b837ade96a0cf77752388518b6032e1938f49bb50	10016	10170	8	ВРЕМЕНИ МАЛО	substantive	0	0	
baitaq-0120	baitaq	4db69e9db51ad9d1ee527b1b837ade96a0cf77752388518b6032e1938f49bb50	10171	10197	8	II. СПРАВЕДЛИВАЯ ЭКОНОМИКА	structural	0	0	
baitaq-0121	baitaq	4db69e9db51ad9d1ee527b1b837ade96a0cf77752388518b6032e1938f49bb50	10198	10256	8	II. СПРАВЕДЛИВАЯ ЭКОНОМИКА	substantive	0	0	
baitaq-0122	baitaq	4db69e9db51ad9d1ee527b1b837ade96a0cf77752388518b6032e1938f49bb50	10257	10290	8	II. СПРАВЕДЛИВАЯ ЭКОНОМИКА	substantive	0	0	
baitaq-0123	baitaq	4db69e9db51ad9d1ee527b1b837ade96a0cf77752388518b6032e1938f49bb50	10291	10354	8	II. СПРАВЕДЛИВАЯ ЭКОНОМИКА	substantive	0	0	
baitaq-0124	baitaq	4db69e9db51ad9d1ee527b1b837ade96a0cf77752388518b6032e1938f49bb50	10355	10394	8	II. СПРАВЕДЛИВАЯ ЭКОНОМИКА	substantive	0	0	
baitaq-0125	baitaq	4db69e9db51ad9d1ee527b1b837ade96a0cf77752388518b6032e1938f49bb50	10395	10459	8	II. СПРАВЕДЛИВАЯ ЭКОНОМИКА	substantive	0	0	
baitaq-0126	baitaq	4db69e9db51ad9d1ee527b1b837ade96a0cf77752388518b6032e1938f49bb50	10460	10591	8	II. СПРАВЕДЛИВАЯ ЭКОНОМИКА	substantive	0	0	
baitaq-0127	baitaq	4db69e9db51ad9d1ee527b1b837ade96a0cf77752388518b6032e1938f49bb50	10592	10638	8	II. СПРАВЕДЛИВАЯ ЭКОНОМИКА	substantive	0	0	
baitaq-0128	baitaq	4db69e9db51ad9d1ee527b1b837ade96a0cf77752388518b6032e1938f49bb50	10639	10706	8	II. СПРАВЕДЛИВАЯ ЭКОНОМИКА	substantive	0	0	
baitaq-0129	baitaq	4db69e9db51ad9d1ee527b1b837ade96a0cf77752388518b6032e1938f49bb50	10707	10747	8	II. СПРАВЕДЛИВАЯ ЭКОНОМИКА	substantive	1	0	
baitaq-0130	baitaq	4db69e9db51ad9d1ee527b1b837ade96a0cf77752388518b6032e1938f49bb50	10748	10787	8	II. СПРАВЕДЛИВАЯ ЭКОНОМИКА	substantive	0	0	
baitaq-0131	baitaq	4db69e9db51ad9d1ee527b1b837ade96a0cf77752388518b6032e1938f49bb50	10788	10828	8	II. СПРАВЕДЛИВАЯ ЭКОНОМИКА	substantive	0	0	
baitaq-0132	baitaq	4db69e9db51ad9d1ee527b1b837ade96a0cf77752388518b6032e1938f49bb50	10829	10896	8	II. СПРАВЕДЛИВАЯ ЭКОНОМИКА	substantive	0	0	
baitaq-0133	baitaq	4db69e9db51ad9d1ee527b1b837ade96a0cf77752388518b6032e1938f49bb50	10897	10959	8	II. СПРАВЕДЛИВАЯ ЭКОНОМИКА	substantive	0	0	
baitaq-0134	baitaq	4db69e9db51ad9d1ee527b1b837ade96a0cf77752388518b6032e1938f49bb50	10960	11073	9	II. СПРАВЕДЛИВАЯ ЭКОНОМИКА	substantive	0	0	
baitaq-0135	baitaq	4db69e9db51ad9d1ee527b1b837ade96a0cf77752388518b6032e1938f49bb50	11074	11146	9	II. СПРАВЕДЛИВАЯ ЭКОНОМИКА	substantive	0	0	
baitaq-0136	baitaq	4db69e9db51ad9d1ee527b1b837ade96a0cf77752388518b6032e1938f49bb50	11147	11261	9	II. СПРАВЕДЛИВАЯ ЭКОНОМИКА	substantive	0	0	
baitaq-0137	baitaq	4db69e9db51ad9d1ee527b1b837ade96a0cf77752388518b6032e1938f49bb50	11262	11338	9	II. СПРАВЕДЛИВАЯ ЭКОНОМИКА	substantive	0	0	
baitaq-0138	baitaq	4db69e9db51ad9d1ee527b1b837ade96a0cf77752388518b6032e1938f49bb50	11339	11385	9	II. СПРАВЕДЛИВАЯ ЭКОНОМИКА	substantive	0	0	
baitaq-0139	baitaq	4db69e9db51ad9d1ee527b1b837ade96a0cf77752388518b6032e1938f49bb50	11386	11420	9	II. СПРАВЕДЛИВАЯ ЭКОНОМИКА	substantive	0	0	
baitaq-0140	baitaq	4db69e9db51ad9d1ee527b1b837ade96a0cf77752388518b6032e1938f49bb50	11421	11483	9	II. СПРАВЕДЛИВАЯ ЭКОНОМИКА	substantive	0	0	
baitaq-0141	baitaq	4db69e9db51ad9d1ee527b1b837ade96a0cf77752388518b6032e1938f49bb50	11484	11515	9	II. СПРАВЕДЛИВАЯ ЭКОНОМИКА	substantive	0	0	
baitaq-0142	baitaq	4db69e9db51ad9d1ee527b1b837ade96a0cf77752388518b6032e1938f49bb50	11516	11559	9	II. СПРАВЕДЛИВАЯ ЭКОНОМИКА	substantive	0	0	
baitaq-0143	baitaq	4db69e9db51ad9d1ee527b1b837ade96a0cf77752388518b6032e1938f49bb50	11560	11605	9	II. СПРАВЕДЛИВАЯ ЭКОНОМИКА	substantive	0	0	
baitaq-0144	baitaq	4db69e9db51ad9d1ee527b1b837ade96a0cf77752388518b6032e1938f49bb50	11606	11719	9	II. СПРАВЕДЛИВАЯ ЭКОНОМИКА	substantive	0	0	
baitaq-0145	baitaq	4db69e9db51ad9d1ee527b1b837ade96a0cf77752388518b6032e1938f49bb50	11720	11793	9	II. СПРАВЕДЛИВАЯ ЭКОНОМИКА	substantive	0	0	
baitaq-0146	baitaq	4db69e9db51ad9d1ee527b1b837ade96a0cf77752388518b6032e1938f49bb50	11794	11867	9	II. СПРАВЕДЛИВАЯ ЭКОНОМИКА	substantive	0	0	
baitaq-0147	baitaq	4db69e9db51ad9d1ee527b1b837ade96a0cf77752388518b6032e1938f49bb50	11868	11927	9	II. СПРАВЕДЛИВАЯ ЭКОНОМИКА	substantive	0	0	
baitaq-0148	baitaq	4db69e9db51ad9d1ee527b1b837ade96a0cf77752388518b6032e1938f49bb50	11928	11961	9	II. СПРАВЕДЛИВАЯ ЭКОНОМИКА	substantive	0	0	
baitaq-0149	baitaq	4db69e9db51ad9d1ee527b1b837ade96a0cf77752388518b6032e1938f49bb50	11962	12024	9	II. СПРАВЕДЛИВАЯ ЭКОНОМИКА	substantive	0	0	
baitaq-0150	baitaq	4db69e9db51ad9d1ee527b1b837ade96a0cf77752388518b6032e1938f49bb50	12025	12107	9	II. СПРАВЕДЛИВАЯ ЭКОНОМИКА	substantive	0	0	
baitaq-0151	baitaq	4db69e9db51ad9d1ee527b1b837ade96a0cf77752388518b6032e1938f49bb50	12108	12171	9	II. СПРАВЕДЛИВАЯ ЭКОНОМИКА	substantive	0	0	
baitaq-0152	baitaq	4db69e9db51ad9d1ee527b1b837ade96a0cf77752388518b6032e1938f49bb50	12172	12217	9	II. СПРАВЕДЛИВАЯ ЭКОНОМИКА	substantive	0	0	
baitaq-0153	baitaq	4db69e9db51ad9d1ee527b1b837ade96a0cf77752388518b6032e1938f49bb50	12218	12284	9	II. СПРАВЕДЛИВАЯ ЭКОНОМИКА	substantive	0	0	
baitaq-0154	baitaq	4db69e9db51ad9d1ee527b1b837ade96a0cf77752388518b6032e1938f49bb50	12285	12395	9	II. СПРАВЕДЛИВАЯ ЭКОНОМИКА	substantive	1	0	
baitaq-0155	baitaq	4db69e9db51ad9d1ee527b1b837ade96a0cf77752388518b6032e1938f49bb50	12396	12512	9	II. СПРАВЕДЛИВАЯ ЭКОНОМИКА	substantive	1	1	
baitaq-0156	baitaq	4db69e9db51ad9d1ee527b1b837ade96a0cf77752388518b6032e1938f49bb50	12513	12568	9	II. СПРАВЕДЛИВАЯ ЭКОНОМИКА	substantive	0	0	
baitaq-0157	baitaq	4db69e9db51ad9d1ee527b1b837ade96a0cf77752388518b6032e1938f49bb50	12569	12766	9	II. СПРАВЕДЛИВАЯ ЭКОНОМИКА	substantive	1	0	
baitaq-0158	baitaq	4db69e9db51ad9d1ee527b1b837ade96a0cf77752388518b6032e1938f49bb50	12767	12818	9	II. СПРАВЕДЛИВАЯ ЭКОНОМИКА	substantive	0	0	
baitaq-0159	baitaq	4db69e9db51ad9d1ee527b1b837ade96a0cf77752388518b6032e1938f49bb50	12819	12975	9	II. СПРАВЕДЛИВАЯ ЭКОНОМИКА	substantive	0	0	
baitaq-0160	baitaq	4db69e9db51ad9d1ee527b1b837ade96a0cf77752388518b6032e1938f49bb50	12976	13106	10	II. СПРАВЕДЛИВАЯ ЭКОНОМИКА	substantive	0	0	
baitaq-0161	baitaq	4db69e9db51ad9d1ee527b1b837ade96a0cf77752388518b6032e1938f49bb50	13107	13203	10	II. СПРАВЕДЛИВАЯ ЭКОНОМИКА	substantive	0	0	
baitaq-0162	baitaq	4db69e9db51ad9d1ee527b1b837ade96a0cf77752388518b6032e1938f49bb50	13204	13332	10	II. СПРАВЕДЛИВАЯ ЭКОНОМИКА	substantive	1	0	
baitaq-0163	baitaq	4db69e9db51ad9d1ee527b1b837ade96a0cf77752388518b6032e1938f49bb50	13333	13521	10	II. СПРАВЕДЛИВАЯ ЭКОНОМИКА	substantive	0	0	
baitaq-0164	baitaq	4db69e9db51ad9d1ee527b1b837ade96a0cf77752388518b6032e1938f49bb50	13522	13581	10	II. СПРАВЕДЛИВАЯ ЭКОНОМИКА	substantive	0	0	
baitaq-0165	baitaq	4db69e9db51ad9d1ee527b1b837ade96a0cf77752388518b6032e1938f49bb50	13582	13770	10	II. СПРАВЕДЛИВАЯ ЭКОНОМИКА	substantive	0	0	
baitaq-0166	baitaq	4db69e9db51ad9d1ee527b1b837ade96a0cf77752388518b6032e1938f49bb50	13771	13859	10	II. СПРАВЕДЛИВАЯ ЭКОНОМИКА	substantive	0	0	
baitaq-0167	baitaq	4db69e9db51ad9d1ee527b1b837ade96a0cf77752388518b6032e1938f49bb50	13860	13938	10	II. СПРАВЕДЛИВАЯ ЭКОНОМИКА	substantive	1	0	
baitaq-0168	baitaq	4db69e9db51ad9d1ee527b1b837ade96a0cf77752388518b6032e1938f49bb50	13939	13995	10	II. СПРАВЕДЛИВАЯ ЭКОНОМИКА	substantive	1	0	
baitaq-0169	baitaq	4db69e9db51ad9d1ee527b1b837ade96a0cf77752388518b6032e1938f49bb50	13996	14112	10	II. СПРАВЕДЛИВАЯ ЭКОНОМИКА	substantive	1	0	
baitaq-0170	baitaq	4db69e9db51ad9d1ee527b1b837ade96a0cf77752388518b6032e1938f49bb50	14113	14168	10	II. СПРАВЕДЛИВАЯ ЭКОНОМИКА	substantive	1	0	
baitaq-0171	baitaq	4db69e9db51ad9d1ee527b1b837ade96a0cf77752388518b6032e1938f49bb50	14169	14270	10	II. СПРАВЕДЛИВАЯ ЭКОНОМИКА	substantive	0	0	
baitaq-0172	baitaq	4db69e9db51ad9d1ee527b1b837ade96a0cf77752388518b6032e1938f49bb50	14271	14330	10	II. СПРАВЕДЛИВАЯ ЭКОНОМИКА	substantive	0	0	
baitaq-0173	baitaq	4db69e9db51ad9d1ee527b1b837ade96a0cf77752388518b6032e1938f49bb50	14331	14375	10	II. СПРАВЕДЛИВАЯ ЭКОНОМИКА	substantive	0	0	
baitaq-0174	baitaq	4db69e9db51ad9d1ee527b1b837ade96a0cf77752388518b6032e1938f49bb50	14376	14456	10	II. СПРАВЕДЛИВАЯ ЭКОНОМИКА	substantive	1	0	
baitaq-0175	baitaq	4db69e9db51ad9d1ee527b1b837ade96a0cf77752388518b6032e1938f49bb50	14457	14515	10	II. СПРАВЕДЛИВАЯ ЭКОНОМИКА	substantive	1	0	
baitaq-0176	baitaq	4db69e9db51ad9d1ee527b1b837ade96a0cf77752388518b6032e1938f49bb50	14516	14601	10	II. СПРАВЕДЛИВАЯ ЭКОНОМИКА	substantive	0	0	
baitaq-0177	baitaq	4db69e9db51ad9d1ee527b1b837ade96a0cf77752388518b6032e1938f49bb50	14602	14703	10	II. СПРАВЕДЛИВАЯ ЭКОНОМИКА	substantive	0	0	
baitaq-0178	baitaq	4db69e9db51ad9d1ee527b1b837ade96a0cf77752388518b6032e1938f49bb50	14704	14792	11	II. СПРАВЕДЛИВАЯ ЭКОНОМИКА	substantive	1	0	
baitaq-0179	baitaq	4db69e9db51ad9d1ee527b1b837ade96a0cf77752388518b6032e1938f49bb50	14808	14837	11	II. СПРАВЕДЛИВАЯ ЭКОНОМИКА	substantive	0	0	
baitaq-0180	baitaq	4db69e9db51ad9d1ee527b1b837ade96a0cf77752388518b6032e1938f49bb50	14838	15093	11	II. СПРАВЕДЛИВАЯ ЭКОНОМИКА	substantive	0	0	
baitaq-0181	baitaq	4db69e9db51ad9d1ee527b1b837ade96a0cf77752388518b6032e1938f49bb50	15094	15131	11	II. СПРАВЕДЛИВАЯ ЭКОНОМИКА	substantive	0	0	
baitaq-0182	baitaq	4db69e9db51ad9d1ee527b1b837ade96a0cf77752388518b6032e1938f49bb50	15132	15317	11	II. СПРАВЕДЛИВАЯ ЭКОНОМИКА	substantive	0	0	
baitaq-0183	baitaq	4db69e9db51ad9d1ee527b1b837ade96a0cf77752388518b6032e1938f49bb50	15318	15344	11	II. СПРАВЕДЛИВАЯ ЭКОНОМИКА	substantive	0	0	
baitaq-0184	baitaq	4db69e9db51ad9d1ee527b1b837ade96a0cf77752388518b6032e1938f49bb50	15345	15391	11	II. СПРАВЕДЛИВАЯ ЭКОНОМИКА	substantive	0	0	
baitaq-0185	baitaq	4db69e9db51ad9d1ee527b1b837ade96a0cf77752388518b6032e1938f49bb50	15392	15450	11	II. СПРАВЕДЛИВАЯ ЭКОНОМИКА	substantive	0	0	
baitaq-0186	baitaq	4db69e9db51ad9d1ee527b1b837ade96a0cf77752388518b6032e1938f49bb50	15451	15555	11	II. СПРАВЕДЛИВАЯ ЭКОНОМИКА	substantive	0	0	
baitaq-0187	baitaq	4db69e9db51ad9d1ee527b1b837ade96a0cf77752388518b6032e1938f49bb50	15556	15638	11	II. СПРАВЕДЛИВАЯ ЭКОНОМИКА	substantive	0	0	
baitaq-0188	baitaq	4db69e9db51ad9d1ee527b1b837ade96a0cf77752388518b6032e1938f49bb50	15639	15761	11	II. СПРАВЕДЛИВАЯ ЭКОНОМИКА	substantive	0	0	
baitaq-0189	baitaq	4db69e9db51ad9d1ee527b1b837ade96a0cf77752388518b6032e1938f49bb50	15762	15866	11	II. СПРАВЕДЛИВАЯ ЭКОНОМИКА	substantive	0	0	
baitaq-0190	baitaq	4db69e9db51ad9d1ee527b1b837ade96a0cf77752388518b6032e1938f49bb50	15867	15933	11	II. СПРАВЕДЛИВАЯ ЭКОНОМИКА	substantive	0	0	
baitaq-0191	baitaq	4db69e9db51ad9d1ee527b1b837ade96a0cf77752388518b6032e1938f49bb50	15949	16097	11	II. СПРАВЕДЛИВАЯ ЭКОНОМИКА	substantive	0	0	
baitaq-0192	baitaq	4db69e9db51ad9d1ee527b1b837ade96a0cf77752388518b6032e1938f49bb50	16098	16178	11	II. СПРАВЕДЛИВАЯ ЭКОНОМИКА	substantive	0	0	
baitaq-0193	baitaq	4db69e9db51ad9d1ee527b1b837ade96a0cf77752388518b6032e1938f49bb50	16179	16243	11	II. СПРАВЕДЛИВАЯ ЭКОНОМИКА	substantive	0	0	
baitaq-0194	baitaq	4db69e9db51ad9d1ee527b1b837ade96a0cf77752388518b6032e1938f49bb50	16244	16339	11	II. СПРАВЕДЛИВАЯ ЭКОНОМИКА	substantive	1	0	
baitaq-0195	baitaq	4db69e9db51ad9d1ee527b1b837ade96a0cf77752388518b6032e1938f49bb50	16348	16457	11	II. СПРАВЕДЛИВАЯ ЭКОНОМИКА	substantive	1	0	
baitaq-0196	baitaq	4db69e9db51ad9d1ee527b1b837ade96a0cf77752388518b6032e1938f49bb50	16477	16527	12	II. СПРАВЕДЛИВАЯ ЭКОНОМИКА	substantive	0	0	
baitaq-0197	baitaq	4db69e9db51ad9d1ee527b1b837ade96a0cf77752388518b6032e1938f49bb50	16528	16564	12	II. СПРАВЕДЛИВАЯ ЭКОНОМИКА	substantive	0	0	
baitaq-0198	baitaq	4db69e9db51ad9d1ee527b1b837ade96a0cf77752388518b6032e1938f49bb50	16565	16700	12	II. СПРАВЕДЛИВАЯ ЭКОНОМИКА	substantive	0	0	
baitaq-0199	baitaq	4db69e9db51ad9d1ee527b1b837ade96a0cf77752388518b6032e1938f49bb50	16701	16759	12	II. СПРАВЕДЛИВАЯ ЭКОНОМИКА	substantive	0	0	
baitaq-0200	baitaq	4db69e9db51ad9d1ee527b1b837ade96a0cf77752388518b6032e1938f49bb50	16760	16839	12	II. СПРАВЕДЛИВАЯ ЭКОНОМИКА	substantive	1	0	
baitaq-0201	baitaq	4db69e9db51ad9d1ee527b1b837ade96a0cf77752388518b6032e1938f49bb50	16840	16995	12	II. СПРАВЕДЛИВАЯ ЭКОНОМИКА	substantive	0	0	
baitaq-0202	baitaq	4db69e9db51ad9d1ee527b1b837ade96a0cf77752388518b6032e1938f49bb50	16996	17061	12	II. СПРАВЕДЛИВАЯ ЭКОНОМИКА	substantive	0	0	
baitaq-0203	baitaq	4db69e9db51ad9d1ee527b1b837ade96a0cf77752388518b6032e1938f49bb50	17062	17124	12	II. СПРАВЕДЛИВАЯ ЭКОНОМИКА	substantive	0	0	
baitaq-0204	baitaq	4db69e9db51ad9d1ee527b1b837ade96a0cf77752388518b6032e1938f49bb50	17125	17208	12	II. СПРАВЕДЛИВАЯ ЭКОНОМИКА	substantive	0	0	
baitaq-0205	baitaq	4db69e9db51ad9d1ee527b1b837ade96a0cf77752388518b6032e1938f49bb50	17209	17302	12	II. СПРАВЕДЛИВАЯ ЭКОНОМИКА	substantive	0	0	
baitaq-0206	baitaq	4db69e9db51ad9d1ee527b1b837ade96a0cf77752388518b6032e1938f49bb50	17303	17390	12	II. СПРАВЕДЛИВАЯ ЭКОНОМИКА	substantive	0	0	
baitaq-0207	baitaq	4db69e9db51ad9d1ee527b1b837ade96a0cf77752388518b6032e1938f49bb50	17391	17455	12	II. СПРАВЕДЛИВАЯ ЭКОНОМИКА	substantive	0	0	
baitaq-0208	baitaq	4db69e9db51ad9d1ee527b1b837ade96a0cf77752388518b6032e1938f49bb50	17456	17538	12	II. СПРАВЕДЛИВАЯ ЭКОНОМИКА	substantive	0	0	
baitaq-0209	baitaq	4db69e9db51ad9d1ee527b1b837ade96a0cf77752388518b6032e1938f49bb50	17539	17652	12	II. СПРАВЕДЛИВАЯ ЭКОНОМИКА	substantive	0	0	
baitaq-0210	baitaq	4db69e9db51ad9d1ee527b1b837ade96a0cf77752388518b6032e1938f49bb50	17653	17793	12	II. СПРАВЕДЛИВАЯ ЭКОНОМИКА	substantive	0	0	
baitaq-0211	baitaq	4db69e9db51ad9d1ee527b1b837ade96a0cf77752388518b6032e1938f49bb50	17794	17944	12	II. СПРАВЕДЛИВАЯ ЭКОНОМИКА	substantive	0	0	
baitaq-0212	baitaq	4db69e9db51ad9d1ee527b1b837ade96a0cf77752388518b6032e1938f49bb50	17945	17965	13	III. ДОСТОЙНАЯ ЖИЗНЬ	structural	0	0	
baitaq-0213	baitaq	4db69e9db51ad9d1ee527b1b837ade96a0cf77752388518b6032e1938f49bb50	17966	18063	13	III. ДОСТОЙНАЯ ЖИЗНЬ	substantive	0	0	
baitaq-0214	baitaq	4db69e9db51ad9d1ee527b1b837ade96a0cf77752388518b6032e1938f49bb50	18064	18140	13	III. ДОСТОЙНАЯ ЖИЗНЬ	substantive	0	0	
baitaq-0215	baitaq	4db69e9db51ad9d1ee527b1b837ade96a0cf77752388518b6032e1938f49bb50	18141	18169	13	III. ДОСТОЙНАЯ ЖИЗНЬ	substantive	0	0	
baitaq-0216	baitaq	4db69e9db51ad9d1ee527b1b837ade96a0cf77752388518b6032e1938f49bb50	18170	18206	13	III. ДОСТОЙНАЯ ЖИЗНЬ	substantive	0	0	
baitaq-0217	baitaq	4db69e9db51ad9d1ee527b1b837ade96a0cf77752388518b6032e1938f49bb50	18207	18272	13	III. ДОСТОЙНАЯ ЖИЗНЬ	substantive	0	0	
baitaq-0218	baitaq	4db69e9db51ad9d1ee527b1b837ade96a0cf77752388518b6032e1938f49bb50	18273	18372	13	III. ДОСТОЙНАЯ ЖИЗНЬ	substantive	0	0	
baitaq-0219	baitaq	4db69e9db51ad9d1ee527b1b837ade96a0cf77752388518b6032e1938f49bb50	18373	18426	13	III. ДОСТОЙНАЯ ЖИЗНЬ	substantive	1	0	
baitaq-0220	baitaq	4db69e9db51ad9d1ee527b1b837ade96a0cf77752388518b6032e1938f49bb50	18427	18459	13	III. ДОСТОЙНАЯ ЖИЗНЬ	substantive	0	0	
baitaq-0221	baitaq	4db69e9db51ad9d1ee527b1b837ade96a0cf77752388518b6032e1938f49bb50	18460	18545	13	III. ДОСТОЙНАЯ ЖИЗНЬ	substantive	0	0	
baitaq-0222	baitaq	4db69e9db51ad9d1ee527b1b837ade96a0cf77752388518b6032e1938f49bb50	18546	18667	13	III. ДОСТОЙНАЯ ЖИЗНЬ	substantive	1	0	
baitaq-0223	baitaq	4db69e9db51ad9d1ee527b1b837ade96a0cf77752388518b6032e1938f49bb50	18668	18703	13	III. ДОСТОЙНАЯ ЖИЗНЬ	substantive	1	0	
baitaq-0224	baitaq	4db69e9db51ad9d1ee527b1b837ade96a0cf77752388518b6032e1938f49bb50	18704	18844	13	III. ДОСТОЙНАЯ ЖИЗНЬ	substantive	0	0	
baitaq-0225	baitaq	4db69e9db51ad9d1ee527b1b837ade96a0cf77752388518b6032e1938f49bb50	18845	18882	13	III. ДОСТОЙНАЯ ЖИЗНЬ	substantive	1	0	
baitaq-0226	baitaq	4db69e9db51ad9d1ee527b1b837ade96a0cf77752388518b6032e1938f49bb50	18883	18966	13	III. ДОСТОЙНАЯ ЖИЗНЬ	substantive	1	0	
baitaq-0227	baitaq	4db69e9db51ad9d1ee527b1b837ade96a0cf77752388518b6032e1938f49bb50	18967	19025	13	III. ДОСТОЙНАЯ ЖИЗНЬ	substantive	1	0	
baitaq-0228	baitaq	4db69e9db51ad9d1ee527b1b837ade96a0cf77752388518b6032e1938f49bb50	19026	19089	13	III. ДОСТОЙНАЯ ЖИЗНЬ	substantive	1	0	
baitaq-0229	baitaq	4db69e9db51ad9d1ee527b1b837ade96a0cf77752388518b6032e1938f49bb50	19090	19142	13	III. ДОСТОЙНАЯ ЖИЗНЬ	substantive	0	0	
baitaq-0230	baitaq	4db69e9db51ad9d1ee527b1b837ade96a0cf77752388518b6032e1938f49bb50	19143	19292	13	III. ДОСТОЙНАЯ ЖИЗНЬ	substantive	1	0	
baitaq-0231	baitaq	4db69e9db51ad9d1ee527b1b837ade96a0cf77752388518b6032e1938f49bb50	19293	19337	13	III. ДОСТОЙНАЯ ЖИЗНЬ	substantive	0	0	
baitaq-0232	baitaq	4db69e9db51ad9d1ee527b1b837ade96a0cf77752388518b6032e1938f49bb50	19338	19450	13	III. ДОСТОЙНАЯ ЖИЗНЬ	substantive	0	0	
baitaq-0233	baitaq	4db69e9db51ad9d1ee527b1b837ade96a0cf77752388518b6032e1938f49bb50	19451	19628	13	III. ДОСТОЙНАЯ ЖИЗНЬ	substantive	1	0	
baitaq-0234	baitaq	4db69e9db51ad9d1ee527b1b837ade96a0cf77752388518b6032e1938f49bb50	19629	19787	13	III. ДОСТОЙНАЯ ЖИЗНЬ	substantive	0	0	
baitaq-0235	baitaq	4db69e9db51ad9d1ee527b1b837ade96a0cf77752388518b6032e1938f49bb50	19788	19910	13	III. ДОСТОЙНАЯ ЖИЗНЬ	substantive	0	0	
baitaq-0236	baitaq	4db69e9db51ad9d1ee527b1b837ade96a0cf77752388518b6032e1938f49bb50	19911	19995	14	III. ДОСТОЙНАЯ ЖИЗНЬ	substantive	0	0	
baitaq-0237	baitaq	4db69e9db51ad9d1ee527b1b837ade96a0cf77752388518b6032e1938f49bb50	19996	20121	14	III. ДОСТОЙНАЯ ЖИЗНЬ	substantive	0	0	
baitaq-0238	baitaq	4db69e9db51ad9d1ee527b1b837ade96a0cf77752388518b6032e1938f49bb50	20122	20235	14	III. ДОСТОЙНАЯ ЖИЗНЬ	substantive	0	0	
baitaq-0239	baitaq	4db69e9db51ad9d1ee527b1b837ade96a0cf77752388518b6032e1938f49bb50	20236	20348	14	III. ДОСТОЙНАЯ ЖИЗНЬ	substantive	0	0	
baitaq-0240	baitaq	4db69e9db51ad9d1ee527b1b837ade96a0cf77752388518b6032e1938f49bb50	20349	20511	14	III. ДОСТОЙНАЯ ЖИЗНЬ	substantive	0	0	
baitaq-0241	baitaq	4db69e9db51ad9d1ee527b1b837ade96a0cf77752388518b6032e1938f49bb50	20512	20611	14	III. ДОСТОЙНАЯ ЖИЗНЬ	substantive	0	0	
baitaq-0242	baitaq	4db69e9db51ad9d1ee527b1b837ade96a0cf77752388518b6032e1938f49bb50	20612	20750	14	III. ДОСТОЙНАЯ ЖИЗНЬ	substantive	0	0	
baitaq-0243	baitaq	4db69e9db51ad9d1ee527b1b837ade96a0cf77752388518b6032e1938f49bb50	20751	20849	14	III. ДОСТОЙНАЯ ЖИЗНЬ	substantive	0	0	
baitaq-0244	baitaq	4db69e9db51ad9d1ee527b1b837ade96a0cf77752388518b6032e1938f49bb50	20850	20961	14	III. ДОСТОЙНАЯ ЖИЗНЬ	substantive	0	0	
baitaq-0245	baitaq	4db69e9db51ad9d1ee527b1b837ade96a0cf77752388518b6032e1938f49bb50	20962	21102	14	III. ДОСТОЙНАЯ ЖИЗНЬ	substantive	0	0	
baitaq-0246	baitaq	4db69e9db51ad9d1ee527b1b837ade96a0cf77752388518b6032e1938f49bb50	21103	21219	14	III. ДОСТОЙНАЯ ЖИЗНЬ	substantive	0	0	
baitaq-0247	baitaq	4db69e9db51ad9d1ee527b1b837ade96a0cf77752388518b6032e1938f49bb50	21220	21348	14	III. ДОСТОЙНАЯ ЖИЗНЬ	substantive	0	0	
baitaq-0248	baitaq	4db69e9db51ad9d1ee527b1b837ade96a0cf77752388518b6032e1938f49bb50	21349	21401	14	III. ДОСТОЙНАЯ ЖИЗНЬ	substantive	0	0	
baitaq-0249	baitaq	4db69e9db51ad9d1ee527b1b837ade96a0cf77752388518b6032e1938f49bb50	21425	21496	14	III. ДОСТОЙНАЯ ЖИЗНЬ	substantive	0	0	
baitaq-0250	baitaq	4db69e9db51ad9d1ee527b1b837ade96a0cf77752388518b6032e1938f49bb50	21497	21597	15	III. ДОСТОЙНАЯ ЖИЗНЬ	substantive	0	0	
baitaq-0251	baitaq	4db69e9db51ad9d1ee527b1b837ade96a0cf77752388518b6032e1938f49bb50	21598	21667	15	III. ДОСТОЙНАЯ ЖИЗНЬ	substantive	0	0	
baitaq-0252	baitaq	4db69e9db51ad9d1ee527b1b837ade96a0cf77752388518b6032e1938f49bb50	21668	21774	15	III. ДОСТОЙНАЯ ЖИЗНЬ	substantive	0	0	
baitaq-0253	baitaq	4db69e9db51ad9d1ee527b1b837ade96a0cf77752388518b6032e1938f49bb50	21775	21828	15	III. ДОСТОЙНАЯ ЖИЗНЬ	substantive	0	0	
baitaq-0254	baitaq	4db69e9db51ad9d1ee527b1b837ade96a0cf77752388518b6032e1938f49bb50	21829	21918	15	III. ДОСТОЙНАЯ ЖИЗНЬ	substantive	0	0	
baitaq-0255	baitaq	4db69e9db51ad9d1ee527b1b837ade96a0cf77752388518b6032e1938f49bb50	21919	22104	15	III. ДОСТОЙНАЯ ЖИЗНЬ	substantive	0	0	
baitaq-0256	baitaq	4db69e9db51ad9d1ee527b1b837ade96a0cf77752388518b6032e1938f49bb50	22105	22199	15	III. ДОСТОЙНАЯ ЖИЗНЬ	substantive	0	0	
baitaq-0257	baitaq	4db69e9db51ad9d1ee527b1b837ade96a0cf77752388518b6032e1938f49bb50	22200	22301	15	III. ДОСТОЙНАЯ ЖИЗНЬ	substantive	0	0	
baitaq-0258	baitaq	4db69e9db51ad9d1ee527b1b837ade96a0cf77752388518b6032e1938f49bb50	22302	22344	15	III. ДОСТОЙНАЯ ЖИЗНЬ	substantive	0	0	
baitaq-0259	baitaq	4db69e9db51ad9d1ee527b1b837ade96a0cf77752388518b6032e1938f49bb50	22345	22567	15	III. ДОСТОЙНАЯ ЖИЗНЬ	substantive	0	0	
baitaq-0260	baitaq	4db69e9db51ad9d1ee527b1b837ade96a0cf77752388518b6032e1938f49bb50	22568	22687	15	III. ДОСТОЙНАЯ ЖИЗНЬ	substantive	0	0	
baitaq-0261	baitaq	4db69e9db51ad9d1ee527b1b837ade96a0cf77752388518b6032e1938f49bb50	22688	22910	15	III. ДОСТОЙНАЯ ЖИЗНЬ	substantive	0	0	
baitaq-0262	baitaq	4db69e9db51ad9d1ee527b1b837ade96a0cf77752388518b6032e1938f49bb50	22911	23064	15	III. ДОСТОЙНАЯ ЖИЗНЬ	substantive	0	0	
baitaq-0263	baitaq	4db69e9db51ad9d1ee527b1b837ade96a0cf77752388518b6032e1938f49bb50	23065	23179	15	III. ДОСТОЙНАЯ ЖИЗНЬ	substantive	0	0	
baitaq-0264	baitaq	4db69e9db51ad9d1ee527b1b837ade96a0cf77752388518b6032e1938f49bb50	23180	23235	16	III. ДОСТОЙНАЯ ЖИЗНЬ	substantive	1	0	
baitaq-0265	baitaq	4db69e9db51ad9d1ee527b1b837ade96a0cf77752388518b6032e1938f49bb50	23236	23290	16	III. ДОСТОЙНАЯ ЖИЗНЬ	substantive	1	0	
baitaq-0266	baitaq	4db69e9db51ad9d1ee527b1b837ade96a0cf77752388518b6032e1938f49bb50	23291	23388	16	III. ДОСТОЙНАЯ ЖИЗНЬ	substantive	0	0	
baitaq-0267	baitaq	4db69e9db51ad9d1ee527b1b837ade96a0cf77752388518b6032e1938f49bb50	23389	23445	16	III. ДОСТОЙНАЯ ЖИЗНЬ	substantive	0	0	
baitaq-0268	baitaq	4db69e9db51ad9d1ee527b1b837ade96a0cf77752388518b6032e1938f49bb50	23446	23555	16	III. ДОСТОЙНАЯ ЖИЗНЬ	substantive	1	0	
baitaq-0269	baitaq	4db69e9db51ad9d1ee527b1b837ade96a0cf77752388518b6032e1938f49bb50	23556	23650	16	III. ДОСТОЙНАЯ ЖИЗНЬ	substantive	1	1	
baitaq-0270	baitaq	4db69e9db51ad9d1ee527b1b837ade96a0cf77752388518b6032e1938f49bb50	23651	23730	16	III. ДОСТОЙНАЯ ЖИЗНЬ	substantive	0	0	
baitaq-0271	baitaq	4db69e9db51ad9d1ee527b1b837ade96a0cf77752388518b6032e1938f49bb50	23731	23836	16	III. ДОСТОЙНАЯ ЖИЗНЬ	substantive	0	0	
baitaq-0272	baitaq	4db69e9db51ad9d1ee527b1b837ade96a0cf77752388518b6032e1938f49bb50	23837	23877	16	III. ДОСТОЙНАЯ ЖИЗНЬ	substantive	0	0	
baitaq-0273	baitaq	4db69e9db51ad9d1ee527b1b837ade96a0cf77752388518b6032e1938f49bb50	23878	23932	16	III. ДОСТОЙНАЯ ЖИЗНЬ	substantive	0	0	
baitaq-0274	baitaq	4db69e9db51ad9d1ee527b1b837ade96a0cf77752388518b6032e1938f49bb50	23933	23994	16	III. ДОСТОЙНАЯ ЖИЗНЬ	substantive	0	0	
baitaq-0275	baitaq	4db69e9db51ad9d1ee527b1b837ade96a0cf77752388518b6032e1938f49bb50	23995	24157	16	III. ДОСТОЙНАЯ ЖИЗНЬ	substantive	1	0	
baitaq-0276	baitaq	4db69e9db51ad9d1ee527b1b837ade96a0cf77752388518b6032e1938f49bb50	24158	24259	16	III. ДОСТОЙНАЯ ЖИЗНЬ	substantive	1	0	
baitaq-0277	baitaq	4db69e9db51ad9d1ee527b1b837ade96a0cf77752388518b6032e1938f49bb50	24260	24315	16	III. ДОСТОЙНАЯ ЖИЗНЬ	substantive	1	0	
baitaq-0278	baitaq	4db69e9db51ad9d1ee527b1b837ade96a0cf77752388518b6032e1938f49bb50	24316	24369	16	III. ДОСТОЙНАЯ ЖИЗНЬ	substantive	0	0	
baitaq-0279	baitaq	4db69e9db51ad9d1ee527b1b837ade96a0cf77752388518b6032e1938f49bb50	24370	24479	16	III. ДОСТОЙНАЯ ЖИЗНЬ	substantive	1	0	
baitaq-0280	baitaq	4db69e9db51ad9d1ee527b1b837ade96a0cf77752388518b6032e1938f49bb50	24480	24555	16	III. ДОСТОЙНАЯ ЖИЗНЬ	substantive	0	0	
baitaq-0281	baitaq	4db69e9db51ad9d1ee527b1b837ade96a0cf77752388518b6032e1938f49bb50	24556	24588	16	III. ДОСТОЙНАЯ ЖИЗНЬ	substantive	0	0	
baitaq-0282	baitaq	4db69e9db51ad9d1ee527b1b837ade96a0cf77752388518b6032e1938f49bb50	24589	24616	16	III. ДОСТОЙНАЯ ЖИЗНЬ	substantive	0	0	
baitaq-0283	baitaq	4db69e9db51ad9d1ee527b1b837ade96a0cf77752388518b6032e1938f49bb50	24617	24716	16	III. ДОСТОЙНАЯ ЖИЗНЬ	substantive	1	0	
baitaq-0284	baitaq	4db69e9db51ad9d1ee527b1b837ade96a0cf77752388518b6032e1938f49bb50	24717	24853	16	III. ДОСТОЙНАЯ ЖИЗНЬ	substantive	1	0	
baitaq-0285	baitaq	4db69e9db51ad9d1ee527b1b837ade96a0cf77752388518b6032e1938f49bb50	24857	24909	16	III. ДОСТОЙНАЯ ЖИЗНЬ	substantive	0	0	
baitaq-0286	baitaq	4db69e9db51ad9d1ee527b1b837ade96a0cf77752388518b6032e1938f49bb50	24910	25049	16	III. ДОСТОЙНАЯ ЖИЗНЬ	substantive	1	0	
baitaq-0287	baitaq	4db69e9db51ad9d1ee527b1b837ade96a0cf77752388518b6032e1938f49bb50	25050	25197	16	III. ДОСТОЙНАЯ ЖИЗНЬ	substantive	1	0	
baitaq-0288	baitaq	4db69e9db51ad9d1ee527b1b837ade96a0cf77752388518b6032e1938f49bb50	25198	25321	16	III. ДОСТОЙНАЯ ЖИЗНЬ	substantive	0	0	
baitaq-0289	baitaq	4db69e9db51ad9d1ee527b1b837ade96a0cf77752388518b6032e1938f49bb50	25322	25491	17	III. ДОСТОЙНАЯ ЖИЗНЬ	substantive	1	0	
baitaq-0290	baitaq	4db69e9db51ad9d1ee527b1b837ade96a0cf77752388518b6032e1938f49bb50	25492	25655	17	III. ДОСТОЙНАЯ ЖИЗНЬ	substantive	0	0	
baitaq-0291	baitaq	4db69e9db51ad9d1ee527b1b837ade96a0cf77752388518b6032e1938f49bb50	25656	25813	17	III. ДОСТОЙНАЯ ЖИЗНЬ	substantive	0	0	
baitaq-0292	baitaq	4db69e9db51ad9d1ee527b1b837ade96a0cf77752388518b6032e1938f49bb50	25814	25951	17	III. ДОСТОЙНАЯ ЖИЗНЬ	substantive	0	0	
baitaq-0293	baitaq	4db69e9db51ad9d1ee527b1b837ade96a0cf77752388518b6032e1938f49bb50	25952	26041	17	III. ДОСТОЙНАЯ ЖИЗНЬ	substantive	0	0	
baitaq-0294	baitaq	4db69e9db51ad9d1ee527b1b837ade96a0cf77752388518b6032e1938f49bb50	26042	26124	17	III. ДОСТОЙНАЯ ЖИЗНЬ	substantive	0	0	
baitaq-0295	baitaq	4db69e9db51ad9d1ee527b1b837ade96a0cf77752388518b6032e1938f49bb50	26125	26238	17	III. ДОСТОЙНАЯ ЖИЗНЬ	substantive	0	0	
baitaq-0296	baitaq	4db69e9db51ad9d1ee527b1b837ade96a0cf77752388518b6032e1938f49bb50	26239	26345	17	III. ДОСТОЙНАЯ ЖИЗНЬ	substantive	0	0	
baitaq-0297	baitaq	4db69e9db51ad9d1ee527b1b837ade96a0cf77752388518b6032e1938f49bb50	26346	26411	17	III. ДОСТОЙНАЯ ЖИЗНЬ	substantive	0	0	
baitaq-0298	baitaq	4db69e9db51ad9d1ee527b1b837ade96a0cf77752388518b6032e1938f49bb50	26412	26482	17	III. ДОСТОЙНАЯ ЖИЗНЬ	substantive	0	0	
baitaq-0299	baitaq	4db69e9db51ad9d1ee527b1b837ade96a0cf77752388518b6032e1938f49bb50	26483	26560	17	III. ДОСТОЙНАЯ ЖИЗНЬ	substantive	0	0	
baitaq-0300	baitaq	4db69e9db51ad9d1ee527b1b837ade96a0cf77752388518b6032e1938f49bb50	26561	26740	17	III. ДОСТОЙНАЯ ЖИЗНЬ	substantive	0	0	
baitaq-0301	baitaq	4db69e9db51ad9d1ee527b1b837ade96a0cf77752388518b6032e1938f49bb50	26741	26921	17	III. ДОСТОЙНАЯ ЖИЗНЬ	substantive	0	0	
baitaq-0302	baitaq	4db69e9db51ad9d1ee527b1b837ade96a0cf77752388518b6032e1938f49bb50	26922	26966	17	ЗДОРОВЬЕ И ОБРАЗОВАНИЕ НЕ ДОЛЖНЫ ЗАВИСЕТЬ ОТ	structural	0	0	
baitaq-0303	baitaq	4db69e9db51ad9d1ee527b1b837ade96a0cf77752388518b6032e1938f49bb50	26985	27004	18	IV. ГОРОДА БУДУЩЕГО	structural	0	0	
baitaq-0304	baitaq	4db69e9db51ad9d1ee527b1b837ade96a0cf77752388518b6032e1938f49bb50	27005	27055	18	IV. ГОРОДА БУДУЩЕГО	substantive	1	0	
baitaq-0305	baitaq	4db69e9db51ad9d1ee527b1b837ade96a0cf77752388518b6032e1938f49bb50	27056	27097	18	IV. ГОРОДА БУДУЩЕГО	substantive	0	0	
baitaq-0306	baitaq	4db69e9db51ad9d1ee527b1b837ade96a0cf77752388518b6032e1938f49bb50	27098	27196	18	IV. ГОРОДА БУДУЩЕГО	substantive	0	0	
baitaq-0307	baitaq	4db69e9db51ad9d1ee527b1b837ade96a0cf77752388518b6032e1938f49bb50	27197	27272	18	IV. ГОРОДА БУДУЩЕГО	substantive	0	0	
baitaq-0308	baitaq	4db69e9db51ad9d1ee527b1b837ade96a0cf77752388518b6032e1938f49bb50	27274	27339	18	IV. ГОРОДА БУДУЩЕГО	fragment	0	0	
baitaq-0309	baitaq	4db69e9db51ad9d1ee527b1b837ade96a0cf77752388518b6032e1938f49bb50	27341	27454	18	IV. ГОРОДА БУДУЩЕГО	fragment	0	0	
baitaq-0310	baitaq	4db69e9db51ad9d1ee527b1b837ade96a0cf77752388518b6032e1938f49bb50	27455	27595	18	IV. ГОРОДА БУДУЩЕГО	substantive	0	0	
baitaq-0311	baitaq	4db69e9db51ad9d1ee527b1b837ade96a0cf77752388518b6032e1938f49bb50	27596	27663	18	IV. ГОРОДА БУДУЩЕГО	substantive	0	0	
baitaq-0312	baitaq	4db69e9db51ad9d1ee527b1b837ade96a0cf77752388518b6032e1938f49bb50	27664	27777	18	IV. ГОРОДА БУДУЩЕГО	substantive	0	0	
baitaq-0313	baitaq	4db69e9db51ad9d1ee527b1b837ade96a0cf77752388518b6032e1938f49bb50	27778	27927	18	IV. ГОРОДА БУДУЩЕГО	substantive	0	0	
baitaq-0314	baitaq	4db69e9db51ad9d1ee527b1b837ade96a0cf77752388518b6032e1938f49bb50	27928	28066	18	IV. ГОРОДА БУДУЩЕГО	substantive	0	0	
baitaq-0315	baitaq	4db69e9db51ad9d1ee527b1b837ade96a0cf77752388518b6032e1938f49bb50	28067	28105	18	IV. ГОРОДА БУДУЩЕГО	substantive	0	0	
baitaq-0316	baitaq	4db69e9db51ad9d1ee527b1b837ade96a0cf77752388518b6032e1938f49bb50	28106	28236	18	IV. ГОРОДА БУДУЩЕГО	substantive	0	0	
baitaq-0317	baitaq	4db69e9db51ad9d1ee527b1b837ade96a0cf77752388518b6032e1938f49bb50	28237	28299	18	IV. ГОРОДА БУДУЩЕГО	substantive	0	0	
baitaq-0318	baitaq	4db69e9db51ad9d1ee527b1b837ade96a0cf77752388518b6032e1938f49bb50	28300	28376	18	IV. ГОРОДА БУДУЩЕГО	substantive	1	0	
baitaq-0319	baitaq	4db69e9db51ad9d1ee527b1b837ade96a0cf77752388518b6032e1938f49bb50	28377	28451	18	IV. ГОРОДА БУДУЩЕГО	substantive	0	0	
baitaq-0320	baitaq	4db69e9db51ad9d1ee527b1b837ade96a0cf77752388518b6032e1938f49bb50	28473	28509	18	IV. ГОРОДА БУДУЩЕГО	substantive	0	0	
baitaq-0321	baitaq	4db69e9db51ad9d1ee527b1b837ade96a0cf77752388518b6032e1938f49bb50	28510	28624	18	IV. ГОРОДА БУДУЩЕГО	substantive	0	0	
baitaq-0322	baitaq	4db69e9db51ad9d1ee527b1b837ade96a0cf77752388518b6032e1938f49bb50	28625	28684	18	IV. ГОРОДА БУДУЩЕГО	substantive	0	0	
baitaq-0323	baitaq	4db69e9db51ad9d1ee527b1b837ade96a0cf77752388518b6032e1938f49bb50	28685	28834	18	IV. ГОРОДА БУДУЩЕГО	substantive	0	0	
baitaq-0324	baitaq	4db69e9db51ad9d1ee527b1b837ade96a0cf77752388518b6032e1938f49bb50	28835	28869	18	IV. ГОРОДА БУДУЩЕГО	substantive	0	0	
baitaq-0325	baitaq	4db69e9db51ad9d1ee527b1b837ade96a0cf77752388518b6032e1938f49bb50	28870	28897	18	IV. ГОРОДА БУДУЩЕГО	substantive	0	0	
baitaq-0326	baitaq	4db69e9db51ad9d1ee527b1b837ade96a0cf77752388518b6032e1938f49bb50	28898	29070	18	IV. ГОРОДА БУДУЩЕГО	substantive	1	0	
baitaq-0327	baitaq	4db69e9db51ad9d1ee527b1b837ade96a0cf77752388518b6032e1938f49bb50	29071	29186	18	IV. ГОРОДА БУДУЩЕГО	substantive	1	0	
baitaq-0328	baitaq	4db69e9db51ad9d1ee527b1b837ade96a0cf77752388518b6032e1938f49bb50	29187	29214	19	IV. ГОРОДА БУДУЩЕГО	substantive	1	0	
baitaq-0329	baitaq	4db69e9db51ad9d1ee527b1b837ade96a0cf77752388518b6032e1938f49bb50	29215	29347	19	IV. ГОРОДА БУДУЩЕГО	substantive	1	0	
baitaq-0330	baitaq	4db69e9db51ad9d1ee527b1b837ade96a0cf77752388518b6032e1938f49bb50	29348	29439	19	IV. ГОРОДА БУДУЩЕГО	substantive	0	0	
baitaq-0331	baitaq	4db69e9db51ad9d1ee527b1b837ade96a0cf77752388518b6032e1938f49bb50	29440	29511	19	IV. ГОРОДА БУДУЩЕГО	substantive	0	0	
baitaq-0332	baitaq	4db69e9db51ad9d1ee527b1b837ade96a0cf77752388518b6032e1938f49bb50	29512	29563	19	IV. ГОРОДА БУДУЩЕГО	substantive	0	0	
baitaq-0333	baitaq	4db69e9db51ad9d1ee527b1b837ade96a0cf77752388518b6032e1938f49bb50	29564	29758	19	IV. ГОРОДА БУДУЩЕГО	substantive	1	0	
baitaq-0334	baitaq	4db69e9db51ad9d1ee527b1b837ade96a0cf77752388518b6032e1938f49bb50	29759	29930	19	IV. ГОРОДА БУДУЩЕГО	substantive	0	0	
baitaq-0335	baitaq	4db69e9db51ad9d1ee527b1b837ade96a0cf77752388518b6032e1938f49bb50	29931	29965	19	IV. ГОРОДА БУДУЩЕГО	substantive	0	0	
baitaq-0336	baitaq	4db69e9db51ad9d1ee527b1b837ade96a0cf77752388518b6032e1938f49bb50	29976	30033	19	IV. ГОРОДА БУДУЩЕГО	substantive	0	0	
baitaq-0337	baitaq	4db69e9db51ad9d1ee527b1b837ade96a0cf77752388518b6032e1938f49bb50	30057	30087	19	IV. ГОРОДА БУДУЩЕГО	substantive	0	0	Кто реально выигрывает от ипотеки? Не семья. Семья платит за квартиру с переплатой в полтора-два раза. Выигрывают два игрока:
baitaq-0338	baitaq	4db69e9db51ad9d1ee527b1b837ade96a0cf77752388518b6032e1938f49bb50	30088	30118	19	IV. ГОРОДА БУДУЩЕГО	substantive	0	0	Кто реально выигрывает от ипотеки? Не семья. Семья платит за квартиру с переплатой в полтора-два раза. Выигрывают два игрока:
baitaq-0339	baitaq	4db69e9db51ad9d1ee527b1b837ade96a0cf77752388518b6032e1938f49bb50	30119	30267	19	IV. ГОРОДА БУДУЩЕГО	substantive	0	0	
baitaq-0340	baitaq	4db69e9db51ad9d1ee527b1b837ade96a0cf77752388518b6032e1938f49bb50	30268	30394	19	IV. ГОРОДА БУДУЩЕГО	substantive	0	0	
baitaq-0341	baitaq	4db69e9db51ad9d1ee527b1b837ade96a0cf77752388518b6032e1938f49bb50	30395	30538	19	IV. ГОРОДА БУДУЩЕГО	substantive	0	0	
baitaq-0342	baitaq	4db69e9db51ad9d1ee527b1b837ade96a0cf77752388518b6032e1938f49bb50	30539	30630	19	IV. ГОРОДА БУДУЩЕГО	substantive	1	0	
baitaq-0343	baitaq	4db69e9db51ad9d1ee527b1b837ade96a0cf77752388518b6032e1938f49bb50	30631	30732	19	IV. ГОРОДА БУДУЩЕГО	substantive	0	0	
baitaq-0344	baitaq	4db69e9db51ad9d1ee527b1b837ade96a0cf77752388518b6032e1938f49bb50	30751	30897	19	IV. ГОРОДА БУДУЩЕГО	substantive	0	0	
baitaq-0345	baitaq	4db69e9db51ad9d1ee527b1b837ade96a0cf77752388518b6032e1938f49bb50	30898	30981	19	IV. ГОРОДА БУДУЩЕГО	substantive	0	0	
baitaq-0346	baitaq	4db69e9db51ad9d1ee527b1b837ade96a0cf77752388518b6032e1938f49bb50	30982	31132	19	IV. ГОРОДА БУДУЩЕГО	substantive	1	0	
baitaq-0347	baitaq	4db69e9db51ad9d1ee527b1b837ade96a0cf77752388518b6032e1938f49bb50	31133	31175	19	IV. ГОРОДА БУДУЩЕГО	substantive	0	0	
baitaq-0348	baitaq	4db69e9db51ad9d1ee527b1b837ade96a0cf77752388518b6032e1938f49bb50	31176	31256	20	IV. ГОРОДА БУДУЩЕГО	substantive	0	0	
baitaq-0349	baitaq	4db69e9db51ad9d1ee527b1b837ade96a0cf77752388518b6032e1938f49bb50	31257	31294	20	IV. ГОРОДА БУДУЩЕГО	substantive	0	0	
baitaq-0350	baitaq	4db69e9db51ad9d1ee527b1b837ade96a0cf77752388518b6032e1938f49bb50	31295	31384	20	IV. ГОРОДА БУДУЩЕГО	substantive	0	0	
baitaq-0351	baitaq	4db69e9db51ad9d1ee527b1b837ade96a0cf77752388518b6032e1938f49bb50	31385	31446	20	IV. ГОРОДА БУДУЩЕГО	substantive	0	0	
baitaq-0352	baitaq	4db69e9db51ad9d1ee527b1b837ade96a0cf77752388518b6032e1938f49bb50	31447	31591	20	IV. ГОРОДА БУДУЩЕГО	substantive	0	0	
baitaq-0353	baitaq	4db69e9db51ad9d1ee527b1b837ade96a0cf77752388518b6032e1938f49bb50	31592	31770	20	IV. ГОРОДА БУДУЩЕГО	substantive	1	0	
baitaq-0354	baitaq	4db69e9db51ad9d1ee527b1b837ade96a0cf77752388518b6032e1938f49bb50	31771	31887	20	IV. ГОРОДА БУДУЩЕГО	substantive	1	0	
baitaq-0355	baitaq	4db69e9db51ad9d1ee527b1b837ade96a0cf77752388518b6032e1938f49bb50	31888	32112	20	IV. ГОРОДА БУДУЩЕГО	substantive	0	0	
baitaq-0356	baitaq	4db69e9db51ad9d1ee527b1b837ade96a0cf77752388518b6032e1938f49bb50	32113	32292	20	IV. ГОРОДА БУДУЩЕГО	substantive	0	0	
baitaq-0357	baitaq	4db69e9db51ad9d1ee527b1b837ade96a0cf77752388518b6032e1938f49bb50	32293	32383	20	IV. ГОРОДА БУДУЩЕГО	substantive	1	0	
baitaq-0358	baitaq	4db69e9db51ad9d1ee527b1b837ade96a0cf77752388518b6032e1938f49bb50	32384	32490	20	IV. ГОРОДА БУДУЩЕГО	substantive	1	0	
baitaq-0359	baitaq	4db69e9db51ad9d1ee527b1b837ade96a0cf77752388518b6032e1938f49bb50	32491	32595	20	IV. ГОРОДА БУДУЩЕГО	substantive	0	0	
baitaq-0360	baitaq	4db69e9db51ad9d1ee527b1b837ade96a0cf77752388518b6032e1938f49bb50	32596	32759	20	IV. ГОРОДА БУДУЩЕГО	substantive	0	0	
baitaq-0361	baitaq	4db69e9db51ad9d1ee527b1b837ade96a0cf77752388518b6032e1938f49bb50	32760	32819	20	IV. ГОРОДА БУДУЩЕГО	substantive	0	0	
baitaq-0362	baitaq	4db69e9db51ad9d1ee527b1b837ade96a0cf77752388518b6032e1938f49bb50	32820	32894	20	IV. ГОРОДА БУДУЩЕГО	substantive	0	0	
baitaq-0363	baitaq	4db69e9db51ad9d1ee527b1b837ade96a0cf77752388518b6032e1938f49bb50	32895	33088	20	IV. ГОРОДА БУДУЩЕГО	substantive	0	0	
baitaq-0364	baitaq	4db69e9db51ad9d1ee527b1b837ade96a0cf77752388518b6032e1938f49bb50	33089	33289	21	IV. ГОРОДА БУДУЩЕГО	substantive	0	0	
baitaq-0365	baitaq	4db69e9db51ad9d1ee527b1b837ade96a0cf77752388518b6032e1938f49bb50	33290	33379	21	IV. ГОРОДА БУДУЩЕГО	substantive	0	0	
baitaq-0366	baitaq	4db69e9db51ad9d1ee527b1b837ade96a0cf77752388518b6032e1938f49bb50	33380	33571	21	IV. ГОРОДА БУДУЩЕГО	substantive	0	0	
baitaq-0367	baitaq	4db69e9db51ad9d1ee527b1b837ade96a0cf77752388518b6032e1938f49bb50	33572	33627	21	IV. ГОРОДА БУДУЩЕГО	substantive	0	0	
baitaq-0368	baitaq	4db69e9db51ad9d1ee527b1b837ade96a0cf77752388518b6032e1938f49bb50	33628	33874	21	IV. ГОРОДА БУДУЩЕГО	substantive	0	0	
baitaq-0369	baitaq	4db69e9db51ad9d1ee527b1b837ade96a0cf77752388518b6032e1938f49bb50	33875	33926	21	IV. ГОРОДА БУДУЩЕГО	substantive	0	0	
baitaq-0370	baitaq	4db69e9db51ad9d1ee527b1b837ade96a0cf77752388518b6032e1938f49bb50	33927	34125	21	IV. ГОРОДА БУДУЩЕГО	substantive	0	0	
baitaq-0371	baitaq	4db69e9db51ad9d1ee527b1b837ade96a0cf77752388518b6032e1938f49bb50	34126	34167	21	IV. ГОРОДА БУДУЩЕГО	substantive	0	0	
baitaq-0372	baitaq	4db69e9db51ad9d1ee527b1b837ade96a0cf77752388518b6032e1938f49bb50	34187	34319	21	IV. ГОРОДА БУДУЩЕГО	substantive	0	0	
baitaq-0373	baitaq	4db69e9db51ad9d1ee527b1b837ade96a0cf77752388518b6032e1938f49bb50	34320	34422	21	IV. ГОРОДА БУДУЩЕГО	substantive	0	0	
baitaq-0374	baitaq	4db69e9db51ad9d1ee527b1b837ade96a0cf77752388518b6032e1938f49bb50	34423	34575	21	IV. ГОРОДА БУДУЩЕГО	substantive	0	0	
baitaq-0375	baitaq	4db69e9db51ad9d1ee527b1b837ade96a0cf77752388518b6032e1938f49bb50	34576	34625	21	IV. ГОРОДА БУДУЩЕГО	substantive	0	0	
baitaq-0376	baitaq	4db69e9db51ad9d1ee527b1b837ade96a0cf77752388518b6032e1938f49bb50	34626	34718	21	IV. ГОРОДА БУДУЩЕГО	substantive	0	0	
baitaq-0377	baitaq	4db69e9db51ad9d1ee527b1b837ade96a0cf77752388518b6032e1938f49bb50	34719	34814	21	IV. ГОРОДА БУДУЩЕГО	substantive	0	0	
baitaq-0378	baitaq	4db69e9db51ad9d1ee527b1b837ade96a0cf77752388518b6032e1938f49bb50	34815	34862	21	IV. ГОРОДА БУДУЩЕГО	substantive	0	0	
baitaq-0379	baitaq	4db69e9db51ad9d1ee527b1b837ade96a0cf77752388518b6032e1938f49bb50	34882	34907	22	V. ПРОЗРАЧНОЕ ГОСУДАРСТВО	structural	0	0	
baitaq-0380	baitaq	4db69e9db51ad9d1ee527b1b837ade96a0cf77752388518b6032e1938f49bb50	34908	34995	22	V. ПРОЗРАЧНОЕ ГОСУДАРСТВО	substantive	0	0	
baitaq-0381	baitaq	4db69e9db51ad9d1ee527b1b837ade96a0cf77752388518b6032e1938f49bb50	34996	35096	22	V. ПРОЗРАЧНОЕ ГОСУДАРСТВО	substantive	0	0	
baitaq-0382	baitaq	4db69e9db51ad9d1ee527b1b837ade96a0cf77752388518b6032e1938f49bb50	35097	35224	22	V. ПРОЗРАЧНОЕ ГОСУДАРСТВО	substantive	1	0	
baitaq-0383	baitaq	4db69e9db51ad9d1ee527b1b837ade96a0cf77752388518b6032e1938f49bb50	35225	35398	22	V. ПРОЗРАЧНОЕ ГОСУДАРСТВО	substantive	0	0	
baitaq-0384	baitaq	4db69e9db51ad9d1ee527b1b837ade96a0cf77752388518b6032e1938f49bb50	35399	35469	22	V. ПРОЗРАЧНОЕ ГОСУДАРСТВО	substantive	0	0	
baitaq-0385	baitaq	4db69e9db51ad9d1ee527b1b837ade96a0cf77752388518b6032e1938f49bb50	35470	35603	22	V. ПРОЗРАЧНОЕ ГОСУДАРСТВО	substantive	0	0	
baitaq-0386	baitaq	4db69e9db51ad9d1ee527b1b837ade96a0cf77752388518b6032e1938f49bb50	35604	35634	22	V. ПРОЗРАЧНОЕ ГОСУДАРСТВО	substantive	0	0	
baitaq-0387	baitaq	4db69e9db51ad9d1ee527b1b837ade96a0cf77752388518b6032e1938f49bb50	35635	35692	22	V. ПРОЗРАЧНОЕ ГОСУДАРСТВО	substantive	0	0	
baitaq-0388	baitaq	4db69e9db51ad9d1ee527b1b837ade96a0cf77752388518b6032e1938f49bb50	35693	35735	22	V. ПРОЗРАЧНОЕ ГОСУДАРСТВО	substantive	0	0	
baitaq-0389	baitaq	4db69e9db51ad9d1ee527b1b837ade96a0cf77752388518b6032e1938f49bb50	35736	35795	22	V. ПРОЗРАЧНОЕ ГОСУДАРСТВО	substantive	0	0	
baitaq-0390	baitaq	4db69e9db51ad9d1ee527b1b837ade96a0cf77752388518b6032e1938f49bb50	35796	35849	22	V. ПРОЗРАЧНОЕ ГОСУДАРСТВО	substantive	0	0	
baitaq-0391	baitaq	4db69e9db51ad9d1ee527b1b837ade96a0cf77752388518b6032e1938f49bb50	35850	35946	22	V. ПРОЗРАЧНОЕ ГОСУДАРСТВО	substantive	0	0	
baitaq-0392	baitaq	4db69e9db51ad9d1ee527b1b837ade96a0cf77752388518b6032e1938f49bb50	35947	36005	22	V. ПРОЗРАЧНОЕ ГОСУДАРСТВО	substantive	0	0	
baitaq-0393	baitaq	4db69e9db51ad9d1ee527b1b837ade96a0cf77752388518b6032e1938f49bb50	36006	36038	22	V. ПРОЗРАЧНОЕ ГОСУДАРСТВО	substantive	0	0	
baitaq-0394	baitaq	4db69e9db51ad9d1ee527b1b837ade96a0cf77752388518b6032e1938f49bb50	36039	36131	22	V. ПРОЗРАЧНОЕ ГОСУДАРСТВО	substantive	0	0	
baitaq-0395	baitaq	4db69e9db51ad9d1ee527b1b837ade96a0cf77752388518b6032e1938f49bb50	36132	36215	22	V. ПРОЗРАЧНОЕ ГОСУДАРСТВО	substantive	0	0	
baitaq-0396	baitaq	4db69e9db51ad9d1ee527b1b837ade96a0cf77752388518b6032e1938f49bb50	36216	36289	22	V. ПРОЗРАЧНОЕ ГОСУДАРСТВО	substantive	0	0	
baitaq-0397	baitaq	4db69e9db51ad9d1ee527b1b837ade96a0cf77752388518b6032e1938f49bb50	36290	36413	22	V. ПРОЗРАЧНОЕ ГОСУДАРСТВО	substantive	0	0	
baitaq-0398	baitaq	4db69e9db51ad9d1ee527b1b837ade96a0cf77752388518b6032e1938f49bb50	36414	36498	23	V. ПРОЗРАЧНОЕ ГОСУДАРСТВО	substantive	0	0	
baitaq-0399	baitaq	4db69e9db51ad9d1ee527b1b837ade96a0cf77752388518b6032e1938f49bb50	36499	36539	23	ОБЩЕСТВО ДОЛЖНО ВИДЕТЬ, ЧТО ПРОИСХОДИТ В	structural	0	0	
baitaq-0400	baitaq	4db69e9db51ad9d1ee527b1b837ade96a0cf77752388518b6032e1938f49bb50	36548	36566	24	ЧЕГО МЫ НЕ ОБЕЩАЕМ	structural	0	0	
baitaq-0401	baitaq	4db69e9db51ad9d1ee527b1b837ade96a0cf77752388518b6032e1938f49bb50	36567	36636	24	ЧЕГО МЫ НЕ ОБЕЩАЕМ	substantive	0	0	
baitaq-0402	baitaq	4db69e9db51ad9d1ee527b1b837ade96a0cf77752388518b6032e1938f49bb50	36637	36693	24	ЧЕГО МЫ НЕ ОБЕЩАЕМ	substantive	0	0	
baitaq-0403	baitaq	4db69e9db51ad9d1ee527b1b837ade96a0cf77752388518b6032e1938f49bb50	36694	36751	24	ЧЕГО МЫ НЕ ОБЕЩАЕМ	substantive	0	0	
baitaq-0404	baitaq	4db69e9db51ad9d1ee527b1b837ade96a0cf77752388518b6032e1938f49bb50	36752	36863	24	ЧЕГО МЫ НЕ ОБЕЩАЕМ	substantive	0	0	
baitaq-0405	baitaq	4db69e9db51ad9d1ee527b1b837ade96a0cf77752388518b6032e1938f49bb50	36864	36907	24	ЧЕГО МЫ НЕ ОБЕЩАЕМ	substantive	0	0	
baitaq-0406	baitaq	4db69e9db51ad9d1ee527b1b837ade96a0cf77752388518b6032e1938f49bb50	36908	36964	24	ЧЕГО МЫ НЕ ОБЕЩАЕМ	substantive	0	0	
baitaq-0407	baitaq	4db69e9db51ad9d1ee527b1b837ade96a0cf77752388518b6032e1938f49bb50	36965	36998	24	ЧЕГО МЫ НЕ ОБЕЩАЕМ	substantive	0	0	
baitaq-0408	baitaq	4db69e9db51ad9d1ee527b1b837ade96a0cf77752388518b6032e1938f49bb50	36999	37033	24	ЧЕГО МЫ НЕ ОБЕЩАЕМ	substantive	0	0	
baitaq-0409	baitaq	4db69e9db51ad9d1ee527b1b837ade96a0cf77752388518b6032e1938f49bb50	37034	37092	24	ЧЕГО МЫ НЕ ОБЕЩАЕМ	substantive	0	0	
baitaq-0410	baitaq	4db69e9db51ad9d1ee527b1b837ade96a0cf77752388518b6032e1938f49bb50	37093	37140	24	ЧЕГО МЫ НЕ ОБЕЩАЕМ	substantive	0	0	
baitaq-0411	baitaq	4db69e9db51ad9d1ee527b1b837ade96a0cf77752388518b6032e1938f49bb50	37141	37239	24	ЧЕГО МЫ НЕ ОБЕЩАЕМ	substantive	0	0	
baitaq-0412	baitaq	4db69e9db51ad9d1ee527b1b837ade96a0cf77752388518b6032e1938f49bb50	37240	37310	24	ЧЕГО МЫ НЕ ОБЕЩАЕМ	substantive	0	0	
baitaq-0413	baitaq	4db69e9db51ad9d1ee527b1b837ade96a0cf77752388518b6032e1938f49bb50	37311	37405	24	ЧЕГО МЫ НЕ ОБЕЩАЕМ	substantive	0	0	
baitaq-0414	baitaq	4db69e9db51ad9d1ee527b1b837ade96a0cf77752388518b6032e1938f49bb50	37406	37475	24	ЧЕГО МЫ НЕ ОБЕЩАЕМ	substantive	0	0	
baitaq-0415	baitaq	4db69e9db51ad9d1ee527b1b837ade96a0cf77752388518b6032e1938f49bb50	37476	37607	24	ЧЕГО МЫ НЕ ОБЕЩАЕМ	substantive	1	0	
baitaq-0416	baitaq	4db69e9db51ad9d1ee527b1b837ade96a0cf77752388518b6032e1938f49bb50	37608	37680	24	ЧЕГО МЫ НЕ ОБЕЩАЕМ	substantive	1	0	
baitaq-0417	baitaq	4db69e9db51ad9d1ee527b1b837ade96a0cf77752388518b6032e1938f49bb50	37681	37800	24	ЧЕГО МЫ НЕ ОБЕЩАЕМ	substantive	0	0	
baitaq-0418	baitaq	4db69e9db51ad9d1ee527b1b837ade96a0cf77752388518b6032e1938f49bb50	37801	37840	24	ЧЕГО МЫ НЕ ОБЕЩАЕМ	rhetorical	0	0	
baitaq-0419	baitaq	4db69e9db51ad9d1ee527b1b837ade96a0cf77752388518b6032e1938f49bb50	37841	37973	24	ЧЕГО МЫ НЕ ОБЕЩАЕМ	substantive	0	0	
baitaq-0420	baitaq	4db69e9db51ad9d1ee527b1b837ade96a0cf77752388518b6032e1938f49bb50	37988	38014	24	ЧЕГО МЫ НЕ ОБЕЩАЕМ	rhetorical	0	0	
npk-0001	npk	8a13fcd57248994f0857005074e5f57c0f72f01f6f8d378c9372bc0234f326d4	12	452	2		structural	1	0	
npk-0002	npk	8a13fcd57248994f0857005074e5f57c0f72f01f6f8d378c9372bc0234f326d4	456	543	2		structural	1	0	
npk-0003	npk	8a13fcd57248994f0857005074e5f57c0f72f01f6f8d378c9372bc0234f326d4	547	648	2		structural	1	0	
npk-0004	npk	8a13fcd57248994f0857005074e5f57c0f72f01f6f8d378c9372bc0234f326d4	652	739	2		structural	1	0	
npk-0005	npk	8a13fcd57248994f0857005074e5f57c0f72f01f6f8d378c9372bc0234f326d4	743	829	2		structural	1	0	
npk-0006	npk	8a13fcd57248994f0857005074e5f57c0f72f01f6f8d378c9372bc0234f326d4	833	1002	2		substantive	1	0	
npk-0007	npk	8a13fcd57248994f0857005074e5f57c0f72f01f6f8d378c9372bc0234f326d4	1006	1086	2		structural	1	0	
npk-0008	npk	8a13fcd57248994f0857005074e5f57c0f72f01f6f8d378c9372bc0234f326d4	1090	1180	2		structural	1	0	
npk-0009	npk	8a13fcd57248994f0857005074e5f57c0f72f01f6f8d378c9372bc0234f326d4	1184	1284	2		structural	1	0	
npk-0010	npk	8a13fcd57248994f0857005074e5f57c0f72f01f6f8d378c9372bc0234f326d4	1285	1372	2	10. Справедливый суд и верховенство закона ........................................ .24	structural	1	0	
npk-0011	npk	8a13fcd57248994f0857005074e5f57c0f72f01f6f8d378c9372bc0234f326d4	1373	1447	2	10. Справедливый суд и верховенство закона ........................................ .24	structural	1	0	
npk-0012	npk	8a13fcd57248994f0857005074e5f57c0f72f01f6f8d378c9372bc0234f326d4	1452	1547	2	10. Справедливый суд и верховенство закона ........................................ .24	structural	1	0	
npk-0013	npk	8a13fcd57248994f0857005074e5f57c0f72f01f6f8d378c9372bc0234f326d4	1552	1635	2	10. Справедливый суд и верховенство закона ........................................ .24	structural	1	0	
npk-0014	npk	8a13fcd57248994f0857005074e5f57c0f72f01f6f8d378c9372bc0234f326d4	1640	1730	2	10. Справедливый суд и верховенство закона ........................................ .24	structural	1	0	
npk-0015	npk	8a13fcd57248994f0857005074e5f57c0f72f01f6f8d378c9372bc0234f326d4	1735	1802	2	10. Справедливый суд и верховенство закона ........................................ .24	structural	1	0	
npk-0016	npk	8a13fcd57248994f0857005074e5f57c0f72f01f6f8d378c9372bc0234f326d4	1803	1872	2	16. Государственное управление должно быть понятным и эффективным …36	structural	1	0	
npk-0017	npk	8a13fcd57248994f0857005074e5f57c0f72f01f6f8d378c9372bc0234f326d4	1877	1954	2	16. Государственное управление должно быть понятным и эффективным …36	structural	1	0	
npk-0018	npk	8a13fcd57248994f0857005074e5f57c0f72f01f6f8d378c9372bc0234f326d4	1959	2054	2	16. Государственное управление должно быть понятным и эффективным …36	structural	1	0	
npk-0019	npk	8a13fcd57248994f0857005074e5f57c0f72f01f6f8d378c9372bc0234f326d4	2059	2262	2	16. Государственное управление должно быть понятным и эффективным …36	structural	1	0	
npk-0020	npk	8a13fcd57248994f0857005074e5f57c0f72f01f6f8d378c9372bc0234f326d4	2264	2289	2	16. Государственное управление должно быть понятным и эффективным …36	substantive	1	0	
npk-0021	npk	8a13fcd57248994f0857005074e5f57c0f72f01f6f8d378c9372bc0234f326d4	2291	2321	3	16. Государственное управление должно быть понятным и эффективным …36	rhetorical	0	0	
npk-0022	npk	8a13fcd57248994f0857005074e5f57c0f72f01f6f8d378c9372bc0234f326d4	2322	2370	3	16. Государственное управление должно быть понятным и эффективным …36	substantive	0	0	
npk-0023	npk	8a13fcd57248994f0857005074e5f57c0f72f01f6f8d378c9372bc0234f326d4	2371	2592	3	16. Государственное управление должно быть понятным и эффективным …36	substantive	0	0	
npk-0024	npk	8a13fcd57248994f0857005074e5f57c0f72f01f6f8d378c9372bc0234f326d4	2593	2707	3	16. Государственное управление должно быть понятным и эффективным …36	substantive	0	0	
npk-0025	npk	8a13fcd57248994f0857005074e5f57c0f72f01f6f8d378c9372bc0234f326d4	2708	2951	3	16. Государственное управление должно быть понятным и эффективным …36	substantive	0	0	
npk-0026	npk	8a13fcd57248994f0857005074e5f57c0f72f01f6f8d378c9372bc0234f326d4	2952	3017	3	16. Государственное управление должно быть понятным и эффективным …36	substantive	0	0	
npk-0027	npk	8a13fcd57248994f0857005074e5f57c0f72f01f6f8d378c9372bc0234f326d4	3018	3206	3	16. Государственное управление должно быть понятным и эффективным …36	substantive	0	0	
npk-0028	npk	8a13fcd57248994f0857005074e5f57c0f72f01f6f8d378c9372bc0234f326d4	3207	3270	3	16. Государственное управление должно быть понятным и эффективным …36	lead_in	0	0	
npk-0029	npk	8a13fcd57248994f0857005074e5f57c0f72f01f6f8d378c9372bc0234f326d4	3271	3415	3	16. Государственное управление должно быть понятным и эффективным …36	substantive	0	0	Народная партия Казахстана предлагает обществу честный договор:
npk-0030	npk	8a13fcd57248994f0857005074e5f57c0f72f01f6f8d378c9372bc0234f326d4	3416	3485	3	16. Государственное управление должно быть понятным и эффективным …36	substantive	0	0	
npk-0031	npk	8a13fcd57248994f0857005074e5f57c0f72f01f6f8d378c9372bc0234f326d4	3486	3644	3	16. Государственное управление должно быть понятным и эффективным …36	substantive	0	0	
npk-0032	npk	8a13fcd57248994f0857005074e5f57c0f72f01f6f8d378c9372bc0234f326d4	3645	3722	3	16. Государственное управление должно быть понятным и эффективным …36	substantive	1	0	
npk-0033	npk	8a13fcd57248994f0857005074e5f57c0f72f01f6f8d378c9372bc0234f326d4	3723	3878	4	16. Государственное управление должно быть понятным и эффективным …36	substantive	0	0	
npk-0034	npk	8a13fcd57248994f0857005074e5f57c0f72f01f6f8d378c9372bc0234f326d4	3879	4031	4	16. Государственное управление должно быть понятным и эффективным …36	substantive	0	0	
npk-0035	npk	8a13fcd57248994f0857005074e5f57c0f72f01f6f8d378c9372bc0234f326d4	4032	4118	4	16. Государственное управление должно быть понятным и эффективным …36	substantive	0	0	
npk-0036	npk	8a13fcd57248994f0857005074e5f57c0f72f01f6f8d378c9372bc0234f326d4	4119	4195	4	16. Государственное управление должно быть понятным и эффективным …36	lead_in	0	0	
npk-0037	npk	8a13fcd57248994f0857005074e5f57c0f72f01f6f8d378c9372bc0234f326d4	4196	4247	4	16. Государственное управление должно быть понятным и эффективным …36	substantive	0	0	Для нас социальная справедливость начинается с простых проверяемых вопросов:
npk-0038	npk	8a13fcd57248994f0857005074e5f57c0f72f01f6f8d378c9372bc0234f326d4	4248	4296	4	16. Государственное управление должно быть понятным и эффективным …36	substantive	0	0	Для нас социальная справедливость начинается с простых проверяемых вопросов:
npk-0039	npk	8a13fcd57248994f0857005074e5f57c0f72f01f6f8d378c9372bc0234f326d4	4297	4394	4	16. Государственное управление должно быть понятным и эффективным …36	substantive	0	0	Для нас социальная справедливость начинается с простых проверяемых вопросов:
npk-0040	npk	8a13fcd57248994f0857005074e5f57c0f72f01f6f8d378c9372bc0234f326d4	4395	4460	4	16. Государственное управление должно быть понятным и эффективным …36	substantive	0	0	Для нас социальная справедливость начинается с простых проверяемых вопросов:
npk-0041	npk	8a13fcd57248994f0857005074e5f57c0f72f01f6f8d378c9372bc0234f326d4	4461	4584	4	16. Государственное управление должно быть понятным и эффективным …36	substantive	0	0	Для нас социальная справедливость начинается с простых проверяемых вопросов:
npk-0042	npk	8a13fcd57248994f0857005074e5f57c0f72f01f6f8d378c9372bc0234f326d4	4585	4775	4	16. Государственное управление должно быть понятным и эффективным …36	substantive	1	0	
npk-0043	npk	8a13fcd57248994f0857005074e5f57c0f72f01f6f8d378c9372bc0234f326d4	4776	4967	4	16. Государственное управление должно быть понятным и эффективным …36	substantive	0	0	
npk-0044	npk	8a13fcd57248994f0857005074e5f57c0f72f01f6f8d378c9372bc0234f326d4	4968	5078	4	16. Государственное управление должно быть понятным и эффективным …36	substantive	1	0	
npk-0045	npk	8a13fcd57248994f0857005074e5f57c0f72f01f6f8d378c9372bc0234f326d4	5079	5239	5	16. Государственное управление должно быть понятным и эффективным …36	substantive	0	0	
npk-0046	npk	8a13fcd57248994f0857005074e5f57c0f72f01f6f8d378c9372bc0234f326d4	5240	5384	5	16. Государственное управление должно быть понятным и эффективным …36	substantive	0	0	
npk-0047	npk	8a13fcd57248994f0857005074e5f57c0f72f01f6f8d378c9372bc0234f326d4	5385	5502	5	16. Государственное управление должно быть понятным и эффективным …36	substantive	0	0	
npk-0048	npk	8a13fcd57248994f0857005074e5f57c0f72f01f6f8d378c9372bc0234f326d4	5503	5593	5	16. Государственное управление должно быть понятным и эффективным …36	substantive	0	0	
npk-0049	npk	8a13fcd57248994f0857005074e5f57c0f72f01f6f8d378c9372bc0234f326d4	5595	5625	5	16. Государственное управление должно быть понятным и эффективным …36	substantive	1	0	
npk-0050	npk	8a13fcd57248994f0857005074e5f57c0f72f01f6f8d378c9372bc0234f326d4	5627	5781	6	16. Государственное управление должно быть понятным и эффективным …36	substantive	0	0	
npk-0051	npk	8a13fcd57248994f0857005074e5f57c0f72f01f6f8d378c9372bc0234f326d4	5782	5884	6	16. Государственное управление должно быть понятным и эффективным …36	substantive	1	0	
npk-0052	npk	8a13fcd57248994f0857005074e5f57c0f72f01f6f8d378c9372bc0234f326d4	5885	5979	6	16. Государственное управление должно быть понятным и эффективным …36	substantive	1	0	
npk-0053	npk	8a13fcd57248994f0857005074e5f57c0f72f01f6f8d378c9372bc0234f326d4	5980	6073	6	16. Государственное управление должно быть понятным и эффективным …36	substantive	1	0	
npk-0054	npk	8a13fcd57248994f0857005074e5f57c0f72f01f6f8d378c9372bc0234f326d4	6074	6111	6	16. Государственное управление должно быть понятным и эффективным …36	substantive	1	0	
npk-0055	npk	8a13fcd57248994f0857005074e5f57c0f72f01f6f8d378c9372bc0234f326d4	6112	6157	6	16. Государственное управление должно быть понятным и эффективным …36	substantive	1	0	
npk-0056	npk	8a13fcd57248994f0857005074e5f57c0f72f01f6f8d378c9372bc0234f326d4	6158	6210	6	16. Государственное управление должно быть понятным и эффективным …36	substantive	1	0	
npk-0057	npk	8a13fcd57248994f0857005074e5f57c0f72f01f6f8d378c9372bc0234f326d4	6211	6396	6	16. Государственное управление должно быть понятным и эффективным …36	substantive	0	0	
npk-0058	npk	8a13fcd57248994f0857005074e5f57c0f72f01f6f8d378c9372bc0234f326d4	6397	6568	6	16. Государственное управление должно быть понятным и эффективным …36	substantive	1	0	
npk-0059	npk	8a13fcd57248994f0857005074e5f57c0f72f01f6f8d378c9372bc0234f326d4	6569	6713	6	16. Государственное управление должно быть понятным и эффективным …36	substantive	0	0	
npk-0060	npk	8a13fcd57248994f0857005074e5f57c0f72f01f6f8d378c9372bc0234f326d4	6715	6803	6	16. Государственное управление должно быть понятным и эффективным …36	substantive	1	0	
npk-0061	npk	8a13fcd57248994f0857005074e5f57c0f72f01f6f8d378c9372bc0234f326d4	6804	6876	7	16. Государственное управление должно быть понятным и эффективным …36	substantive	0	0	
npk-0062	npk	8a13fcd57248994f0857005074e5f57c0f72f01f6f8d378c9372bc0234f326d4	6877	6967	7	16. Государственное управление должно быть понятным и эффективным …36	substantive	0	0	
npk-0063	npk	8a13fcd57248994f0857005074e5f57c0f72f01f6f8d378c9372bc0234f326d4	6968	7069	7	16. Государственное управление должно быть понятным и эффективным …36	substantive	0	0	
npk-0064	npk	8a13fcd57248994f0857005074e5f57c0f72f01f6f8d378c9372bc0234f326d4	7070	7191	7	16. Государственное управление должно быть понятным и эффективным …36	substantive	0	0	
npk-0065	npk	8a13fcd57248994f0857005074e5f57c0f72f01f6f8d378c9372bc0234f326d4	7192	7287	7	16. Государственное управление должно быть понятным и эффективным …36	substantive	0	0	
npk-0066	npk	8a13fcd57248994f0857005074e5f57c0f72f01f6f8d378c9372bc0234f326d4	7288	7385	7	16. Государственное управление должно быть понятным и эффективным …36	substantive	0	0	
npk-0067	npk	8a13fcd57248994f0857005074e5f57c0f72f01f6f8d378c9372bc0234f326d4	7386	7487	7	16. Государственное управление должно быть понятным и эффективным …36	substantive	0	0	
npk-0068	npk	8a13fcd57248994f0857005074e5f57c0f72f01f6f8d378c9372bc0234f326d4	7488	7587	7	16. Государственное управление должно быть понятным и эффективным …36	substantive	0	0	
npk-0069	npk	8a13fcd57248994f0857005074e5f57c0f72f01f6f8d378c9372bc0234f326d4	7588	7652	7	16. Государственное управление должно быть понятным и эффективным …36	substantive	0	0	
npk-0070	npk	8a13fcd57248994f0857005074e5f57c0f72f01f6f8d378c9372bc0234f326d4	7653	7828	7	16. Государственное управление должно быть понятным и эффективным …36	substantive	0	0	
npk-0071	npk	8a13fcd57248994f0857005074e5f57c0f72f01f6f8d378c9372bc0234f326d4	7829	8033	7	16. Государственное управление должно быть понятным и эффективным …36	substantive	0	0	
npk-0072	npk	8a13fcd57248994f0857005074e5f57c0f72f01f6f8d378c9372bc0234f326d4	8034	8119	7	16. Государственное управление должно быть понятным и эффективным …36	substantive	0	0	
npk-0073	npk	8a13fcd57248994f0857005074e5f57c0f72f01f6f8d378c9372bc0234f326d4	8137	8189	8	16. Государственное управление должно быть понятным и эффективным …36	substantive	0	0	
npk-0074	npk	8a13fcd57248994f0857005074e5f57c0f72f01f6f8d378c9372bc0234f326d4	8190	8269	8	16. Государственное управление должно быть понятным и эффективным …36	substantive	0	0	
npk-0075	npk	8a13fcd57248994f0857005074e5f57c0f72f01f6f8d378c9372bc0234f326d4	8270	8326	8	16. Государственное управление должно быть понятным и эффективным …36	substantive	0	0	
npk-0076	npk	8a13fcd57248994f0857005074e5f57c0f72f01f6f8d378c9372bc0234f326d4	8408	8508	8	16. Государственное управление должно быть понятным и эффективным …36	substantive	0	0	
npk-0077	npk	8a13fcd57248994f0857005074e5f57c0f72f01f6f8d378c9372bc0234f326d4	8512	8551	9	1. Справедливый труд – достойная оплата	structural	1	0	
npk-0078	npk	8a13fcd57248994f0857005074e5f57c0f72f01f6f8d378c9372bc0234f326d4	8553	8638	9	1. Справедливый труд – достойная оплата	substantive	0	0	
npk-0079	npk	8a13fcd57248994f0857005074e5f57c0f72f01f6f8d378c9372bc0234f326d4	8639	8902	9	1. Справедливый труд – достойная оплата	substantive	0	0	
npk-0080	npk	8a13fcd57248994f0857005074e5f57c0f72f01f6f8d378c9372bc0234f326d4	8903	8960	9	1. Справедливый труд – достойная оплата	substantive	0	0	
npk-0081	npk	8a13fcd57248994f0857005074e5f57c0f72f01f6f8d378c9372bc0234f326d4	8963	9045	9	1. Справедливый труд – достойная оплата	substantive	0	0	
npk-0082	npk	8a13fcd57248994f0857005074e5f57c0f72f01f6f8d378c9372bc0234f326d4	9046	9147	9	1. Справедливый труд – достойная оплата	substantive	0	0	
npk-0083	npk	8a13fcd57248994f0857005074e5f57c0f72f01f6f8d378c9372bc0234f326d4	9148	9220	9	1. Справедливый труд – достойная оплата	substantive	0	0	
npk-0084	npk	8a13fcd57248994f0857005074e5f57c0f72f01f6f8d378c9372bc0234f326d4	9221	9325	9	1. Справедливый труд – достойная оплата	substantive	0	0	
npk-0085	npk	8a13fcd57248994f0857005074e5f57c0f72f01f6f8d378c9372bc0234f326d4	9326	9599	9	1. Справедливый труд – достойная оплата	substantive	0	0	
npk-0086	npk	8a13fcd57248994f0857005074e5f57c0f72f01f6f8d378c9372bc0234f326d4	9600	9735	9	1. Справедливый труд – достойная оплата	substantive	0	0	
npk-0087	npk	8a13fcd57248994f0857005074e5f57c0f72f01f6f8d378c9372bc0234f326d4	9738	9851	10	1. Справедливый труд – достойная оплата	substantive	0	0	
npk-0088	npk	8a13fcd57248994f0857005074e5f57c0f72f01f6f8d378c9372bc0234f326d4	9852	9939	10	1. Справедливый труд – достойная оплата	substantive	0	0	
npk-0089	npk	8a13fcd57248994f0857005074e5f57c0f72f01f6f8d378c9372bc0234f326d4	9942	9967	11	2. Защитим человека труда	structural	1	0	
npk-0090	npk	8a13fcd57248994f0857005074e5f57c0f72f01f6f8d378c9372bc0234f326d4	9969	10066	11	2. Защитим человека труда	substantive	0	0	
npk-0091	npk	8a13fcd57248994f0857005074e5f57c0f72f01f6f8d378c9372bc0234f326d4	10067	10122	11	2. Защитим человека труда	substantive	0	0	
npk-0092	npk	8a13fcd57248994f0857005074e5f57c0f72f01f6f8d378c9372bc0234f326d4	10123	10185	11	2. Защитим человека труда	substantive	0	0	
npk-0093	npk	8a13fcd57248994f0857005074e5f57c0f72f01f6f8d378c9372bc0234f326d4	10186	10244	11	2. Защитим человека труда	substantive	1	0	
npk-0094	npk	8a13fcd57248994f0857005074e5f57c0f72f01f6f8d378c9372bc0234f326d4	10245	10381	11	2. Защитим человека труда	substantive	0	0	
npk-0095	npk	8a13fcd57248994f0857005074e5f57c0f72f01f6f8d378c9372bc0234f326d4	10384	10429	11	2. Защитим человека труда	substantive	0	0	
npk-0096	npk	8a13fcd57248994f0857005074e5f57c0f72f01f6f8d378c9372bc0234f326d4	10430	10569	11	2. Защитим человека труда	substantive	0	0	
npk-0097	npk	8a13fcd57248994f0857005074e5f57c0f72f01f6f8d378c9372bc0234f326d4	10570	10651	11	2. Защитим человека труда	substantive	0	0	
npk-0098	npk	8a13fcd57248994f0857005074e5f57c0f72f01f6f8d378c9372bc0234f326d4	10652	10742	11	2. Защитим человека труда	substantive	0	0	
npk-0099	npk	8a13fcd57248994f0857005074e5f57c0f72f01f6f8d378c9372bc0234f326d4	10743	10942	11	2. Защитим человека труда	substantive	0	0	
npk-0100	npk	8a13fcd57248994f0857005074e5f57c0f72f01f6f8d378c9372bc0234f326d4	10943	11008	11	2. Защитим человека труда	substantive	0	0	
npk-0101	npk	8a13fcd57248994f0857005074e5f57c0f72f01f6f8d378c9372bc0234f326d4	11009	11084	11	2. Защитим человека труда	substantive	0	0	
npk-0102	npk	8a13fcd57248994f0857005074e5f57c0f72f01f6f8d378c9372bc0234f326d4	11085	11202	11	2. Защитим человека труда	substantive	1	0	
npk-0103	npk	8a13fcd57248994f0857005074e5f57c0f72f01f6f8d378c9372bc0234f326d4	11203	11314	12	2. Защитим человека труда	substantive	0	0	
npk-0104	npk	8a13fcd57248994f0857005074e5f57c0f72f01f6f8d378c9372bc0234f326d4	11315	11484	12	2. Защитим человека труда	substantive	0	0	
npk-0105	npk	8a13fcd57248994f0857005074e5f57c0f72f01f6f8d378c9372bc0234f326d4	11485	11592	12	2. Защитим человека труда	substantive	0	0	
npk-0106	npk	8a13fcd57248994f0857005074e5f57c0f72f01f6f8d378c9372bc0234f326d4	11593	11654	12	2. Защитим человека труда	substantive	0	0	
npk-0107	npk	8a13fcd57248994f0857005074e5f57c0f72f01f6f8d378c9372bc0234f326d4	11659	11696	13	3. Женщины меняют Казахстан к лучшему	structural	1	0	
npk-0108	npk	8a13fcd57248994f0857005074e5f57c0f72f01f6f8d378c9372bc0234f326d4	11698	11813	13	3. Женщины меняют Казахстан к лучшему	substantive	0	0	
npk-0109	npk	8a13fcd57248994f0857005074e5f57c0f72f01f6f8d378c9372bc0234f326d4	11814	11870	13	3. Женщины меняют Казахстан к лучшему	substantive	0	0	
npk-0110	npk	8a13fcd57248994f0857005074e5f57c0f72f01f6f8d378c9372bc0234f326d4	11871	11999	13	3. Женщины меняют Казахстан к лучшему	substantive	0	0	
npk-0111	npk	8a13fcd57248994f0857005074e5f57c0f72f01f6f8d378c9372bc0234f326d4	12002	12033	13	3. Женщины меняют Казахстан к лучшему	substantive	0	0	
npk-0112	npk	8a13fcd57248994f0857005074e5f57c0f72f01f6f8d378c9372bc0234f326d4	12034	12083	13	3. Женщины меняют Казахстан к лучшему	substantive	0	0	
npk-0113	npk	8a13fcd57248994f0857005074e5f57c0f72f01f6f8d378c9372bc0234f326d4	12084	12125	13	3. Женщины меняют Казахстан к лучшему	substantive	0	0	
npk-0114	npk	8a13fcd57248994f0857005074e5f57c0f72f01f6f8d378c9372bc0234f326d4	12126	12165	13	3. Женщины меняют Казахстан к лучшему	substantive	0	0	
npk-0115	npk	8a13fcd57248994f0857005074e5f57c0f72f01f6f8d378c9372bc0234f326d4	12166	12320	13	3. Женщины меняют Казахстан к лучшему	substantive	0	0	
npk-0116	npk	8a13fcd57248994f0857005074e5f57c0f72f01f6f8d378c9372bc0234f326d4	12325	12364	14	4. Пожилой человек должен жить достойно	structural	1	0	
npk-0117	npk	8a13fcd57248994f0857005074e5f57c0f72f01f6f8d378c9372bc0234f326d4	12366	12433	14	4. Пожилой человек должен жить достойно	substantive	0	0	
npk-0118	npk	8a13fcd57248994f0857005074e5f57c0f72f01f6f8d378c9372bc0234f326d4	12434	12541	14	4. Пожилой человек должен жить достойно	substantive	0	0	
npk-0119	npk	8a13fcd57248994f0857005074e5f57c0f72f01f6f8d378c9372bc0234f326d4	12544	12626	14	4. Пожилой человек должен жить достойно	substantive	0	0	
npk-0120	npk	8a13fcd57248994f0857005074e5f57c0f72f01f6f8d378c9372bc0234f326d4	12627	12674	14	4. Пожилой человек должен жить достойно	substantive	0	0	
npk-0121	npk	8a13fcd57248994f0857005074e5f57c0f72f01f6f8d378c9372bc0234f326d4	12675	12738	14	4. Пожилой человек должен жить достойно	substantive	0	0	
npk-0122	npk	8a13fcd57248994f0857005074e5f57c0f72f01f6f8d378c9372bc0234f326d4	12739	12834	14	4. Пожилой человек должен жить достойно	substantive	0	0	
npk-0123	npk	8a13fcd57248994f0857005074e5f57c0f72f01f6f8d378c9372bc0234f326d4	12835	12883	14	4. Пожилой человек должен жить достойно	substantive	0	0	
npk-0124	npk	8a13fcd57248994f0857005074e5f57c0f72f01f6f8d378c9372bc0234f326d4	12884	12945	14	4. Пожилой человек должен жить достойно	substantive	0	0	
npk-0125	npk	8a13fcd57248994f0857005074e5f57c0f72f01f6f8d378c9372bc0234f326d4	12946	12997	14	4. Пожилой человек должен жить достойно	substantive	0	0	
npk-0126	npk	8a13fcd57248994f0857005074e5f57c0f72f01f6f8d378c9372bc0234f326d4	12998	13134	14	4. Пожилой человек должен жить достойно	substantive	0	0	
npk-0127	npk	8a13fcd57248994f0857005074e5f57c0f72f01f6f8d378c9372bc0234f326d4	13135	13208	14	4. Пожилой человек должен жить достойно	substantive	0	0	
npk-0128	npk	8a13fcd57248994f0857005074e5f57c0f72f01f6f8d378c9372bc0234f326d4	13209	13251	14	4. Пожилой человек должен жить достойно	substantive	0	0	
npk-0129	npk	8a13fcd57248994f0857005074e5f57c0f72f01f6f8d378c9372bc0234f326d4	13252	13299	14	4. Пожилой человек должен жить достойно	substantive	0	0	
npk-0130	npk	8a13fcd57248994f0857005074e5f57c0f72f01f6f8d378c9372bc0234f326d4	13304	13327	15	5. Мы разные, но равные	structural	1	0	
npk-0131	npk	8a13fcd57248994f0857005074e5f57c0f72f01f6f8d378c9372bc0234f326d4	13328	13432	15	5. Мы разные, но равные	substantive	0	0	
npk-0132	npk	8a13fcd57248994f0857005074e5f57c0f72f01f6f8d378c9372bc0234f326d4	13433	13567	15	5. Мы разные, но равные	substantive	0	0	
npk-0133	npk	8a13fcd57248994f0857005074e5f57c0f72f01f6f8d378c9372bc0234f326d4	13570	13753	15	5. Мы разные, но равные	substantive	0	0	
npk-0134	npk	8a13fcd57248994f0857005074e5f57c0f72f01f6f8d378c9372bc0234f326d4	13754	13982	15	5. Мы разные, но равные	substantive	0	0	
npk-0135	npk	8a13fcd57248994f0857005074e5f57c0f72f01f6f8d378c9372bc0234f326d4	13983	14143	15	5. Мы разные, но равные	substantive	0	0	
npk-0136	npk	8a13fcd57248994f0857005074e5f57c0f72f01f6f8d378c9372bc0234f326d4	14144	14290	15	5. Мы разные, но равные	substantive	0	0	
npk-0137	npk	8a13fcd57248994f0857005074e5f57c0f72f01f6f8d378c9372bc0234f326d4	14291	14380	15	5. Мы разные, но равные	substantive	0	0	
npk-0138	npk	8a13fcd57248994f0857005074e5f57c0f72f01f6f8d378c9372bc0234f326d4	14381	14639	15	5. Мы разные, но равные	substantive	0	0	
npk-0139	npk	8a13fcd57248994f0857005074e5f57c0f72f01f6f8d378c9372bc0234f326d4	14643	14868	16	5. Мы разные, но равные	substantive	0	0	
npk-0140	npk	8a13fcd57248994f0857005074e5f57c0f72f01f6f8d378c9372bc0234f326d4	14869	15096	16	5. Мы разные, но равные	substantive	0	0	
npk-0141	npk	8a13fcd57248994f0857005074e5f57c0f72f01f6f8d378c9372bc0234f326d4	15097	15304	16	5. Мы разные, но равные	substantive	0	0	
npk-0142	npk	8a13fcd57248994f0857005074e5f57c0f72f01f6f8d378c9372bc0234f326d4	15305	15644	16	5. Мы разные, но равные	substantive	0	0	
npk-0143	npk	8a13fcd57248994f0857005074e5f57c0f72f01f6f8d378c9372bc0234f326d4	15645	15840	16	5. Мы разные, но равные	substantive	0	0	
npk-0144	npk	8a13fcd57248994f0857005074e5f57c0f72f01f6f8d378c9372bc0234f326d4	15841	15981	16	5. Мы разные, но равные	substantive	0	0	
npk-0145	npk	8a13fcd57248994f0857005074e5f57c0f72f01f6f8d378c9372bc0234f326d4	15982	16096	16	5. Мы разные, но равные	substantive	0	0	
npk-0146	npk	8a13fcd57248994f0857005074e5f57c0f72f01f6f8d378c9372bc0234f326d4	16097	16163	16	5. Мы разные, но равные	substantive	0	0	
npk-0147	npk	8a13fcd57248994f0857005074e5f57c0f72f01f6f8d378c9372bc0234f326d4	16167	16300	17	5. Мы разные, но равные	substantive	0	0	
npk-0148	npk	8a13fcd57248994f0857005074e5f57c0f72f01f6f8d378c9372bc0234f326d4	16301	16461	17	5. Мы разные, но равные	substantive	0	0	
npk-0149	npk	8a13fcd57248994f0857005074e5f57c0f72f01f6f8d378c9372bc0234f326d4	16462	16665	17	5. Мы разные, но равные	substantive	0	0	
npk-0150	npk	8a13fcd57248994f0857005074e5f57c0f72f01f6f8d378c9372bc0234f326d4	16666	16856	17	5. Мы разные, но равные	substantive	0	0	
npk-0151	npk	8a13fcd57248994f0857005074e5f57c0f72f01f6f8d378c9372bc0234f326d4	16861	16914	18	6. Здравоохранение, как приоритет социальной политики	structural	1	0	
npk-0152	npk	8a13fcd57248994f0857005074e5f57c0f72f01f6f8d378c9372bc0234f326d4	16916	17066	18	6. Здравоохранение, как приоритет социальной политики	substantive	0	0	
npk-0153	npk	8a13fcd57248994f0857005074e5f57c0f72f01f6f8d378c9372bc0234f326d4	17067	17142	18	6. Здравоохранение, как приоритет социальной политики	substantive	0	0	
npk-0154	npk	8a13fcd57248994f0857005074e5f57c0f72f01f6f8d378c9372bc0234f326d4	17143	17213	18	6. Здравоохранение, как приоритет социальной политики	substantive	0	0	
npk-0155	npk	8a13fcd57248994f0857005074e5f57c0f72f01f6f8d378c9372bc0234f326d4	17214	17333	18	6. Здравоохранение, как приоритет социальной политики	substantive	0	0	
npk-0156	npk	8a13fcd57248994f0857005074e5f57c0f72f01f6f8d378c9372bc0234f326d4	17334	17440	18	6. Здравоохранение, как приоритет социальной политики	substantive	0	0	
npk-0157	npk	8a13fcd57248994f0857005074e5f57c0f72f01f6f8d378c9372bc0234f326d4	17441	17623	18	6. Здравоохранение, как приоритет социальной политики	substantive	0	0	
npk-0158	npk	8a13fcd57248994f0857005074e5f57c0f72f01f6f8d378c9372bc0234f326d4	17626	17734	18	6. Здравоохранение, как приоритет социальной политики	substantive	0	0	
npk-0159	npk	8a13fcd57248994f0857005074e5f57c0f72f01f6f8d378c9372bc0234f326d4	17735	17889	18	6. Здравоохранение, как приоритет социальной политики	substantive	0	0	
npk-0160	npk	8a13fcd57248994f0857005074e5f57c0f72f01f6f8d378c9372bc0234f326d4	17890	18023	18	6. Здравоохранение, как приоритет социальной политики	substantive	0	0	
npk-0161	npk	8a13fcd57248994f0857005074e5f57c0f72f01f6f8d378c9372bc0234f326d4	18024	18146	18	6. Здравоохранение, как приоритет социальной политики	substantive	0	0	
npk-0162	npk	8a13fcd57248994f0857005074e5f57c0f72f01f6f8d378c9372bc0234f326d4	18147	18237	18	6. Здравоохранение, как приоритет социальной политики	substantive	0	0	
npk-0163	npk	8a13fcd57248994f0857005074e5f57c0f72f01f6f8d378c9372bc0234f326d4	18241	18360	19	6. Здравоохранение, как приоритет социальной политики	substantive	0	0	
npk-0164	npk	8a13fcd57248994f0857005074e5f57c0f72f01f6f8d378c9372bc0234f326d4	18361	18420	19	6. Здравоохранение, как приоритет социальной политики	substantive	0	0	
npk-0165	npk	8a13fcd57248994f0857005074e5f57c0f72f01f6f8d378c9372bc0234f326d4	18421	18578	19	6. Здравоохранение, как приоритет социальной политики	substantive	0	0	
npk-0166	npk	8a13fcd57248994f0857005074e5f57c0f72f01f6f8d378c9372bc0234f326d4	18579	18693	19	6. Здравоохранение, как приоритет социальной политики	substantive	0	0	
npk-0167	npk	8a13fcd57248994f0857005074e5f57c0f72f01f6f8d378c9372bc0234f326d4	18694	18771	19	6. Здравоохранение, как приоритет социальной политики	substantive	0	0	
npk-0168	npk	8a13fcd57248994f0857005074e5f57c0f72f01f6f8d378c9372bc0234f326d4	18772	18876	19	6. Здравоохранение, как приоритет социальной политики	substantive	0	0	
npk-0169	npk	8a13fcd57248994f0857005074e5f57c0f72f01f6f8d378c9372bc0234f326d4	18877	18937	19	6. Здравоохранение, как приоритет социальной политики	substantive	0	0	
npk-0170	npk	8a13fcd57248994f0857005074e5f57c0f72f01f6f8d378c9372bc0234f326d4	18938	18993	19	6. Здравоохранение, как приоритет социальной политики	substantive	0	0	
npk-0171	npk	8a13fcd57248994f0857005074e5f57c0f72f01f6f8d378c9372bc0234f326d4	18994	19035	19	6. Здравоохранение, как приоритет социальной политики	substantive	0	0	
npk-0172	npk	8a13fcd57248994f0857005074e5f57c0f72f01f6f8d378c9372bc0234f326d4	19036	19092	19	6. Здравоохранение, как приоритет социальной политики	substantive	0	0	
npk-0173	npk	8a13fcd57248994f0857005074e5f57c0f72f01f6f8d378c9372bc0234f326d4	19093	19182	19	6. Здравоохранение, как приоритет социальной политики	substantive	0	0	
npk-0174	npk	8a13fcd57248994f0857005074e5f57c0f72f01f6f8d378c9372bc0234f326d4	19183	19235	19	6. Здравоохранение, как приоритет социальной политики	substantive	0	0	
npk-0175	npk	8a13fcd57248994f0857005074e5f57c0f72f01f6f8d378c9372bc0234f326d4	19236	19311	19	6. Здравоохранение, как приоритет социальной политики	substantive	0	0	
npk-0176	npk	8a13fcd57248994f0857005074e5f57c0f72f01f6f8d378c9372bc0234f326d4	19312	19369	19	6. Здравоохранение, как приоритет социальной политики	substantive	0	0	
npk-0177	npk	8a13fcd57248994f0857005074e5f57c0f72f01f6f8d378c9372bc0234f326d4	19370	19555	19	6. Здравоохранение, как приоритет социальной политики	substantive	0	0	
npk-0178	npk	8a13fcd57248994f0857005074e5f57c0f72f01f6f8d378c9372bc0234f326d4	19556	19653	19	6. Здравоохранение, как приоритет социальной политики	substantive	0	0	
npk-0179	npk	8a13fcd57248994f0857005074e5f57c0f72f01f6f8d378c9372bc0234f326d4	19658	19705	20	7. Доступное образование – инвестиция в будущее	structural	1	0	
npk-0180	npk	8a13fcd57248994f0857005074e5f57c0f72f01f6f8d378c9372bc0234f326d4	19707	19790	20	7. Доступное образование – инвестиция в будущее	substantive	0	0	
npk-0181	npk	8a13fcd57248994f0857005074e5f57c0f72f01f6f8d378c9372bc0234f326d4	19791	19959	20	7. Доступное образование – инвестиция в будущее	substantive	0	0	
npk-0182	npk	8a13fcd57248994f0857005074e5f57c0f72f01f6f8d378c9372bc0234f326d4	19960	20059	20	7. Доступное образование – инвестиция в будущее	substantive	0	0	
npk-0183	npk	8a13fcd57248994f0857005074e5f57c0f72f01f6f8d378c9372bc0234f326d4	20060	20180	20	7. Доступное образование – инвестиция в будущее	substantive	0	0	
npk-0184	npk	8a13fcd57248994f0857005074e5f57c0f72f01f6f8d378c9372bc0234f326d4	20183	20246	20	7. Доступное образование – инвестиция в будущее	substantive	0	0	
npk-0185	npk	8a13fcd57248994f0857005074e5f57c0f72f01f6f8d378c9372bc0234f326d4	20247	20317	20	7. Доступное образование – инвестиция в будущее	substantive	0	0	
npk-0186	npk	8a13fcd57248994f0857005074e5f57c0f72f01f6f8d378c9372bc0234f326d4	20318	20399	20	7. Доступное образование – инвестиция в будущее	substantive	0	0	
npk-0187	npk	8a13fcd57248994f0857005074e5f57c0f72f01f6f8d378c9372bc0234f326d4	20400	20528	20	7. Доступное образование – инвестиция в будущее	substantive	0	0	
npk-0188	npk	8a13fcd57248994f0857005074e5f57c0f72f01f6f8d378c9372bc0234f326d4	20529	20714	20	7. Доступное образование – инвестиция в будущее	substantive	0	0	
npk-0189	npk	8a13fcd57248994f0857005074e5f57c0f72f01f6f8d378c9372bc0234f326d4	20715	20941	20	7. Доступное образование – инвестиция в будущее	substantive	0	0	
npk-0190	npk	8a13fcd57248994f0857005074e5f57c0f72f01f6f8d378c9372bc0234f326d4	20945	21116	21	7. Доступное образование – инвестиция в будущее	substantive	0	0	
npk-0191	npk	8a13fcd57248994f0857005074e5f57c0f72f01f6f8d378c9372bc0234f326d4	21117	21255	21	7. Доступное образование – инвестиция в будущее	substantive	0	0	
npk-0192	npk	8a13fcd57248994f0857005074e5f57c0f72f01f6f8d378c9372bc0234f326d4	21256	21391	21	7. Доступное образование – инвестиция в будущее	substantive	0	0	
npk-0193	npk	8a13fcd57248994f0857005074e5f57c0f72f01f6f8d378c9372bc0234f326d4	21392	21550	21	7. Доступное образование – инвестиция в будущее	substantive	0	0	
npk-0194	npk	8a13fcd57248994f0857005074e5f57c0f72f01f6f8d378c9372bc0234f326d4	21551	21649	21	7. Доступное образование – инвестиция в будущее	substantive	0	0	
npk-0195	npk	8a13fcd57248994f0857005074e5f57c0f72f01f6f8d378c9372bc0234f326d4	21650	21809	21	7. Доступное образование – инвестиция в будущее	substantive	0	0	
npk-0196	npk	8a13fcd57248994f0857005074e5f57c0f72f01f6f8d378c9372bc0234f326d4	21810	21898	21	7. Доступное образование – инвестиция в будущее	substantive	0	0	
npk-0197	npk	8a13fcd57248994f0857005074e5f57c0f72f01f6f8d378c9372bc0234f326d4	21899	21989	21	7. Доступное образование – инвестиция в будущее	substantive	0	0	
npk-0198	npk	8a13fcd57248994f0857005074e5f57c0f72f01f6f8d378c9372bc0234f326d4	21990	22066	21	7. Доступное образование – инвестиция в будущее	substantive	0	0	
npk-0199	npk	8a13fcd57248994f0857005074e5f57c0f72f01f6f8d378c9372bc0234f326d4	22067	22171	21	7. Доступное образование – инвестиция в будущее	substantive	0	0	
npk-0200	npk	8a13fcd57248994f0857005074e5f57c0f72f01f6f8d378c9372bc0234f326d4	22176	22212	22	8. Молодежь – главный капитал страны	structural	1	0	
npk-0201	npk	8a13fcd57248994f0857005074e5f57c0f72f01f6f8d378c9372bc0234f326d4	22214	22276	22	8. Молодежь – главный капитал страны	substantive	0	0	
npk-0202	npk	8a13fcd57248994f0857005074e5f57c0f72f01f6f8d378c9372bc0234f326d4	22277	22349	22	8. Молодежь – главный капитал страны	substantive	0	0	
npk-0203	npk	8a13fcd57248994f0857005074e5f57c0f72f01f6f8d378c9372bc0234f326d4	22350	22483	22	8. Молодежь – главный капитал страны	substantive	0	0	
npk-0204	npk	8a13fcd57248994f0857005074e5f57c0f72f01f6f8d378c9372bc0234f326d4	22484	22573	22	8. Молодежь – главный капитал страны	substantive	0	0	
npk-0205	npk	8a13fcd57248994f0857005074e5f57c0f72f01f6f8d378c9372bc0234f326d4	22576	22636	22	8. Молодежь – главный капитал страны	substantive	0	0	
npk-0206	npk	8a13fcd57248994f0857005074e5f57c0f72f01f6f8d378c9372bc0234f326d4	22637	22670	22	8. Молодежь – главный капитал страны	substantive	0	0	
npk-0207	npk	8a13fcd57248994f0857005074e5f57c0f72f01f6f8d378c9372bc0234f326d4	22671	22713	22	8. Молодежь – главный капитал страны	substantive	0	0	
npk-0208	npk	8a13fcd57248994f0857005074e5f57c0f72f01f6f8d378c9372bc0234f326d4	22714	22771	22	8. Молодежь – главный капитал страны	substantive	0	0	
npk-0209	npk	8a13fcd57248994f0857005074e5f57c0f72f01f6f8d378c9372bc0234f326d4	22772	22845	22	8. Молодежь – главный капитал страны	substantive	0	0	
npk-0210	npk	8a13fcd57248994f0857005074e5f57c0f72f01f6f8d378c9372bc0234f326d4	22846	23011	22	8. Молодежь – главный капитал страны	substantive	0	0	
npk-0211	npk	8a13fcd57248994f0857005074e5f57c0f72f01f6f8d378c9372bc0234f326d4	23012	23085	22	8. Молодежь – главный капитал страны	substantive	0	0	
npk-0212	npk	8a13fcd57248994f0857005074e5f57c0f72f01f6f8d378c9372bc0234f326d4	23090	23116	23	9. Единство в многообразии	structural	1	0	
npk-0213	npk	8a13fcd57248994f0857005074e5f57c0f72f01f6f8d378c9372bc0234f326d4	23118	23274	23	9. Единство в многообразии	substantive	0	0	
npk-0214	npk	8a13fcd57248994f0857005074e5f57c0f72f01f6f8d378c9372bc0234f326d4	23275	23402	23	9. Единство в многообразии	substantive	0	0	
npk-0215	npk	8a13fcd57248994f0857005074e5f57c0f72f01f6f8d378c9372bc0234f326d4	23403	23517	23	9. Единство в многообразии	substantive	0	0	
npk-0216	npk	8a13fcd57248994f0857005074e5f57c0f72f01f6f8d378c9372bc0234f326d4	23518	23568	23	9. Единство в многообразии	substantive	0	0	
npk-0217	npk	8a13fcd57248994f0857005074e5f57c0f72f01f6f8d378c9372bc0234f326d4	23569	23670	23	9. Единство в многообразии	substantive	0	0	
npk-0218	npk	8a13fcd57248994f0857005074e5f57c0f72f01f6f8d378c9372bc0234f326d4	23671	23739	23	9. Единство в многообразии	substantive	0	0	
npk-0219	npk	8a13fcd57248994f0857005074e5f57c0f72f01f6f8d378c9372bc0234f326d4	23742	23790	23	9. Единство в многообразии	substantive	0	0	
npk-0220	npk	8a13fcd57248994f0857005074e5f57c0f72f01f6f8d378c9372bc0234f326d4	23791	23995	23	9. Единство в многообразии	substantive	0	0	
npk-0221	npk	8a13fcd57248994f0857005074e5f57c0f72f01f6f8d378c9372bc0234f326d4	23996	24089	23	9. Единство в многообразии	substantive	0	0	
npk-0222	npk	8a13fcd57248994f0857005074e5f57c0f72f01f6f8d378c9372bc0234f326d4	24090	24247	23	9. Единство в многообразии	substantive	0	0	
npk-0223	npk	8a13fcd57248994f0857005074e5f57c0f72f01f6f8d378c9372bc0234f326d4	24248	24328	23	9. Единство в многообразии	substantive	0	0	
npk-0224	npk	8a13fcd57248994f0857005074e5f57c0f72f01f6f8d378c9372bc0234f326d4	24332	24430	24	9. Единство в многообразии	substantive	1	0	
npk-0225	npk	8a13fcd57248994f0857005074e5f57c0f72f01f6f8d378c9372bc0234f326d4	24431	24507	24	9. Единство в многообразии	substantive	0	0	
npk-0226	npk	8a13fcd57248994f0857005074e5f57c0f72f01f6f8d378c9372bc0234f326d4	24508	24586	24	9. Единство в многообразии	substantive	0	0	
npk-0227	npk	8a13fcd57248994f0857005074e5f57c0f72f01f6f8d378c9372bc0234f326d4	24587	24643	24	9. Единство в многообразии	substantive	0	0	
npk-0228	npk	8a13fcd57248994f0857005074e5f57c0f72f01f6f8d378c9372bc0234f326d4	24644	24705	24	9. Единство в многообразии	substantive	0	0	
npk-0229	npk	8a13fcd57248994f0857005074e5f57c0f72f01f6f8d378c9372bc0234f326d4	24706	24795	24	9. Единство в многообразии	substantive	0	0	
npk-0230	npk	8a13fcd57248994f0857005074e5f57c0f72f01f6f8d378c9372bc0234f326d4	24796	24850	24	9. Единство в многообразии	substantive	0	0	
npk-0231	npk	8a13fcd57248994f0857005074e5f57c0f72f01f6f8d378c9372bc0234f326d4	24851	24947	24	9. Единство в многообразии	substantive	0	0	
npk-0232	npk	8a13fcd57248994f0857005074e5f57c0f72f01f6f8d378c9372bc0234f326d4	24949	24993	24	9. Единство в многообразии	substantive	1	0	
npk-0233	npk	8a13fcd57248994f0857005074e5f57c0f72f01f6f8d378c9372bc0234f326d4	24995	25198	25	9. Единство в многообразии	substantive	0	0	
npk-0234	npk	8a13fcd57248994f0857005074e5f57c0f72f01f6f8d378c9372bc0234f326d4	25199	25261	25	9. Единство в многообразии	substantive	0	0	
npk-0235	npk	8a13fcd57248994f0857005074e5f57c0f72f01f6f8d378c9372bc0234f326d4	25262	25359	25	9. Единство в многообразии	substantive	0	0	
npk-0236	npk	8a13fcd57248994f0857005074e5f57c0f72f01f6f8d378c9372bc0234f326d4	25360	25473	25	9. Единство в многообразии	substantive	0	0	
npk-0237	npk	8a13fcd57248994f0857005074e5f57c0f72f01f6f8d378c9372bc0234f326d4	25476	25556	25	9. Единство в многообразии	substantive	0	0	
npk-0238	npk	8a13fcd57248994f0857005074e5f57c0f72f01f6f8d378c9372bc0234f326d4	25557	25596	25	9. Единство в многообразии	substantive	0	0	
npk-0239	npk	8a13fcd57248994f0857005074e5f57c0f72f01f6f8d378c9372bc0234f326d4	25597	25695	25	9. Единство в многообразии	substantive	0	0	
npk-0240	npk	8a13fcd57248994f0857005074e5f57c0f72f01f6f8d378c9372bc0234f326d4	25696	25838	25	9. Единство в многообразии	substantive	0	0	
npk-0241	npk	8a13fcd57248994f0857005074e5f57c0f72f01f6f8d378c9372bc0234f326d4	25839	25933	25	9. Единство в многообразии	substantive	0	0	
npk-0242	npk	8a13fcd57248994f0857005074e5f57c0f72f01f6f8d378c9372bc0234f326d4	25934	26025	25	9. Единство в многообразии	substantive	0	0	
npk-0243	npk	8a13fcd57248994f0857005074e5f57c0f72f01f6f8d378c9372bc0234f326d4	26026	26062	25	9. Единство в многообразии	substantive	0	0	
npk-0244	npk	8a13fcd57248994f0857005074e5f57c0f72f01f6f8d378c9372bc0234f326d4	26066	26126	26	9. Единство в многообразии	substantive	0	0	
npk-0245	npk	8a13fcd57248994f0857005074e5f57c0f72f01f6f8d378c9372bc0234f326d4	26127	26200	26	9. Единство в многообразии	substantive	0	0	
npk-0246	npk	8a13fcd57248994f0857005074e5f57c0f72f01f6f8d378c9372bc0234f326d4	26201	26310	26	9. Единство в многообразии	substantive	0	0	
npk-0247	npk	8a13fcd57248994f0857005074e5f57c0f72f01f6f8d378c9372bc0234f326d4	26311	26416	26	9. Единство в многообразии	substantive	0	0	
npk-0248	npk	8a13fcd57248994f0857005074e5f57c0f72f01f6f8d378c9372bc0234f326d4	26417	26525	26	9. Единство в многообразии	substantive	0	0	
npk-0249	npk	8a13fcd57248994f0857005074e5f57c0f72f01f6f8d378c9372bc0234f326d4	26526	26616	26	9. Единство в многообразии	substantive	0	0	
npk-0250	npk	8a13fcd57248994f0857005074e5f57c0f72f01f6f8d378c9372bc0234f326d4	26621	26686	27	11. Безопасность граждан и современная правоохранительная система	structural	1	0	
npk-0251	npk	8a13fcd57248994f0857005074e5f57c0f72f01f6f8d378c9372bc0234f326d4	26688	26784	27	11. Безопасность граждан и современная правоохранительная система	substantive	0	0	
npk-0252	npk	8a13fcd57248994f0857005074e5f57c0f72f01f6f8d378c9372bc0234f326d4	26785	26970	27	11. Безопасность граждан и современная правоохранительная система	substantive	0	0	
npk-0253	npk	8a13fcd57248994f0857005074e5f57c0f72f01f6f8d378c9372bc0234f326d4	26971	27030	27	11. Безопасность граждан и современная правоохранительная система	substantive	0	0	
npk-0254	npk	8a13fcd57248994f0857005074e5f57c0f72f01f6f8d378c9372bc0234f326d4	27031	27131	27	11. Безопасность граждан и современная правоохранительная система	substantive	0	0	
npk-0255	npk	8a13fcd57248994f0857005074e5f57c0f72f01f6f8d378c9372bc0234f326d4	27134	27192	27	11. Безопасность граждан и современная правоохранительная система	substantive	0	0	
npk-0256	npk	8a13fcd57248994f0857005074e5f57c0f72f01f6f8d378c9372bc0234f326d4	27193	27254	27	11. Безопасность граждан и современная правоохранительная система	substantive	0	0	
npk-0257	npk	8a13fcd57248994f0857005074e5f57c0f72f01f6f8d378c9372bc0234f326d4	27255	27318	27	11. Безопасность граждан и современная правоохранительная система	substantive	0	0	
npk-0258	npk	8a13fcd57248994f0857005074e5f57c0f72f01f6f8d378c9372bc0234f326d4	27319	27420	27	11. Безопасность граждан и современная правоохранительная система	substantive	0	0	
npk-0259	npk	8a13fcd57248994f0857005074e5f57c0f72f01f6f8d378c9372bc0234f326d4	27421	27466	27	11. Безопасность граждан и современная правоохранительная система	substantive	0	0	
npk-0260	npk	8a13fcd57248994f0857005074e5f57c0f72f01f6f8d378c9372bc0234f326d4	27467	27537	27	11. Безопасность граждан и современная правоохранительная система	substantive	0	0	
npk-0261	npk	8a13fcd57248994f0857005074e5f57c0f72f01f6f8d378c9372bc0234f326d4	27538	27651	27	11. Безопасность граждан и современная правоохранительная система	substantive	0	0	
npk-0262	npk	8a13fcd57248994f0857005074e5f57c0f72f01f6f8d378c9372bc0234f326d4	27652	27789	27	11. Безопасность граждан и современная правоохранительная система	substantive	1	0	
npk-0263	npk	8a13fcd57248994f0857005074e5f57c0f72f01f6f8d378c9372bc0234f326d4	27790	27893	28	11. Безопасность граждан и современная правоохранительная система	substantive	0	0	
npk-0264	npk	8a13fcd57248994f0857005074e5f57c0f72f01f6f8d378c9372bc0234f326d4	27894	28021	28	11. Безопасность граждан и современная правоохранительная система	substantive	0	0	
npk-0265	npk	8a13fcd57248994f0857005074e5f57c0f72f01f6f8d378c9372bc0234f326d4	28022	28108	28	11. Безопасность граждан и современная правоохранительная система	substantive	0	0	
npk-0266	npk	8a13fcd57248994f0857005074e5f57c0f72f01f6f8d378c9372bc0234f326d4	28109	28177	28	11. Безопасность граждан и современная правоохранительная система	substantive	0	0	
npk-0267	npk	8a13fcd57248994f0857005074e5f57c0f72f01f6f8d378c9372bc0234f326d4	28178	28300	28	11. Безопасность граждан и современная правоохранительная система	substantive	0	0	
npk-0268	npk	8a13fcd57248994f0857005074e5f57c0f72f01f6f8d378c9372bc0234f326d4	28301	28437	28	11. Безопасность граждан и современная правоохранительная система	substantive	0	0	
npk-0269	npk	8a13fcd57248994f0857005074e5f57c0f72f01f6f8d378c9372bc0234f326d4	28442	28477	29	12. «Таза Казахстан» – чистая среда	structural	1	0	
npk-0270	npk	8a13fcd57248994f0857005074e5f57c0f72f01f6f8d378c9372bc0234f326d4	28479	28558	29	12. «Таза Казахстан» – чистая среда	substantive	0	0	
npk-0271	npk	8a13fcd57248994f0857005074e5f57c0f72f01f6f8d378c9372bc0234f326d4	28559	28657	29	12. «Таза Казахстан» – чистая среда	substantive	0	0	
npk-0272	npk	8a13fcd57248994f0857005074e5f57c0f72f01f6f8d378c9372bc0234f326d4	28658	28757	29	12. «Таза Казахстан» – чистая среда	substantive	0	0	
npk-0273	npk	8a13fcd57248994f0857005074e5f57c0f72f01f6f8d378c9372bc0234f326d4	28758	28855	29	12. «Таза Казахстан» – чистая среда	substantive	0	0	
npk-0274	npk	8a13fcd57248994f0857005074e5f57c0f72f01f6f8d378c9372bc0234f326d4	28858	28899	29	12. «Таза Казахстан» – чистая среда	substantive	0	0	
npk-0275	npk	8a13fcd57248994f0857005074e5f57c0f72f01f6f8d378c9372bc0234f326d4	28900	29014	29	12. «Таза Казахстан» – чистая среда	substantive	0	0	
npk-0276	npk	8a13fcd57248994f0857005074e5f57c0f72f01f6f8d378c9372bc0234f326d4	29015	29064	29	12. «Таза Казахстан» – чистая среда	substantive	0	0	
npk-0277	npk	8a13fcd57248994f0857005074e5f57c0f72f01f6f8d378c9372bc0234f326d4	29065	29165	29	12. «Таза Казахстан» – чистая среда	substantive	0	0	
npk-0278	npk	8a13fcd57248994f0857005074e5f57c0f72f01f6f8d378c9372bc0234f326d4	29166	29287	29	12. «Таза Казахстан» – чистая среда	substantive	0	0	
npk-0279	npk	8a13fcd57248994f0857005074e5f57c0f72f01f6f8d378c9372bc0234f326d4	29288	29412	29	12. «Таза Казахстан» – чистая среда	substantive	0	0	
npk-0280	npk	8a13fcd57248994f0857005074e5f57c0f72f01f6f8d378c9372bc0234f326d4	29413	29457	29	12. «Таза Казахстан» – чистая среда	substantive	0	0	
npk-0281	npk	8a13fcd57248994f0857005074e5f57c0f72f01f6f8d378c9372bc0234f326d4	29458	29562	29	12. «Таза Казахстан» – чистая среда	substantive	0	0	
npk-0282	npk	8a13fcd57248994f0857005074e5f57c0f72f01f6f8d378c9372bc0234f326d4	29563	29695	29	12. «Таза Казахстан» – чистая среда	substantive	0	0	
npk-0283	npk	8a13fcd57248994f0857005074e5f57c0f72f01f6f8d378c9372bc0234f326d4	29699	29752	30	12. «Таза Казахстан» – чистая среда	substantive	0	0	
npk-0284	npk	8a13fcd57248994f0857005074e5f57c0f72f01f6f8d378c9372bc0234f326d4	29753	29885	30	12. «Таза Казахстан» – чистая среда	substantive	0	0	
npk-0285	npk	8a13fcd57248994f0857005074e5f57c0f72f01f6f8d378c9372bc0234f326d4	29886	29985	30	12. «Таза Казахстан» – чистая среда	substantive	1	0	
npk-0286	npk	8a13fcd57248994f0857005074e5f57c0f72f01f6f8d378c9372bc0234f326d4	29986	30080	30	12. «Таза Казахстан» – чистая среда	substantive	0	0	
npk-0287	npk	8a13fcd57248994f0857005074e5f57c0f72f01f6f8d378c9372bc0234f326d4	30081	30202	30	12. «Таза Казахстан» – чистая среда	substantive	0	0	
npk-0288	npk	8a13fcd57248994f0857005074e5f57c0f72f01f6f8d378c9372bc0234f326d4	30203	30297	30	12. «Таза Казахстан» – чистая среда	substantive	0	0	
npk-0289	npk	8a13fcd57248994f0857005074e5f57c0f72f01f6f8d378c9372bc0234f326d4	30298	30439	30	12. «Таза Казахстан» – чистая среда	substantive	0	0	
npk-0290	npk	8a13fcd57248994f0857005074e5f57c0f72f01f6f8d378c9372bc0234f326d4	30440	30598	30	12. «Таза Казахстан» – чистая среда	substantive	0	0	
npk-0291	npk	8a13fcd57248994f0857005074e5f57c0f72f01f6f8d378c9372bc0234f326d4	30599	30686	30	12. «Таза Казахстан» – чистая среда	substantive	0	0	
npk-0292	npk	8a13fcd57248994f0857005074e5f57c0f72f01f6f8d378c9372bc0234f326d4	30687	30755	30	12. «Таза Казахстан» – чистая среда	substantive	0	0	
npk-0293	npk	8a13fcd57248994f0857005074e5f57c0f72f01f6f8d378c9372bc0234f326d4	30756	30838	30	12. «Таза Казахстан» – чистая среда	substantive	0	0	
npk-0294	npk	8a13fcd57248994f0857005074e5f57c0f72f01f6f8d378c9372bc0234f326d4	30843	30885	31	13. Равные возможности для каждого региона	structural	1	0	
npk-0295	npk	8a13fcd57248994f0857005074e5f57c0f72f01f6f8d378c9372bc0234f326d4	30887	31270	31	13. Равные возможности для каждого региона	substantive	0	0	
npk-0296	npk	8a13fcd57248994f0857005074e5f57c0f72f01f6f8d378c9372bc0234f326d4	31271	31384	31	13. Равные возможности для каждого региона	substantive	0	0	
npk-0297	npk	8a13fcd57248994f0857005074e5f57c0f72f01f6f8d378c9372bc0234f326d4	31385	31469	31	13. Равные возможности для каждого региона	substantive	0	0	
npk-0298	npk	8a13fcd57248994f0857005074e5f57c0f72f01f6f8d378c9372bc0234f326d4	31470	31573	31	13. Равные возможности для каждого региона	substantive	0	0	
npk-0299	npk	8a13fcd57248994f0857005074e5f57c0f72f01f6f8d378c9372bc0234f326d4	31576	31645	31	13. Равные возможности для каждого региона	substantive	0	0	
npk-0300	npk	8a13fcd57248994f0857005074e5f57c0f72f01f6f8d378c9372bc0234f326d4	31646	31707	31	13. Равные возможности для каждого региона	substantive	0	0	
npk-0301	npk	8a13fcd57248994f0857005074e5f57c0f72f01f6f8d378c9372bc0234f326d4	31708	31800	31	13. Равные возможности для каждого региона	substantive	0	0	
npk-0302	npk	8a13fcd57248994f0857005074e5f57c0f72f01f6f8d378c9372bc0234f326d4	31801	31856	31	13. Равные возможности для каждого региона	substantive	0	0	
npk-0303	npk	8a13fcd57248994f0857005074e5f57c0f72f01f6f8d378c9372bc0234f326d4	31857	31999	31	13. Равные возможности для каждого региона	substantive	0	0	
npk-0304	npk	8a13fcd57248994f0857005074e5f57c0f72f01f6f8d378c9372bc0234f326d4	32003	32179	32	13. Равные возможности для каждого региона	substantive	0	0	
npk-0305	npk	8a13fcd57248994f0857005074e5f57c0f72f01f6f8d378c9372bc0234f326d4	32180	32365	32	13. Равные возможности для каждого региона	substantive	1	0	
npk-0306	npk	8a13fcd57248994f0857005074e5f57c0f72f01f6f8d378c9372bc0234f326d4	32366	32434	32	13. Равные возможности для каждого региона	substantive	0	0	
npk-0307	npk	8a13fcd57248994f0857005074e5f57c0f72f01f6f8d378c9372bc0234f326d4	32435	32492	32	13. Равные возможности для каждого региона	substantive	0	0	
npk-0308	npk	8a13fcd57248994f0857005074e5f57c0f72f01f6f8d378c9372bc0234f326d4	32497	32533	33	14. Инфраструктура без «белых пятен»	structural	1	0	
npk-0309	npk	8a13fcd57248994f0857005074e5f57c0f72f01f6f8d378c9372bc0234f326d4	32535	32625	33	14. Инфраструктура без «белых пятен»	substantive	0	0	
npk-0310	npk	8a13fcd57248994f0857005074e5f57c0f72f01f6f8d378c9372bc0234f326d4	32626	32741	33	14. Инфраструктура без «белых пятен»	substantive	0	0	
npk-0311	npk	8a13fcd57248994f0857005074e5f57c0f72f01f6f8d378c9372bc0234f326d4	32742	32886	33	14. Инфраструктура без «белых пятен»	substantive	0	0	
npk-0312	npk	8a13fcd57248994f0857005074e5f57c0f72f01f6f8d378c9372bc0234f326d4	32887	32948	33	14. Инфраструктура без «белых пятен»	substantive	0	0	
npk-0313	npk	8a13fcd57248994f0857005074e5f57c0f72f01f6f8d378c9372bc0234f326d4	32949	33004	33	14. Инфраструктура без «белых пятен»	substantive	0	0	
npk-0314	npk	8a13fcd57248994f0857005074e5f57c0f72f01f6f8d378c9372bc0234f326d4	33005	33103	33	14. Инфраструктура без «белых пятен»	substantive	0	0	
npk-0315	npk	8a13fcd57248994f0857005074e5f57c0f72f01f6f8d378c9372bc0234f326d4	33104	33362	33	14. Инфраструктура без «белых пятен»	substantive	0	0	
npk-0316	npk	8a13fcd57248994f0857005074e5f57c0f72f01f6f8d378c9372bc0234f326d4	33365	33488	33	14. Инфраструктура без «белых пятен»	substantive	0	0	
npk-0317	npk	8a13fcd57248994f0857005074e5f57c0f72f01f6f8d378c9372bc0234f326d4	33489	33574	33	14. Инфраструктура без «белых пятен»	substantive	0	0	
npk-0318	npk	8a13fcd57248994f0857005074e5f57c0f72f01f6f8d378c9372bc0234f326d4	33575	33641	33	14. Инфраструктура без «белых пятен»	substantive	0	0	
npk-0319	npk	8a13fcd57248994f0857005074e5f57c0f72f01f6f8d378c9372bc0234f326d4	33642	33701	33	14. Инфраструктура без «белых пятен»	substantive	0	0	
npk-0320	npk	8a13fcd57248994f0857005074e5f57c0f72f01f6f8d378c9372bc0234f326d4	33702	33791	33	14. Инфраструктура без «белых пятен»	substantive	1	0	
npk-0321	npk	8a13fcd57248994f0857005074e5f57c0f72f01f6f8d378c9372bc0234f326d4	33792	33869	34	14. Инфраструктура без «белых пятен»	substantive	0	0	
npk-0322	npk	8a13fcd57248994f0857005074e5f57c0f72f01f6f8d378c9372bc0234f326d4	33870	33926	34	14. Инфраструктура без «белых пятен»	substantive	0	0	
npk-0323	npk	8a13fcd57248994f0857005074e5f57c0f72f01f6f8d378c9372bc0234f326d4	33927	34003	34	14. Инфраструктура без «белых пятен»	substantive	0	0	
npk-0324	npk	8a13fcd57248994f0857005074e5f57c0f72f01f6f8d378c9372bc0234f326d4	34004	34069	34	14. Инфраструктура без «белых пятен»	substantive	0	0	
npk-0325	npk	8a13fcd57248994f0857005074e5f57c0f72f01f6f8d378c9372bc0234f326d4	34070	34117	34	14. Инфраструктура без «белых пятен»	substantive	0	0	
npk-0326	npk	8a13fcd57248994f0857005074e5f57c0f72f01f6f8d378c9372bc0234f326d4	34118	34175	34	14. Инфраструктура без «белых пятен»	substantive	1	0	
npk-0327	npk	8a13fcd57248994f0857005074e5f57c0f72f01f6f8d378c9372bc0234f326d4	34176	34291	34	14. Инфраструктура без «белых пятен»	substantive	0	0	
npk-0328	npk	8a13fcd57248994f0857005074e5f57c0f72f01f6f8d378c9372bc0234f326d4	34292	34365	34	14. Инфраструктура без «белых пятен»	substantive	0	0	
npk-0329	npk	8a13fcd57248994f0857005074e5f57c0f72f01f6f8d378c9372bc0234f326d4	34366	34542	34	14. Инфраструктура без «белых пятен»	substantive	0	0	
npk-0330	npk	8a13fcd57248994f0857005074e5f57c0f72f01f6f8d378c9372bc0234f326d4	34543	34717	34	14. Инфраструктура без «белых пятен»	substantive	0	0	
npk-0331	npk	8a13fcd57248994f0857005074e5f57c0f72f01f6f8d378c9372bc0234f326d4	34718	34943	34	14. Инфраструктура без «белых пятен»	substantive	1	0	
npk-0332	npk	8a13fcd57248994f0857005074e5f57c0f72f01f6f8d378c9372bc0234f326d4	34944	35098	34	14. Инфраструктура без «белых пятен»	substantive	0	0	
npk-0333	npk	8a13fcd57248994f0857005074e5f57c0f72f01f6f8d378c9372bc0234f326d4	35099	35225	34	14. Инфраструктура без «белых пятен»	substantive	0	0	
npk-0334	npk	8a13fcd57248994f0857005074e5f57c0f72f01f6f8d378c9372bc0234f326d4	35229	35285	35	15. Местное самоуправление должно решать реальные задачи	structural	1	0	
npk-0335	npk	8a13fcd57248994f0857005074e5f57c0f72f01f6f8d378c9372bc0234f326d4	35287	35373	35	15. Местное самоуправление должно решать реальные задачи	substantive	0	0	
npk-0336	npk	8a13fcd57248994f0857005074e5f57c0f72f01f6f8d378c9372bc0234f326d4	35374	35425	35	15. Местное самоуправление должно решать реальные задачи	substantive	0	0	
npk-0337	npk	8a13fcd57248994f0857005074e5f57c0f72f01f6f8d378c9372bc0234f326d4	35426	35508	35	15. Местное самоуправление должно решать реальные задачи	substantive	0	0	
npk-0338	npk	8a13fcd57248994f0857005074e5f57c0f72f01f6f8d378c9372bc0234f326d4	35509	35595	35	15. Местное самоуправление должно решать реальные задачи	substantive	0	0	
npk-0339	npk	8a13fcd57248994f0857005074e5f57c0f72f01f6f8d378c9372bc0234f326d4	35596	35746	35	15. Местное самоуправление должно решать реальные задачи	substantive	0	0	
npk-0340	npk	8a13fcd57248994f0857005074e5f57c0f72f01f6f8d378c9372bc0234f326d4	35747	35958	35	15. Местное самоуправление должно решать реальные задачи	substantive	0	0	
npk-0341	npk	8a13fcd57248994f0857005074e5f57c0f72f01f6f8d378c9372bc0234f326d4	35959	36058	35	15. Местное самоуправление должно решать реальные задачи	substantive	0	0	
npk-0342	npk	8a13fcd57248994f0857005074e5f57c0f72f01f6f8d378c9372bc0234f326d4	36059	36135	35	15. Местное самоуправление должно решать реальные задачи	substantive	0	0	
npk-0343	npk	8a13fcd57248994f0857005074e5f57c0f72f01f6f8d378c9372bc0234f326d4	36136	36260	35	15. Местное самоуправление должно решать реальные задачи	substantive	0	0	
npk-0344	npk	8a13fcd57248994f0857005074e5f57c0f72f01f6f8d378c9372bc0234f326d4	36261	36364	35	15. Местное самоуправление должно решать реальные задачи	substantive	0	0	
npk-0345	npk	8a13fcd57248994f0857005074e5f57c0f72f01f6f8d378c9372bc0234f326d4	36369	36477	36	15. Местное самоуправление должно решать реальные задачи	substantive	0	0	
npk-0346	npk	8a13fcd57248994f0857005074e5f57c0f72f01f6f8d378c9372bc0234f326d4	36478	36705	36	15. Местное самоуправление должно решать реальные задачи	substantive	0	0	
npk-0347	npk	8a13fcd57248994f0857005074e5f57c0f72f01f6f8d378c9372bc0234f326d4	36706	36739	36	15. Местное самоуправление должно решать реальные задачи	substantive	0	0	
npk-0348	npk	8a13fcd57248994f0857005074e5f57c0f72f01f6f8d378c9372bc0234f326d4	36740	36804	36	15. Местное самоуправление должно решать реальные задачи	substantive	0	0	
npk-0349	npk	8a13fcd57248994f0857005074e5f57c0f72f01f6f8d378c9372bc0234f326d4	36805	36891	36	15. Местное самоуправление должно решать реальные задачи	substantive	0	0	
npk-0350	npk	8a13fcd57248994f0857005074e5f57c0f72f01f6f8d378c9372bc0234f326d4	36892	36927	36	15. Местное самоуправление должно решать реальные задачи	substantive	0	0	
npk-0351	npk	8a13fcd57248994f0857005074e5f57c0f72f01f6f8d378c9372bc0234f326d4	36928	36997	36	15. Местное самоуправление должно решать реальные задачи	substantive	0	0	
npk-0352	npk	8a13fcd57248994f0857005074e5f57c0f72f01f6f8d378c9372bc0234f326d4	37002	37067	37	16. Государственное управление должно быть понятным и эффективным	structural	1	0	
npk-0353	npk	8a13fcd57248994f0857005074e5f57c0f72f01f6f8d378c9372bc0234f326d4	37069	37283	37	16. Государственное управление должно быть понятным и эффективным	substantive	1	0	
npk-0354	npk	8a13fcd57248994f0857005074e5f57c0f72f01f6f8d378c9372bc0234f326d4	37284	37352	37	16. Государственное управление должно быть понятным и эффективным	substantive	0	0	
npk-0355	npk	8a13fcd57248994f0857005074e5f57c0f72f01f6f8d378c9372bc0234f326d4	37353	37484	37	16. Государственное управление должно быть понятным и эффективным	substantive	0	0	
npk-0356	npk	8a13fcd57248994f0857005074e5f57c0f72f01f6f8d378c9372bc0234f326d4	37485	37558	37	16. Государственное управление должно быть понятным и эффективным	substantive	0	0	
npk-0357	npk	8a13fcd57248994f0857005074e5f57c0f72f01f6f8d378c9372bc0234f326d4	37559	37665	37	16. Государственное управление должно быть понятным и эффективным	substantive	0	0	
npk-0358	npk	8a13fcd57248994f0857005074e5f57c0f72f01f6f8d378c9372bc0234f326d4	37666	37731	37	16. Государственное управление должно быть понятным и эффективным	substantive	0	0	
npk-0359	npk	8a13fcd57248994f0857005074e5f57c0f72f01f6f8d378c9372bc0234f326d4	37732	37828	37	16. Государственное управление должно быть понятным и эффективным	substantive	0	0	
npk-0360	npk	8a13fcd57248994f0857005074e5f57c0f72f01f6f8d378c9372bc0234f326d4	37829	37984	37	16. Государственное управление должно быть понятным и эффективным	substantive	0	0	
npk-0361	npk	8a13fcd57248994f0857005074e5f57c0f72f01f6f8d378c9372bc0234f326d4	37985	38078	37	16. Государственное управление должно быть понятным и эффективным	substantive	0	0	
npk-0362	npk	8a13fcd57248994f0857005074e5f57c0f72f01f6f8d378c9372bc0234f326d4	38079	38165	37	16. Государственное управление должно быть понятным и эффективным	substantive	0	0	
npk-0363	npk	8a13fcd57248994f0857005074e5f57c0f72f01f6f8d378c9372bc0234f326d4	38170	38218	38	16. Государственное управление должно быть понятным и эффективным	substantive	0	0	
npk-0364	npk	8a13fcd57248994f0857005074e5f57c0f72f01f6f8d378c9372bc0234f326d4	38219	38274	38	16. Государственное управление должно быть понятным и эффективным	substantive	0	0	
npk-0365	npk	8a13fcd57248994f0857005074e5f57c0f72f01f6f8d378c9372bc0234f326d4	38275	38376	38	16. Государственное управление должно быть понятным и эффективным	substantive	0	0	
npk-0366	npk	8a13fcd57248994f0857005074e5f57c0f72f01f6f8d378c9372bc0234f326d4	38377	38455	38	16. Государственное управление должно быть понятным и эффективным	substantive	0	0	
npk-0367	npk	8a13fcd57248994f0857005074e5f57c0f72f01f6f8d378c9372bc0234f326d4	38456	38504	38	16. Государственное управление должно быть понятным и эффективным	substantive	0	0	
npk-0368	npk	8a13fcd57248994f0857005074e5f57c0f72f01f6f8d378c9372bc0234f326d4	38505	38583	38	16. Государственное управление должно быть понятным и эффективным	substantive	0	0	
npk-0369	npk	8a13fcd57248994f0857005074e5f57c0f72f01f6f8d378c9372bc0234f326d4	38584	38725	38	16. Государственное управление должно быть понятным и эффективным	substantive	0	0	
npk-0370	npk	8a13fcd57248994f0857005074e5f57c0f72f01f6f8d378c9372bc0234f326d4	38726	38793	38	16. Государственное управление должно быть понятным и эффективным	substantive	0	0	
npk-0371	npk	8a13fcd57248994f0857005074e5f57c0f72f01f6f8d378c9372bc0234f326d4	38794	38877	38	16. Государственное управление должно быть понятным и эффективным	substantive	0	0	
npk-0372	npk	8a13fcd57248994f0857005074e5f57c0f72f01f6f8d378c9372bc0234f326d4	38878	38974	38	16. Государственное управление должно быть понятным и эффективным	substantive	0	0	
npk-0373	npk	8a13fcd57248994f0857005074e5f57c0f72f01f6f8d378c9372bc0234f326d4	38975	39063	38	16. Государственное управление должно быть понятным и эффективным	substantive	0	0	
npk-0374	npk	8a13fcd57248994f0857005074e5f57c0f72f01f6f8d378c9372bc0234f326d4	39064	39167	38	16. Государственное управление должно быть понятным и эффективным	substantive	0	0	
npk-0375	npk	8a13fcd57248994f0857005074e5f57c0f72f01f6f8d378c9372bc0234f326d4	39168	39245	38	16. Государственное управление должно быть понятным и эффективным	substantive	0	0	
npk-0376	npk	8a13fcd57248994f0857005074e5f57c0f72f01f6f8d378c9372bc0234f326d4	39249	39315	39	16. Государственное управление должно быть понятным и эффективным	substantive	0	0	
npk-0377	npk	8a13fcd57248994f0857005074e5f57c0f72f01f6f8d378c9372bc0234f326d4	39316	39385	39	16. Государственное управление должно быть понятным и эффективным	substantive	0	0	
npk-0378	npk	8a13fcd57248994f0857005074e5f57c0f72f01f6f8d378c9372bc0234f326d4	39386	39443	39	16. Государственное управление должно быть понятным и эффективным	substantive	0	0	
npk-0379	npk	8a13fcd57248994f0857005074e5f57c0f72f01f6f8d378c9372bc0234f326d4	39448	39497	40	17. Экономика должна работать на каждого человека	structural	1	0	
npk-0380	npk	8a13fcd57248994f0857005074e5f57c0f72f01f6f8d378c9372bc0234f326d4	39499	39582	40	17. Экономика должна работать на каждого человека	substantive	0	0	
npk-0381	npk	8a13fcd57248994f0857005074e5f57c0f72f01f6f8d378c9372bc0234f326d4	39583	39760	40	17. Экономика должна работать на каждого человека	substantive	0	0	
npk-0382	npk	8a13fcd57248994f0857005074e5f57c0f72f01f6f8d378c9372bc0234f326d4	39761	39937	40	17. Экономика должна работать на каждого человека	substantive	1	0	
npk-0383	npk	8a13fcd57248994f0857005074e5f57c0f72f01f6f8d378c9372bc0234f326d4	39938	39987	40	17. Экономика должна работать на каждого человека	substantive	0	0	
npk-0384	npk	8a13fcd57248994f0857005074e5f57c0f72f01f6f8d378c9372bc0234f326d4	39988	40093	40	17. Экономика должна работать на каждого человека	substantive	0	0	
npk-0385	npk	8a13fcd57248994f0857005074e5f57c0f72f01f6f8d378c9372bc0234f326d4	40094	40185	40	17. Экономика должна работать на каждого человека	substantive	0	0	
npk-0386	npk	8a13fcd57248994f0857005074e5f57c0f72f01f6f8d378c9372bc0234f326d4	40186	40330	40	17. Экономика должна работать на каждого человека	substantive	0	0	
npk-0387	npk	8a13fcd57248994f0857005074e5f57c0f72f01f6f8d378c9372bc0234f326d4	40331	40508	40	17. Экономика должна работать на каждого человека	substantive	0	0	
npk-0388	npk	8a13fcd57248994f0857005074e5f57c0f72f01f6f8d378c9372bc0234f326d4	40511	40689	40	17. Экономика должна работать на каждого человека	substantive	0	0	
npk-0389	npk	8a13fcd57248994f0857005074e5f57c0f72f01f6f8d378c9372bc0234f326d4	40690	40770	40	17. Экономика должна работать на каждого человека	substantive	0	0	
npk-0390	npk	8a13fcd57248994f0857005074e5f57c0f72f01f6f8d378c9372bc0234f326d4	40774	40906	41	17. Экономика должна работать на каждого человека	substantive	0	0	
npk-0391	npk	8a13fcd57248994f0857005074e5f57c0f72f01f6f8d378c9372bc0234f326d4	40907	41048	41	17. Экономика должна работать на каждого человека	substantive	0	0	
npk-0392	npk	8a13fcd57248994f0857005074e5f57c0f72f01f6f8d378c9372bc0234f326d4	41049	41181	41	17. Экономика должна работать на каждого человека	substantive	0	0	
npk-0393	npk	8a13fcd57248994f0857005074e5f57c0f72f01f6f8d378c9372bc0234f326d4	41182	41305	41	17. Экономика должна работать на каждого человека	substantive	0	0	
npk-0394	npk	8a13fcd57248994f0857005074e5f57c0f72f01f6f8d378c9372bc0234f326d4	41306	41495	41	17. Экономика должна работать на каждого человека	substantive	1	0	
npk-0395	npk	8a13fcd57248994f0857005074e5f57c0f72f01f6f8d378c9372bc0234f326d4	41496	41570	41	17. Экономика должна работать на каждого человека	substantive	0	0	
npk-0396	npk	8a13fcd57248994f0857005074e5f57c0f72f01f6f8d378c9372bc0234f326d4	41571	41649	41	17. Экономика должна работать на каждого человека	substantive	0	0	
npk-0397	npk	8a13fcd57248994f0857005074e5f57c0f72f01f6f8d378c9372bc0234f326d4	41650	41778	41	17. Экономика должна работать на каждого человека	substantive	0	0	
npk-0398	npk	8a13fcd57248994f0857005074e5f57c0f72f01f6f8d378c9372bc0234f326d4	41779	41832	41	17. Экономика должна работать на каждого человека	substantive	0	0	
npk-0399	npk	8a13fcd57248994f0857005074e5f57c0f72f01f6f8d378c9372bc0234f326d4	41833	41965	41	17. Экономика должна работать на каждого человека	substantive	0	0	
npk-0400	npk	8a13fcd57248994f0857005074e5f57c0f72f01f6f8d378c9372bc0234f326d4	41966	42041	41	17. Экономика должна работать на каждого человека	substantive	0	0	
npk-0401	npk	8a13fcd57248994f0857005074e5f57c0f72f01f6f8d378c9372bc0234f326d4	42042	42175	41	17. Экономика должна работать на каждого человека	substantive	1	0	
npk-0402	npk	8a13fcd57248994f0857005074e5f57c0f72f01f6f8d378c9372bc0234f326d4	42176	42245	42	17. Экономика должна работать на каждого человека	substantive	0	0	
npk-0403	npk	8a13fcd57248994f0857005074e5f57c0f72f01f6f8d378c9372bc0234f326d4	42246	42379	42	17. Экономика должна работать на каждого человека	substantive	0	0	
npk-0404	npk	8a13fcd57248994f0857005074e5f57c0f72f01f6f8d378c9372bc0234f326d4	42380	42469	42	17. Экономика должна работать на каждого человека	substantive	0	0	
npk-0405	npk	8a13fcd57248994f0857005074e5f57c0f72f01f6f8d378c9372bc0234f326d4	42474	42503	43	18. Технологическая революция	structural	1	0	
npk-0406	npk	8a13fcd57248994f0857005074e5f57c0f72f01f6f8d378c9372bc0234f326d4	42505	42650	43	18. Технологическая революция	substantive	0	0	
npk-0407	npk	8a13fcd57248994f0857005074e5f57c0f72f01f6f8d378c9372bc0234f326d4	42651	42715	43	18. Технологическая революция	substantive	0	0	
npk-0408	npk	8a13fcd57248994f0857005074e5f57c0f72f01f6f8d378c9372bc0234f326d4	42716	42845	43	18. Технологическая революция	substantive	0	0	
npk-0409	npk	8a13fcd57248994f0857005074e5f57c0f72f01f6f8d378c9372bc0234f326d4	42846	42904	43	18. Технологическая революция	substantive	0	0	
npk-0410	npk	8a13fcd57248994f0857005074e5f57c0f72f01f6f8d378c9372bc0234f326d4	42907	42960	43	18. Технологическая революция	substantive	0	0	
npk-0411	npk	8a13fcd57248994f0857005074e5f57c0f72f01f6f8d378c9372bc0234f326d4	42961	43032	43	18. Технологическая революция	substantive	0	0	
npk-0412	npk	8a13fcd57248994f0857005074e5f57c0f72f01f6f8d378c9372bc0234f326d4	43033	43217	43	18. Технологическая революция	substantive	0	0	
npk-0413	npk	8a13fcd57248994f0857005074e5f57c0f72f01f6f8d378c9372bc0234f326d4	43218	43403	43	18. Технологическая революция	substantive	0	0	
npk-0414	npk	8a13fcd57248994f0857005074e5f57c0f72f01f6f8d378c9372bc0234f326d4	43404	43486	43	18. Технологическая революция	substantive	0	0	
npk-0415	npk	8a13fcd57248994f0857005074e5f57c0f72f01f6f8d378c9372bc0234f326d4	43487	43525	43	18. Технологическая революция	substantive	0	0	
npk-0416	npk	8a13fcd57248994f0857005074e5f57c0f72f01f6f8d378c9372bc0234f326d4	43530	43564	44	19. Казахстан в мировом сообществе	structural	1	0	
npk-0417	npk	8a13fcd57248994f0857005074e5f57c0f72f01f6f8d378c9372bc0234f326d4	43566	43751	44	19. Казахстан в мировом сообществе	substantive	0	0	
npk-0418	npk	8a13fcd57248994f0857005074e5f57c0f72f01f6f8d378c9372bc0234f326d4	43752	43915	44	19. Казахстан в мировом сообществе	substantive	0	0	
npk-0419	npk	8a13fcd57248994f0857005074e5f57c0f72f01f6f8d378c9372bc0234f326d4	43916	44123	44	19. Казахстан в мировом сообществе	substantive	0	0	
npk-0420	npk	8a13fcd57248994f0857005074e5f57c0f72f01f6f8d378c9372bc0234f326d4	44124	44264	44	19. Казахстан в мировом сообществе	substantive	0	0	
npk-0421	npk	8a13fcd57248994f0857005074e5f57c0f72f01f6f8d378c9372bc0234f326d4	44265	44519	44	19. Казахстан в мировом сообществе	substantive	0	0	
npk-0422	npk	8a13fcd57248994f0857005074e5f57c0f72f01f6f8d378c9372bc0234f326d4	44522	44559	44	19. Казахстан в мировом сообществе	substantive	0	0	
npk-0423	npk	8a13fcd57248994f0857005074e5f57c0f72f01f6f8d378c9372bc0234f326d4	44560	44617	44	19. Казахстан в мировом сообществе	substantive	0	0	
npk-0424	npk	8a13fcd57248994f0857005074e5f57c0f72f01f6f8d378c9372bc0234f326d4	44618	44676	44	19. Казахстан в мировом сообществе	substantive	0	0	
npk-0425	npk	8a13fcd57248994f0857005074e5f57c0f72f01f6f8d378c9372bc0234f326d4	44677	44712	44	19. Казахстан в мировом сообществе	substantive	0	0	
npk-0426	npk	8a13fcd57248994f0857005074e5f57c0f72f01f6f8d378c9372bc0234f326d4	44713	44824	44	19. Казахстан в мировом сообществе	substantive	0	0	
npk-0427	npk	8a13fcd57248994f0857005074e5f57c0f72f01f6f8d378c9372bc0234f326d4	44828	44896	45	19. Казахстан в мировом сообществе	substantive	0	0	
npk-0428	npk	8a13fcd57248994f0857005074e5f57c0f72f01f6f8d378c9372bc0234f326d4	44897	44999	45	19. Казахстан в мировом сообществе	substantive	0	0	
npk-0429	npk	8a13fcd57248994f0857005074e5f57c0f72f01f6f8d378c9372bc0234f326d4	45000	45059	45	19. Казахстан в мировом сообществе	substantive	0	0	
npk-0430	npk	8a13fcd57248994f0857005074e5f57c0f72f01f6f8d378c9372bc0234f326d4	45060	45134	45	19. Казахстан в мировом сообществе	substantive	0	0	
npk-0431	npk	8a13fcd57248994f0857005074e5f57c0f72f01f6f8d378c9372bc0234f326d4	45151	45364	46	19. Казахстан в мировом сообществе	substantive	0	0	
npk-0432	npk	8a13fcd57248994f0857005074e5f57c0f72f01f6f8d378c9372bc0234f326d4	45365	45527	46	19. Казахстан в мировом сообществе	substantive	0	0	
npk-0433	npk	8a13fcd57248994f0857005074e5f57c0f72f01f6f8d378c9372bc0234f326d4	45529	45558	46	19. Казахстан в мировом сообществе	lead_in	0	0	
npk-0434	npk	8a13fcd57248994f0857005074e5f57c0f72f01f6f8d378c9372bc0234f326d4	45559	45618	46	19. Казахстан в мировом сообществе	substantive	0	0	Народная партия выступает за:
npk-0435	npk	8a13fcd57248994f0857005074e5f57c0f72f01f6f8d378c9372bc0234f326d4	45619	45724	46	19. Казахстан в мировом сообществе	substantive	0	0	Народная партия выступает за:
npk-0436	npk	8a13fcd57248994f0857005074e5f57c0f72f01f6f8d378c9372bc0234f326d4	45725	45802	46	19. Казахстан в мировом сообществе	substantive	0	0	Народная партия выступает за:
npk-0437	npk	8a13fcd57248994f0857005074e5f57c0f72f01f6f8d378c9372bc0234f326d4	45803	45861	46	19. Казахстан в мировом сообществе	substantive	0	0	Народная партия выступает за:
npk-0438	npk	8a13fcd57248994f0857005074e5f57c0f72f01f6f8d378c9372bc0234f326d4	45862	45981	46	19. Казахстан в мировом сообществе	substantive	0	0	Народная партия выступает за:
npk-0439	npk	8a13fcd57248994f0857005074e5f57c0f72f01f6f8d378c9372bc0234f326d4	46006	46152	46	19. Казахстан в мировом сообществе	substantive	0	0	
npk-0440	npk	8a13fcd57248994f0857005074e5f57c0f72f01f6f8d378c9372bc0234f326d4	46154	46191	46	19. Казахстан в мировом сообществе	lead_in	0	0	
npk-0441	npk	8a13fcd57248994f0857005074e5f57c0f72f01f6f8d378c9372bc0234f326d4	46192	46264	46	19. Казахстан в мировом сообществе	substantive	0	0	Народная партия добьется того, чтобы:
npk-0442	npk	8a13fcd57248994f0857005074e5f57c0f72f01f6f8d378c9372bc0234f326d4	46268	46308	47	19. Казахстан в мировом сообществе	substantive	0	0	
npk-0443	npk	8a13fcd57248994f0857005074e5f57c0f72f01f6f8d378c9372bc0234f326d4	46309	46370	47	19. Казахстан в мировом сообществе	substantive	0	0	
npk-0444	npk	8a13fcd57248994f0857005074e5f57c0f72f01f6f8d378c9372bc0234f326d4	46371	46404	47	19. Казахстан в мировом сообществе	substantive	0	0	
npk-0445	npk	8a13fcd57248994f0857005074e5f57c0f72f01f6f8d378c9372bc0234f326d4	46405	46495	47	19. Казахстан в мировом сообществе	substantive	0	0	
npk-0446	npk	8a13fcd57248994f0857005074e5f57c0f72f01f6f8d378c9372bc0234f326d4	46496	46526	47	19. Казахстан в мировом сообществе	substantive	0	0	
npk-0447	npk	8a13fcd57248994f0857005074e5f57c0f72f01f6f8d378c9372bc0234f326d4	46527	46585	47	19. Казахстан в мировом сообществе	substantive	0	0	
npk-0448	npk	8a13fcd57248994f0857005074e5f57c0f72f01f6f8d378c9372bc0234f326d4	46587	46694	47	19. Казахстан в мировом сообществе	substantive	0	0	
npk-0449	npk	8a13fcd57248994f0857005074e5f57c0f72f01f6f8d378c9372bc0234f326d4	46696	46805	47	19. Казахстан в мировом сообществе	substantive	0	0	
npk-0450	npk	8a13fcd57248994f0857005074e5f57c0f72f01f6f8d378c9372bc0234f326d4	46806	46857	47	19. Казахстан в мировом сообществе	substantive	0	0	
npk-0451	npk	8a13fcd57248994f0857005074e5f57c0f72f01f6f8d378c9372bc0234f326d4	46858	46924	47	19. Казахстан в мировом сообществе	substantive	0	0	
npk-0452	npk	8a13fcd57248994f0857005074e5f57c0f72f01f6f8d378c9372bc0234f326d4	46925	46965	47	19. Казахстан в мировом сообществе	lead_in	0	0	
npk-0453	npk	8a13fcd57248994f0857005074e5f57c0f72f01f6f8d378c9372bc0234f326d4	47008	47056	47	19. Казахстан в мировом сообществе	substantive	0	0	Чтобы каждый человек мог честно сказать:
npk-0454	npk	8a13fcd57248994f0857005074e5f57c0f72f01f6f8d378c9372bc0234f326d4	47058	47165	47	19. Казахстан в мировом сообществе	substantive	0	0	
npk-0455	npk	8a13fcd57248994f0857005074e5f57c0f72f01f6f8d378c9372bc0234f326d4	47167	47248	47	19. Казахстан в мировом сообществе	rhetorical	0	0	
npk-0456	npk	8a13fcd57248994f0857005074e5f57c0f72f01f6f8d378c9372bc0234f326d4	47249	47289	47	19. Казахстан в мировом сообществе	rhetorical	0	0	
osdp-0001	osdp	5c071774efd7a3a8fd198941453e125375004b1f9f9e5f5c01a70f72113adb79	0	22	1	ПРЕДВЫБОРНАЯ ПРОГРАММА	structural	0	0	
osdp-0002	osdp	5c071774efd7a3a8fd198941453e125375004b1f9f9e5f5c01a70f72113adb79	23	69	1	ПРЕДВЫБОРНАЯ ПРОГРАММА	substantive	0	0	
osdp-0003	osdp	5c071774efd7a3a8fd198941453e125375004b1f9f9e5f5c01a70f72113adb79	71	103	1	«20 ВЕРШИН НА ПУТИ К ПРОГРЕССУ!»	structural	1	0	
osdp-0004	osdp	5c071774efd7a3a8fd198941453e125375004b1f9f9e5f5c01a70f72113adb79	141	204	1	«20 ВЕРШИН НА ПУТИ К ПРОГРЕССУ!»	substantive	0	0	
osdp-0005	osdp	5c071774efd7a3a8fd198941453e125375004b1f9f9e5f5c01a70f72113adb79	205	274	1	«20 ВЕРШИН НА ПУТИ К ПРОГРЕССУ!»	substantive	0	0	
osdp-0006	osdp	5c071774efd7a3a8fd198941453e125375004b1f9f9e5f5c01a70f72113adb79	275	371	1	«20 ВЕРШИН НА ПУТИ К ПРОГРЕССУ!»	substantive	0	0	
osdp-0007	osdp	5c071774efd7a3a8fd198941453e125375004b1f9f9e5f5c01a70f72113adb79	372	549	1	«20 ВЕРШИН НА ПУТИ К ПРОГРЕССУ!»	substantive	0	0	
osdp-0008	osdp	5c071774efd7a3a8fd198941453e125375004b1f9f9e5f5c01a70f72113adb79	550	690	1	«20 ВЕРШИН НА ПУТИ К ПРОГРЕССУ!»	substantive	0	0	
osdp-0009	osdp	5c071774efd7a3a8fd198941453e125375004b1f9f9e5f5c01a70f72113adb79	691	843	1	«20 ВЕРШИН НА ПУТИ К ПРОГРЕССУ!»	substantive	0	0	
osdp-0010	osdp	5c071774efd7a3a8fd198941453e125375004b1f9f9e5f5c01a70f72113adb79	844	966	1	«20 ВЕРШИН НА ПУТИ К ПРОГРЕССУ!»	substantive	0	0	
osdp-0011	osdp	5c071774efd7a3a8fd198941453e125375004b1f9f9e5f5c01a70f72113adb79	967	1113	1	«20 ВЕРШИН НА ПУТИ К ПРОГРЕССУ!»	substantive	0	0	
osdp-0012	osdp	5c071774efd7a3a8fd198941453e125375004b1f9f9e5f5c01a70f72113adb79	1114	1258	2	«20 ВЕРШИН НА ПУТИ К ПРОГРЕССУ!»	substantive	0	0	
osdp-0013	osdp	5c071774efd7a3a8fd198941453e125375004b1f9f9e5f5c01a70f72113adb79	1259	1343	2	«20 ВЕРШИН НА ПУТИ К ПРОГРЕССУ!»	substantive	0	0	
osdp-0014	osdp	5c071774efd7a3a8fd198941453e125375004b1f9f9e5f5c01a70f72113adb79	1344	1552	2	«20 ВЕРШИН НА ПУТИ К ПРОГРЕССУ!»	substantive	0	0	
osdp-0015	osdp	5c071774efd7a3a8fd198941453e125375004b1f9f9e5f5c01a70f72113adb79	1553	1638	2	«20 ВЕРШИН НА ПУТИ К ПРОГРЕССУ!»	substantive	1	0	
osdp-0016	osdp	5c071774efd7a3a8fd198941453e125375004b1f9f9e5f5c01a70f72113adb79	1639	1764	2	«20 ВЕРШИН НА ПУТИ К ПРОГРЕССУ!»	substantive	0	0	
osdp-0017	osdp	5c071774efd7a3a8fd198941453e125375004b1f9f9e5f5c01a70f72113adb79	1765	1919	2	«20 ВЕРШИН НА ПУТИ К ПРОГРЕССУ!»	substantive	0	0	
osdp-0018	osdp	5c071774efd7a3a8fd198941453e125375004b1f9f9e5f5c01a70f72113adb79	1920	1967	2	«20 ВЕРШИН НА ПУТИ К ПРОГРЕССУ!»	substantive	0	0	
osdp-0019	osdp	5c071774efd7a3a8fd198941453e125375004b1f9f9e5f5c01a70f72113adb79	1969	2058	2	«20 ВЕРШИН НА ПУТИ К ПРОГРЕССУ!»	rhetorical	1	0	
osdp-0020	osdp	5c071774efd7a3a8fd198941453e125375004b1f9f9e5f5c01a70f72113adb79	2060	2087	2	I. СПРАВЕДЛИВОЕ ГОСУДАРСТВО	structural	0	0	
osdp-0021	osdp	5c071774efd7a3a8fd198941453e125375004b1f9f9e5f5c01a70f72113adb79	2089	2117	2	1. ДЕМОНОПОЛИЗАЦИЯ ЭКОНОМИКИ	structural	1	0	
osdp-0022	osdp	5c071774efd7a3a8fd198941453e125375004b1f9f9e5f5c01a70f72113adb79	2118	2227	2	1. ДЕМОНОПОЛИЗАЦИЯ ЭКОНОМИКИ	substantive	0	0	
osdp-0023	osdp	5c071774efd7a3a8fd198941453e125375004b1f9f9e5f5c01a70f72113adb79	2228	2354	3	1. ДЕМОНОПОЛИЗАЦИЯ ЭКОНОМИКИ	substantive	0	0	
osdp-0024	osdp	5c071774efd7a3a8fd198941453e125375004b1f9f9e5f5c01a70f72113adb79	2355	2424	3	1. ДЕМОНОПОЛИЗАЦИЯ ЭКОНОМИКИ	substantive	0	0	
osdp-0025	osdp	5c071774efd7a3a8fd198941453e125375004b1f9f9e5f5c01a70f72113adb79	2425	2514	3	1. ДЕМОНОПОЛИЗАЦИЯ ЭКОНОМИКИ	substantive	0	0	
osdp-0026	osdp	5c071774efd7a3a8fd198941453e125375004b1f9f9e5f5c01a70f72113adb79	2515	2560	3	1. ДЕМОНОПОЛИЗАЦИЯ ЭКОНОМИКИ	substantive	0	0	
osdp-0027	osdp	5c071774efd7a3a8fd198941453e125375004b1f9f9e5f5c01a70f72113adb79	2561	2743	3	1. ДЕМОНОПОЛИЗАЦИЯ ЭКОНОМИКИ	substantive	0	0	
osdp-0028	osdp	5c071774efd7a3a8fd198941453e125375004b1f9f9e5f5c01a70f72113adb79	2744	2900	3	1. ДЕМОНОПОЛИЗАЦИЯ ЭКОНОМИКИ	substantive	0	0	
osdp-0029	osdp	5c071774efd7a3a8fd198941453e125375004b1f9f9e5f5c01a70f72113adb79	2901	3132	3	1. ДЕМОНОПОЛИЗАЦИЯ ЭКОНОМИКИ	substantive	0	0	
osdp-0030	osdp	5c071774efd7a3a8fd198941453e125375004b1f9f9e5f5c01a70f72113adb79	3133	3252	3	1. ДЕМОНОПОЛИЗАЦИЯ ЭКОНОМИКИ	substantive	0	0	
osdp-0031	osdp	5c071774efd7a3a8fd198941453e125375004b1f9f9e5f5c01a70f72113adb79	3253	3294	3	2. НУЛЕВАЯ ТЕРПИМОСТЬ — НУЛЕВАЯ КОРРУПЦИЯ	structural	1	0	
osdp-0032	osdp	5c071774efd7a3a8fd198941453e125375004b1f9f9e5f5c01a70f72113adb79	3295	3427	3	2. НУЛЕВАЯ ТЕРПИМОСТЬ — НУЛЕВАЯ КОРРУПЦИЯ	substantive	0	0	
osdp-0033	osdp	5c071774efd7a3a8fd198941453e125375004b1f9f9e5f5c01a70f72113adb79	3428	3586	3	2. НУЛЕВАЯ ТЕРПИМОСТЬ — НУЛЕВАЯ КОРРУПЦИЯ	substantive	0	0	
osdp-0034	osdp	5c071774efd7a3a8fd198941453e125375004b1f9f9e5f5c01a70f72113adb79	3587	3735	4	2. НУЛЕВАЯ ТЕРПИМОСТЬ — НУЛЕВАЯ КОРРУПЦИЯ	substantive	0	0	
osdp-0035	osdp	5c071774efd7a3a8fd198941453e125375004b1f9f9e5f5c01a70f72113adb79	3751	3869	4	2. НУЛЕВАЯ ТЕРПИМОСТЬ — НУЛЕВАЯ КОРРУПЦИЯ	substantive	0	0	Ключевые меры:
osdp-0036	osdp	5c071774efd7a3a8fd198941453e125375004b1f9f9e5f5c01a70f72113adb79	3870	3943	4	2. НУЛЕВАЯ ТЕРПИМОСТЬ — НУЛЕВАЯ КОРРУПЦИЯ	substantive	0	0	Ключевые меры:
osdp-0037	osdp	5c071774efd7a3a8fd198941453e125375004b1f9f9e5f5c01a70f72113adb79	3944	4026	4	2. НУЛЕВАЯ ТЕРПИМОСТЬ — НУЛЕВАЯ КОРРУПЦИЯ	substantive	0	0	Ключевые меры:
osdp-0038	osdp	5c071774efd7a3a8fd198941453e125375004b1f9f9e5f5c01a70f72113adb79	4027	4119	4	2. НУЛЕВАЯ ТЕРПИМОСТЬ — НУЛЕВАЯ КОРРУПЦИЯ	substantive	0	0	Ключевые меры:
osdp-0039	osdp	5c071774efd7a3a8fd198941453e125375004b1f9f9e5f5c01a70f72113adb79	4120	4201	4	2. НУЛЕВАЯ ТЕРПИМОСТЬ — НУЛЕВАЯ КОРРУПЦИЯ	substantive	0	0	Ключевые меры:
osdp-0040	osdp	5c071774efd7a3a8fd198941453e125375004b1f9f9e5f5c01a70f72113adb79	4202	4367	4	2. НУЛЕВАЯ ТЕРПИМОСТЬ — НУЛЕВАЯ КОРРУПЦИЯ	substantive	0	0	
osdp-0041	osdp	5c071774efd7a3a8fd198941453e125375004b1f9f9e5f5c01a70f72113adb79	4368	4458	4	2. НУЛЕВАЯ ТЕРПИМОСТЬ — НУЛЕВАЯ КОРРУПЦИЯ	substantive	0	0	
osdp-0042	osdp	5c071774efd7a3a8fd198941453e125375004b1f9f9e5f5c01a70f72113adb79	4459	4481	4	3. СВОБОДНЫЙ ГРАЖДАНИН	structural	1	0	
osdp-0043	osdp	5c071774efd7a3a8fd198941453e125375004b1f9f9e5f5c01a70f72113adb79	4482	4560	4	3. СВОБОДНЫЙ ГРАЖДАНИН	substantive	0	0	
osdp-0044	osdp	5c071774efd7a3a8fd198941453e125375004b1f9f9e5f5c01a70f72113adb79	4561	4684	4	3. СВОБОДНЫЙ ГРАЖДАНИН	substantive	0	0	
osdp-0045	osdp	5c071774efd7a3a8fd198941453e125375004b1f9f9e5f5c01a70f72113adb79	4685	4821	5	3. СВОБОДНЫЙ ГРАЖДАНИН	substantive	0	0	
osdp-0046	osdp	5c071774efd7a3a8fd198941453e125375004b1f9f9e5f5c01a70f72113adb79	4822	4895	5	3. СВОБОДНЫЙ ГРАЖДАНИН	substantive	0	0	
osdp-0047	osdp	5c071774efd7a3a8fd198941453e125375004b1f9f9e5f5c01a70f72113adb79	4896	5024	5	3. СВОБОДНЫЙ ГРАЖДАНИН	substantive	0	0	
osdp-0048	osdp	5c071774efd7a3a8fd198941453e125375004b1f9f9e5f5c01a70f72113adb79	5025	5146	5	3. СВОБОДНЫЙ ГРАЖДАНИН	substantive	0	0	
osdp-0049	osdp	5c071774efd7a3a8fd198941453e125375004b1f9f9e5f5c01a70f72113adb79	5147	5187	5	4. ЧЕСТНЫЕ И РАВНЫЕ ВЫБОРЫ. ПОЛИТИЧЕСКАЯ	structural	1	0	
osdp-0050	osdp	5c071774efd7a3a8fd198941453e125375004b1f9f9e5f5c01a70f72113adb79	5188	5199	5	КОНКУРЕНЦИЯ	structural	0	0	
osdp-0051	osdp	5c071774efd7a3a8fd198941453e125375004b1f9f9e5f5c01a70f72113adb79	5200	5335	5	КОНКУРЕНЦИЯ	substantive	0	0	
osdp-0052	osdp	5c071774efd7a3a8fd198941453e125375004b1f9f9e5f5c01a70f72113adb79	5336	5437	5	КОНКУРЕНЦИЯ	substantive	0	0	
osdp-0053	osdp	5c071774efd7a3a8fd198941453e125375004b1f9f9e5f5c01a70f72113adb79	5438	5646	5	КОНКУРЕНЦИЯ	substantive	0	0	
osdp-0054	osdp	5c071774efd7a3a8fd198941453e125375004b1f9f9e5f5c01a70f72113adb79	5647	5795	5	КОНКУРЕНЦИЯ	substantive	0	0	
osdp-0055	osdp	5c071774efd7a3a8fd198941453e125375004b1f9f9e5f5c01a70f72113adb79	5796	5970	5	КОНКУРЕНЦИЯ	substantive	0	0	
osdp-0056	osdp	5c071774efd7a3a8fd198941453e125375004b1f9f9e5f5c01a70f72113adb79	5971	6007	6	КОНКУРЕНЦИЯ	substantive	0	0	
osdp-0057	osdp	5c071774efd7a3a8fd198941453e125375004b1f9f9e5f5c01a70f72113adb79	6009	6225	6	КОНКУРЕНЦИЯ	fragment	0	0	
osdp-0058	osdp	5c071774efd7a3a8fd198941453e125375004b1f9f9e5f5c01a70f72113adb79	6226	6366	6	КОНКУРЕНЦИЯ	substantive	0	0	
osdp-0059	osdp	5c071774efd7a3a8fd198941453e125375004b1f9f9e5f5c01a70f72113adb79	6367	6508	6	КОНКУРЕНЦИЯ	substantive	0	0	
osdp-0060	osdp	5c071774efd7a3a8fd198941453e125375004b1f9f9e5f5c01a70f72113adb79	6509	6628	6	КОНКУРЕНЦИЯ	substantive	0	0	
osdp-0061	osdp	5c071774efd7a3a8fd198941453e125375004b1f9f9e5f5c01a70f72113adb79	6629	6740	6	КОНКУРЕНЦИЯ	substantive	0	0	
osdp-0062	osdp	5c071774efd7a3a8fd198941453e125375004b1f9f9e5f5c01a70f72113adb79	6741	6923	6	КОНКУРЕНЦИЯ	substantive	0	0	
osdp-0063	osdp	5c071774efd7a3a8fd198941453e125375004b1f9f9e5f5c01a70f72113adb79	6924	7154	6	КОНКУРЕНЦИЯ	substantive	0	0	
osdp-0064	osdp	5c071774efd7a3a8fd198941453e125375004b1f9f9e5f5c01a70f72113adb79	7155	7303	6	КОНКУРЕНЦИЯ	substantive	0	0	
osdp-0065	osdp	5c071774efd7a3a8fd198941453e125375004b1f9f9e5f5c01a70f72113adb79	7304	7402	7	КОНКУРЕНЦИЯ	lead_in	0	0	
osdp-0066	osdp	5c071774efd7a3a8fd198941453e125375004b1f9f9e5f5c01a70f72113adb79	7403	7581	7	КОНКУРЕНЦИЯ	substantive	0	0	В парламентской деятельности все политические фракции должны иметь равные процедурные возможности:
osdp-0067	osdp	5c071774efd7a3a8fd198941453e125375004b1f9f9e5f5c01a70f72113adb79	7582	7729	7	КОНКУРЕНЦИЯ	substantive	0	0	В парламентской деятельности все политические фракции должны иметь равные процедурные возможности:
osdp-0068	osdp	5c071774efd7a3a8fd198941453e125375004b1f9f9e5f5c01a70f72113adb79	7730	7946	7	КОНКУРЕНЦИЯ	substantive	0	0	
osdp-0069	osdp	5c071774efd7a3a8fd198941453e125375004b1f9f9e5f5c01a70f72113adb79	7947	8113	7	КОНКУРЕНЦИЯ	substantive	0	0	
osdp-0070	osdp	5c071774efd7a3a8fd198941453e125375004b1f9f9e5f5c01a70f72113adb79	8114	8142	7	5. ПРОФЕССИОНАЛЬНЫЙ ҚҰРЫЛТАЙ	structural	1	0	
osdp-0071	osdp	5c071774efd7a3a8fd198941453e125375004b1f9f9e5f5c01a70f72113adb79	8143	8364	7	5. ПРОФЕССИОНАЛЬНЫЙ ҚҰРЫЛТАЙ	substantive	0	0	
osdp-0072	osdp	5c071774efd7a3a8fd198941453e125375004b1f9f9e5f5c01a70f72113adb79	8365	8500	7	5. ПРОФЕССИОНАЛЬНЫЙ ҚҰРЫЛТАЙ	substantive	0	0	
osdp-0073	osdp	5c071774efd7a3a8fd198941453e125375004b1f9f9e5f5c01a70f72113adb79	8501	8617	8	5. ПРОФЕССИОНАЛЬНЫЙ ҚҰРЫЛТАЙ	substantive	0	0	
osdp-0074	osdp	5c071774efd7a3a8fd198941453e125375004b1f9f9e5f5c01a70f72113adb79	8618	8692	8	5. ПРОФЕССИОНАЛЬНЫЙ ҚҰРЫЛТАЙ	substantive	0	0	
osdp-0075	osdp	5c071774efd7a3a8fd198941453e125375004b1f9f9e5f5c01a70f72113adb79	8693	8929	8	5. ПРОФЕССИОНАЛЬНЫЙ ҚҰРЫЛТАЙ	substantive	0	0	
osdp-0076	osdp	5c071774efd7a3a8fd198941453e125375004b1f9f9e5f5c01a70f72113adb79	8930	9121	8	5. ПРОФЕССИОНАЛЬНЫЙ ҚҰРЫЛТАЙ	substantive	0	0	
osdp-0077	osdp	5c071774efd7a3a8fd198941453e125375004b1f9f9e5f5c01a70f72113adb79	9122	9385	8	5. ПРОФЕССИОНАЛЬНЫЙ ҚҰРЫЛТАЙ	substantive	0	0	
osdp-0078	osdp	5c071774efd7a3a8fd198941453e125375004b1f9f9e5f5c01a70f72113adb79	9386	9544	8	5. ПРОФЕССИОНАЛЬНЫЙ ҚҰРЫЛТАЙ	substantive	0	0	
osdp-0079	osdp	5c071774efd7a3a8fd198941453e125375004b1f9f9e5f5c01a70f72113adb79	9545	9639	8	5. ПРОФЕССИОНАЛЬНЫЙ ҚҰРЫЛТАЙ	substantive	0	0	
osdp-0080	osdp	5c071774efd7a3a8fd198941453e125375004b1f9f9e5f5c01a70f72113adb79	9640	9775	8	5. ПРОФЕССИОНАЛЬНЫЙ ҚҰРЫЛТАЙ	substantive	0	0	
osdp-0081	osdp	5c071774efd7a3a8fd198941453e125375004b1f9f9e5f5c01a70f72113adb79	9776	9901	9	5. ПРОФЕССИОНАЛЬНЫЙ ҚҰРЫЛТАЙ	substantive	0	0	
osdp-0082	osdp	5c071774efd7a3a8fd198941453e125375004b1f9f9e5f5c01a70f72113adb79	9902	10121	9	5. ПРОФЕССИОНАЛЬНЫЙ ҚҰРЫЛТАЙ	substantive	0	0	
osdp-0083	osdp	5c071774efd7a3a8fd198941453e125375004b1f9f9e5f5c01a70f72113adb79	10122	10265	9	5. ПРОФЕССИОНАЛЬНЫЙ ҚҰРЫЛТАЙ	substantive	0	0	
osdp-0084	osdp	5c071774efd7a3a8fd198941453e125375004b1f9f9e5f5c01a70f72113adb79	10266	10484	9	5. ПРОФЕССИОНАЛЬНЫЙ ҚҰРЫЛТАЙ	substantive	0	0	
osdp-0085	osdp	5c071774efd7a3a8fd198941453e125375004b1f9f9e5f5c01a70f72113adb79	10485	10566	9	5. ПРОФЕССИОНАЛЬНЫЙ ҚҰРЫЛТАЙ	substantive	0	0	
osdp-0086	osdp	5c071774efd7a3a8fd198941453e125375004b1f9f9e5f5c01a70f72113adb79	10567	10630	9	5. ПРОФЕССИОНАЛЬНЫЙ ҚҰРЫЛТАЙ	substantive	0	0	
osdp-0087	osdp	5c071774efd7a3a8fd198941453e125375004b1f9f9e5f5c01a70f72113adb79	10631	10749	9	5. ПРОФЕССИОНАЛЬНЫЙ ҚҰРЫЛТАЙ	substantive	0	0	
osdp-0088	osdp	5c071774efd7a3a8fd198941453e125375004b1f9f9e5f5c01a70f72113adb79	10750	10932	9	5. ПРОФЕССИОНАЛЬНЫЙ ҚҰРЫЛТАЙ	substantive	0	0	
osdp-0089	osdp	5c071774efd7a3a8fd198941453e125375004b1f9f9e5f5c01a70f72113adb79	10933	11137	9	5. ПРОФЕССИОНАЛЬНЫЙ ҚҰРЫЛТАЙ	substantive	0	0	
osdp-0090	osdp	5c071774efd7a3a8fd198941453e125375004b1f9f9e5f5c01a70f72113adb79	11138	11175	10	6. ЭФФЕКТИВНОЕ МЕСТНОЕ САМОУПРАВЛЕНИЕ	structural	1	0	
osdp-0091	osdp	5c071774efd7a3a8fd198941453e125375004b1f9f9e5f5c01a70f72113adb79	11176	11283	10	6. ЭФФЕКТИВНОЕ МЕСТНОЕ САМОУПРАВЛЕНИЕ	substantive	0	0	
osdp-0092	osdp	5c071774efd7a3a8fd198941453e125375004b1f9f9e5f5c01a70f72113adb79	11284	11453	10	6. ЭФФЕКТИВНОЕ МЕСТНОЕ САМОУПРАВЛЕНИЕ	substantive	0	0	
osdp-0093	osdp	5c071774efd7a3a8fd198941453e125375004b1f9f9e5f5c01a70f72113adb79	11454	11504	10	6. ЭФФЕКТИВНОЕ МЕСТНОЕ САМОУПРАВЛЕНИЕ	substantive	0	0	
osdp-0094	osdp	5c071774efd7a3a8fd198941453e125375004b1f9f9e5f5c01a70f72113adb79	11505	11622	10	6. ЭФФЕКТИВНОЕ МЕСТНОЕ САМОУПРАВЛЕНИЕ	substantive	0	0	
osdp-0095	osdp	5c071774efd7a3a8fd198941453e125375004b1f9f9e5f5c01a70f72113adb79	11623	11771	10	6. ЭФФЕКТИВНОЕ МЕСТНОЕ САМОУПРАВЛЕНИЕ	substantive	0	0	
osdp-0096	osdp	5c071774efd7a3a8fd198941453e125375004b1f9f9e5f5c01a70f72113adb79	11772	11924	10	6. ЭФФЕКТИВНОЕ МЕСТНОЕ САМОУПРАВЛЕНИЕ	substantive	0	0	
osdp-0097	osdp	5c071774efd7a3a8fd198941453e125375004b1f9f9e5f5c01a70f72113adb79	11925	12074	10	6. ЭФФЕКТИВНОЕ МЕСТНОЕ САМОУПРАВЛЕНИЕ	substantive	0	0	
osdp-0098	osdp	5c071774efd7a3a8fd198941453e125375004b1f9f9e5f5c01a70f72113adb79	12075	12094	10	7. НЕЗАВИСИМЫЕ СУДЫ	structural	1	0	
osdp-0099	osdp	5c071774efd7a3a8fd198941453e125375004b1f9f9e5f5c01a70f72113adb79	12095	12218	10	7. НЕЗАВИСИМЫЕ СУДЫ	substantive	0	0	
osdp-0100	osdp	5c071774efd7a3a8fd198941453e125375004b1f9f9e5f5c01a70f72113adb79	12219	12393	10	7. НЕЗАВИСИМЫЕ СУДЫ	substantive	0	0	
osdp-0101	osdp	5c071774efd7a3a8fd198941453e125375004b1f9f9e5f5c01a70f72113adb79	12394	12475	11	7. НЕЗАВИСИМЫЕ СУДЫ	substantive	0	0	
osdp-0102	osdp	5c071774efd7a3a8fd198941453e125375004b1f9f9e5f5c01a70f72113adb79	12476	12636	11	7. НЕЗАВИСИМЫЕ СУДЫ	substantive	0	0	
osdp-0103	osdp	5c071774efd7a3a8fd198941453e125375004b1f9f9e5f5c01a70f72113adb79	12637	12851	11	7. НЕЗАВИСИМЫЕ СУДЫ	substantive	0	0	
osdp-0104	osdp	5c071774efd7a3a8fd198941453e125375004b1f9f9e5f5c01a70f72113adb79	12852	13022	11	7. НЕЗАВИСИМЫЕ СУДЫ	substantive	0	0	
osdp-0105	osdp	5c071774efd7a3a8fd198941453e125375004b1f9f9e5f5c01a70f72113adb79	13023	13149	11	7. НЕЗАВИСИМЫЕ СУДЫ	substantive	0	0	
osdp-0106	osdp	5c071774efd7a3a8fd198941453e125375004b1f9f9e5f5c01a70f72113adb79	13150	13222	11	7. НЕЗАВИСИМЫЕ СУДЫ	substantive	0	0	
osdp-0107	osdp	5c071774efd7a3a8fd198941453e125375004b1f9f9e5f5c01a70f72113adb79	13223	13379	11	7. НЕЗАВИСИМЫЕ СУДЫ	substantive	0	0	
osdp-0108	osdp	5c071774efd7a3a8fd198941453e125375004b1f9f9e5f5c01a70f72113adb79	13381	13405	11	II. СОЛИДАРНАЯ ЭКОНОМИКА	structural	0	0	
osdp-0109	osdp	5c071774efd7a3a8fd198941453e125375004b1f9f9e5f5c01a70f72113adb79	13406	13441	11	8. БОГАТСТВО НЕДР – ВО БЛАГО ОБЩЕГО	structural	1	0	
osdp-0110	osdp	5c071774efd7a3a8fd198941453e125375004b1f9f9e5f5c01a70f72113adb79	13442	13714	12	8. БОГАТСТВО НЕДР – ВО БЛАГО ОБЩЕГО	substantive	0	0	
osdp-0111	osdp	5c071774efd7a3a8fd198941453e125375004b1f9f9e5f5c01a70f72113adb79	13715	13765	12	8. БОГАТСТВО НЕДР – ВО БЛАГО ОБЩЕГО	substantive	0	0	
osdp-0112	osdp	5c071774efd7a3a8fd198941453e125375004b1f9f9e5f5c01a70f72113adb79	13766	13879	12	8. БОГАТСТВО НЕДР – ВО БЛАГО ОБЩЕГО	substantive	0	0	
osdp-0113	osdp	5c071774efd7a3a8fd198941453e125375004b1f9f9e5f5c01a70f72113adb79	13880	14120	12	8. БОГАТСТВО НЕДР – ВО БЛАГО ОБЩЕГО	substantive	0	0	
osdp-0114	osdp	5c071774efd7a3a8fd198941453e125375004b1f9f9e5f5c01a70f72113adb79	14121	14284	12	8. БОГАТСТВО НЕДР – ВО БЛАГО ОБЩЕГО	substantive	0	0	
osdp-0115	osdp	5c071774efd7a3a8fd198941453e125375004b1f9f9e5f5c01a70f72113adb79	14285	14309	12	9. ЭКОНОМИКА ДЛЯ ГРАЖДАН	structural	1	0	
osdp-0116	osdp	5c071774efd7a3a8fd198941453e125375004b1f9f9e5f5c01a70f72113adb79	14310	14440	12	9. ЭКОНОМИКА ДЛЯ ГРАЖДАН	substantive	0	0	
osdp-0117	osdp	5c071774efd7a3a8fd198941453e125375004b1f9f9e5f5c01a70f72113adb79	14441	14512	12	9. ЭКОНОМИКА ДЛЯ ГРАЖДАН	substantive	0	0	
osdp-0118	osdp	5c071774efd7a3a8fd198941453e125375004b1f9f9e5f5c01a70f72113adb79	14527	14617	12	9. ЭКОНОМИКА ДЛЯ ГРАЖДАН	substantive	0	0	Это означает:
osdp-0119	osdp	5c071774efd7a3a8fd198941453e125375004b1f9f9e5f5c01a70f72113adb79	14618	14752	13	9. ЭКОНОМИКА ДЛЯ ГРАЖДАН	substantive	0	0	Это означает:
osdp-0120	osdp	5c071774efd7a3a8fd198941453e125375004b1f9f9e5f5c01a70f72113adb79	14753	14903	13	9. ЭКОНОМИКА ДЛЯ ГРАЖДАН	substantive	0	0	Это означает:
osdp-0121	osdp	5c071774efd7a3a8fd198941453e125375004b1f9f9e5f5c01a70f72113adb79	14904	15056	13	9. ЭКОНОМИКА ДЛЯ ГРАЖДАН	substantive	0	0	Это означает:
osdp-0122	osdp	5c071774efd7a3a8fd198941453e125375004b1f9f9e5f5c01a70f72113adb79	15057	15121	13	9. ЭКОНОМИКА ДЛЯ ГРАЖДАН	substantive	0	0	Это означает:
osdp-0123	osdp	5c071774efd7a3a8fd198941453e125375004b1f9f9e5f5c01a70f72113adb79	15122	15154	13	9. ЭКОНОМИКА ДЛЯ ГРАЖДАН	substantive	0	0	Это означает:
osdp-0124	osdp	5c071774efd7a3a8fd198941453e125375004b1f9f9e5f5c01a70f72113adb79	15155	15306	13	9. ЭКОНОМИКА ДЛЯ ГРАЖДАН	substantive	0	0	
osdp-0125	osdp	5c071774efd7a3a8fd198941453e125375004b1f9f9e5f5c01a70f72113adb79	15307	15459	13	9. ЭКОНОМИКА ДЛЯ ГРАЖДАН	substantive	0	0	
osdp-0126	osdp	5c071774efd7a3a8fd198941453e125375004b1f9f9e5f5c01a70f72113adb79	15460	15670	13	9. ЭКОНОМИКА ДЛЯ ГРАЖДАН	substantive	1	0	
osdp-0127	osdp	5c071774efd7a3a8fd198941453e125375004b1f9f9e5f5c01a70f72113adb79	15671	15832	13	9. ЭКОНОМИКА ДЛЯ ГРАЖДАН	substantive	0	0	
osdp-0128	osdp	5c071774efd7a3a8fd198941453e125375004b1f9f9e5f5c01a70f72113adb79	15833	15985	14	9. ЭКОНОМИКА ДЛЯ ГРАЖДАН	substantive	0	0	
osdp-0129	osdp	5c071774efd7a3a8fd198941453e125375004b1f9f9e5f5c01a70f72113adb79	15986	16010	14	10. ЗАЩИТИМ ЧЕСТНЫЙ ТРУД	structural	1	0	
osdp-0130	osdp	5c071774efd7a3a8fd198941453e125375004b1f9f9e5f5c01a70f72113adb79	16011	16144	14	10. ЗАЩИТИМ ЧЕСТНЫЙ ТРУД	substantive	0	0	
osdp-0131	osdp	5c071774efd7a3a8fd198941453e125375004b1f9f9e5f5c01a70f72113adb79	16145	16257	14	10. ЗАЩИТИМ ЧЕСТНЫЙ ТРУД	substantive	0	0	
osdp-0132	osdp	5c071774efd7a3a8fd198941453e125375004b1f9f9e5f5c01a70f72113adb79	16258	16432	14	10. ЗАЩИТИМ ЧЕСТНЫЙ ТРУД	substantive	0	0	
osdp-0133	osdp	5c071774efd7a3a8fd198941453e125375004b1f9f9e5f5c01a70f72113adb79	16433	16519	14	10. ЗАЩИТИМ ЧЕСТНЫЙ ТРУД	substantive	0	0	
osdp-0134	osdp	5c071774efd7a3a8fd198941453e125375004b1f9f9e5f5c01a70f72113adb79	16520	16681	14	10. ЗАЩИТИМ ЧЕСТНЫЙ ТРУД	substantive	0	0	
osdp-0135	osdp	5c071774efd7a3a8fd198941453e125375004b1f9f9e5f5c01a70f72113adb79	16682	16828	14	10. ЗАЩИТИМ ЧЕСТНЫЙ ТРУД	substantive	1	0	
osdp-0136	osdp	5c071774efd7a3a8fd198941453e125375004b1f9f9e5f5c01a70f72113adb79	16829	16927	14	10. ЗАЩИТИМ ЧЕСТНЫЙ ТРУД	substantive	0	0	
osdp-0137	osdp	5c071774efd7a3a8fd198941453e125375004b1f9f9e5f5c01a70f72113adb79	16928	16965	14	11. СЕЛО В ДОСТАТКЕ, СТРАНА В ПОРЯДКЕ	structural	1	0	
osdp-0138	osdp	5c071774efd7a3a8fd198941453e125375004b1f9f9e5f5c01a70f72113adb79	16966	17084	14	11. СЕЛО В ДОСТАТКЕ, СТРАНА В ПОРЯДКЕ	substantive	0	0	
osdp-0139	osdp	5c071774efd7a3a8fd198941453e125375004b1f9f9e5f5c01a70f72113adb79	17085	17379	15	11. СЕЛО В ДОСТАТКЕ, СТРАНА В ПОРЯДКЕ	substantive	0	0	
osdp-0140	osdp	5c071774efd7a3a8fd198941453e125375004b1f9f9e5f5c01a70f72113adb79	17380	17483	15	11. СЕЛО В ДОСТАТКЕ, СТРАНА В ПОРЯДКЕ	substantive	0	0	
osdp-0141	osdp	5c071774efd7a3a8fd198941453e125375004b1f9f9e5f5c01a70f72113adb79	17484	17656	15	11. СЕЛО В ДОСТАТКЕ, СТРАНА В ПОРЯДКЕ	substantive	0	0	
osdp-0142	osdp	5c071774efd7a3a8fd198941453e125375004b1f9f9e5f5c01a70f72113adb79	17657	17942	15	11. СЕЛО В ДОСТАТКЕ, СТРАНА В ПОРЯДКЕ	substantive	0	0	
osdp-0143	osdp	5c071774efd7a3a8fd198941453e125375004b1f9f9e5f5c01a70f72113adb79	17943	18086	15	11. СЕЛО В ДОСТАТКЕ, СТРАНА В ПОРЯДКЕ	substantive	0	0	
osdp-0144	osdp	5c071774efd7a3a8fd198941453e125375004b1f9f9e5f5c01a70f72113adb79	18087	18197	15	11. СЕЛО В ДОСТАТКЕ, СТРАНА В ПОРЯДКЕ	substantive	0	0	
osdp-0145	osdp	5c071774efd7a3a8fd198941453e125375004b1f9f9e5f5c01a70f72113adb79	18198	18218	16	III. ДОСТОЙНАЯ ЖИЗНЬ	structural	0	0	
osdp-0146	osdp	5c071774efd7a3a8fd198941453e125375004b1f9f9e5f5c01a70f72113adb79	18220	18255	16	12. КАЧЕСТВЕННАЯ МЕДИЦИНА — БАЗОВЫЙ	structural	1	0	
osdp-0147	osdp	5c071774efd7a3a8fd198941453e125375004b1f9f9e5f5c01a70f72113adb79	18256	18263	16	МИНИМУМ	structural	0	0	
osdp-0148	osdp	5c071774efd7a3a8fd198941453e125375004b1f9f9e5f5c01a70f72113adb79	18264	18428	16	МИНИМУМ	substantive	0	0	
osdp-0149	osdp	5c071774efd7a3a8fd198941453e125375004b1f9f9e5f5c01a70f72113adb79	18429	18614	16	МИНИМУМ	substantive	0	0	
osdp-0150	osdp	5c071774efd7a3a8fd198941453e125375004b1f9f9e5f5c01a70f72113adb79	18615	18806	16	МИНИМУМ	substantive	1	0	
osdp-0151	osdp	5c071774efd7a3a8fd198941453e125375004b1f9f9e5f5c01a70f72113adb79	18807	18948	16	МИНИМУМ	substantive	0	0	
osdp-0152	osdp	5c071774efd7a3a8fd198941453e125375004b1f9f9e5f5c01a70f72113adb79	18949	19063	16	МИНИМУМ	substantive	0	0	
osdp-0153	osdp	5c071774efd7a3a8fd198941453e125375004b1f9f9e5f5c01a70f72113adb79	19064	19189	16	МИНИМУМ	substantive	0	0	
osdp-0154	osdp	5c071774efd7a3a8fd198941453e125375004b1f9f9e5f5c01a70f72113adb79	19190	19357	16	МИНИМУМ	substantive	0	0	
osdp-0155	osdp	5c071774efd7a3a8fd198941453e125375004b1f9f9e5f5c01a70f72113adb79	19358	19447	17	МИНИМУМ	substantive	0	0	
osdp-0156	osdp	5c071774efd7a3a8fd198941453e125375004b1f9f9e5f5c01a70f72113adb79	19448	19597	17	МИНИМУМ	substantive	0	0	
osdp-0157	osdp	5c071774efd7a3a8fd198941453e125375004b1f9f9e5f5c01a70f72113adb79	19598	19780	17	МИНИМУМ	substantive	0	0	
osdp-0158	osdp	5c071774efd7a3a8fd198941453e125375004b1f9f9e5f5c01a70f72113adb79	19781	19885	17	МИНИМУМ	substantive	0	0	
osdp-0159	osdp	5c071774efd7a3a8fd198941453e125375004b1f9f9e5f5c01a70f72113adb79	19886	19962	17	МИНИМУМ	substantive	0	0	
osdp-0160	osdp	5c071774efd7a3a8fd198941453e125375004b1f9f9e5f5c01a70f72113adb79	19963	20151	17	МИНИМУМ	substantive	0	0	
osdp-0161	osdp	5c071774efd7a3a8fd198941453e125375004b1f9f9e5f5c01a70f72113adb79	20152	20267	17	МИНИМУМ	substantive	0	0	
osdp-0162	osdp	5c071774efd7a3a8fd198941453e125375004b1f9f9e5f5c01a70f72113adb79	20268	20496	17	МИНИМУМ	substantive	0	0	
osdp-0163	osdp	5c071774efd7a3a8fd198941453e125375004b1f9f9e5f5c01a70f72113adb79	20497	20536	17	13. СОВРЕМЕННОЕ ОБРАЗОВАНИЕ И ПЕРЕДОВАЯ	structural	1	0	
osdp-0164	osdp	5c071774efd7a3a8fd198941453e125375004b1f9f9e5f5c01a70f72113adb79	20544	20729	17	13. СОВРЕМЕННОЕ ОБРАЗОВАНИЕ И ПЕРЕДОВАЯ	substantive	0	0	
osdp-0165	osdp	5c071774efd7a3a8fd198941453e125375004b1f9f9e5f5c01a70f72113adb79	20730	20917	18	13. СОВРЕМЕННОЕ ОБРАЗОВАНИЕ И ПЕРЕДОВАЯ	substantive	0	0	
osdp-0166	osdp	5c071774efd7a3a8fd198941453e125375004b1f9f9e5f5c01a70f72113adb79	20918	21047	18	13. СОВРЕМЕННОЕ ОБРАЗОВАНИЕ И ПЕРЕДОВАЯ	substantive	0	0	
osdp-0167	osdp	5c071774efd7a3a8fd198941453e125375004b1f9f9e5f5c01a70f72113adb79	21048	21246	18	13. СОВРЕМЕННОЕ ОБРАЗОВАНИЕ И ПЕРЕДОВАЯ	substantive	0	0	
osdp-0168	osdp	5c071774efd7a3a8fd198941453e125375004b1f9f9e5f5c01a70f72113adb79	21247	21425	18	13. СОВРЕМЕННОЕ ОБРАЗОВАНИЕ И ПЕРЕДОВАЯ	substantive	0	0	
osdp-0169	osdp	5c071774efd7a3a8fd198941453e125375004b1f9f9e5f5c01a70f72113adb79	21426	21578	18	13. СОВРЕМЕННОЕ ОБРАЗОВАНИЕ И ПЕРЕДОВАЯ	substantive	0	0	
osdp-0170	osdp	5c071774efd7a3a8fd198941453e125375004b1f9f9e5f5c01a70f72113adb79	21579	21777	18	13. СОВРЕМЕННОЕ ОБРАЗОВАНИЕ И ПЕРЕДОВАЯ	substantive	0	0	
osdp-0171	osdp	5c071774efd7a3a8fd198941453e125375004b1f9f9e5f5c01a70f72113adb79	21778	21926	18	13. СОВРЕМЕННОЕ ОБРАЗОВАНИЕ И ПЕРЕДОВАЯ	substantive	0	0	
osdp-0172	osdp	5c071774efd7a3a8fd198941453e125375004b1f9f9e5f5c01a70f72113adb79	21927	22108	19	13. СОВРЕМЕННОЕ ОБРАЗОВАНИЕ И ПЕРЕДОВАЯ	substantive	0	0	
osdp-0173	osdp	5c071774efd7a3a8fd198941453e125375004b1f9f9e5f5c01a70f72113adb79	22109	22315	19	13. СОВРЕМЕННОЕ ОБРАЗОВАНИЕ И ПЕРЕДОВАЯ	substantive	0	0	
osdp-0174	osdp	5c071774efd7a3a8fd198941453e125375004b1f9f9e5f5c01a70f72113adb79	22316	22392	19	13. СОВРЕМЕННОЕ ОБРАЗОВАНИЕ И ПЕРЕДОВАЯ	substantive	1	0	
osdp-0175	osdp	5c071774efd7a3a8fd198941453e125375004b1f9f9e5f5c01a70f72113adb79	22393	22424	19	14. ИНКЛЮЗИВНОЕ ОБЩЕСТВО РАВНЫХ	structural	1	0	
osdp-0176	osdp	5c071774efd7a3a8fd198941453e125375004b1f9f9e5f5c01a70f72113adb79	22425	22437	19	ВОЗМОЖНОСТЕЙ	structural	0	0	
osdp-0177	osdp	5c071774efd7a3a8fd198941453e125375004b1f9f9e5f5c01a70f72113adb79	22438	22596	19	ВОЗМОЖНОСТЕЙ	substantive	0	0	
osdp-0178	osdp	5c071774efd7a3a8fd198941453e125375004b1f9f9e5f5c01a70f72113adb79	22597	22737	19	ВОЗМОЖНОСТЕЙ	substantive	0	0	
osdp-0179	osdp	5c071774efd7a3a8fd198941453e125375004b1f9f9e5f5c01a70f72113adb79	22738	22767	19	ВОЗМОЖНОСТЕЙ	lead_in	0	0	
osdp-0180	osdp	5c071774efd7a3a8fd198941453e125375004b1f9f9e5f5c01a70f72113adb79	22768	22883	19	ВОЗМОЖНОСТЕЙ	substantive	0	0	Приоритеты политики инклюзии:
osdp-0181	osdp	5c071774efd7a3a8fd198941453e125375004b1f9f9e5f5c01a70f72113adb79	22884	22962	19	ВОЗМОЖНОСТЕЙ	substantive	0	0	Приоритеты политики инклюзии:
osdp-0182	osdp	5c071774efd7a3a8fd198941453e125375004b1f9f9e5f5c01a70f72113adb79	22963	23082	19	ВОЗМОЖНОСТЕЙ	substantive	0	0	Приоритеты политики инклюзии:
osdp-0183	osdp	5c071774efd7a3a8fd198941453e125375004b1f9f9e5f5c01a70f72113adb79	23083	23148	20	ВОЗМОЖНОСТЕЙ	substantive	0	0	Приоритеты политики инклюзии:
osdp-0184	osdp	5c071774efd7a3a8fd198941453e125375004b1f9f9e5f5c01a70f72113adb79	23149	23274	20	ВОЗМОЖНОСТЕЙ	substantive	0	0	
osdp-0185	osdp	5c071774efd7a3a8fd198941453e125375004b1f9f9e5f5c01a70f72113adb79	23275	23302	20	ВОЗМОЖНОСТЕЙ	lead_in	0	0	
osdp-0186	osdp	5c071774efd7a3a8fd198941453e125375004b1f9f9e5f5c01a70f72113adb79	23303	23400	20	ВОЗМОЖНОСТЕЙ	substantive	0	0	Реформа пенсионной системы:
osdp-0187	osdp	5c071774efd7a3a8fd198941453e125375004b1f9f9e5f5c01a70f72113adb79	23401	23453	20	ВОЗМОЖНОСТЕЙ	substantive	0	0	Реформа пенсионной системы:
osdp-0188	osdp	5c071774efd7a3a8fd198941453e125375004b1f9f9e5f5c01a70f72113adb79	23454	23556	20	ВОЗМОЖНОСТЕЙ	substantive	0	0	Реформа пенсионной системы:
osdp-0189	osdp	5c071774efd7a3a8fd198941453e125375004b1f9f9e5f5c01a70f72113adb79	23557	23648	20	ВОЗМОЖНОСТЕЙ	substantive	0	0	Реформа пенсионной системы:
osdp-0190	osdp	5c071774efd7a3a8fd198941453e125375004b1f9f9e5f5c01a70f72113adb79	23649	23756	20	ВОЗМОЖНОСТЕЙ	substantive	0	0	Реформа пенсионной системы:
osdp-0191	osdp	5c071774efd7a3a8fd198941453e125375004b1f9f9e5f5c01a70f72113adb79	23757	23795	20	15. ДОСТУПНОЕ ЖИЛЬЁ И КОМФОРТНАЯ СРЕДА	structural	1	0	
osdp-0192	osdp	5c071774efd7a3a8fd198941453e125375004b1f9f9e5f5c01a70f72113adb79	23796	23878	20	15. ДОСТУПНОЕ ЖИЛЬЁ И КОМФОРТНАЯ СРЕДА	substantive	0	0	
osdp-0193	osdp	5c071774efd7a3a8fd198941453e125375004b1f9f9e5f5c01a70f72113adb79	23879	24051	20	15. ДОСТУПНОЕ ЖИЛЬЁ И КОМФОРТНАЯ СРЕДА	substantive	0	0	
osdp-0194	osdp	5c071774efd7a3a8fd198941453e125375004b1f9f9e5f5c01a70f72113adb79	24064	24118	20	15. ДОСТУПНОЕ ЖИЛЬЁ И КОМФОРТНАЯ СРЕДА	substantive	0	0	Приоритеты:
osdp-0195	osdp	5c071774efd7a3a8fd198941453e125375004b1f9f9e5f5c01a70f72113adb79	24119	24208	20	15. ДОСТУПНОЕ ЖИЛЬЁ И КОМФОРТНАЯ СРЕДА	substantive	0	0	Приоритеты:
osdp-0196	osdp	5c071774efd7a3a8fd198941453e125375004b1f9f9e5f5c01a70f72113adb79	24209	24278	21	15. ДОСТУПНОЕ ЖИЛЬЁ И КОМФОРТНАЯ СРЕДА	substantive	0	0	Приоритеты:
osdp-0197	osdp	5c071774efd7a3a8fd198941453e125375004b1f9f9e5f5c01a70f72113adb79	24279	24336	21	15. ДОСТУПНОЕ ЖИЛЬЁ И КОМФОРТНАЯ СРЕДА	substantive	0	0	Приоритеты:
osdp-0198	osdp	5c071774efd7a3a8fd198941453e125375004b1f9f9e5f5c01a70f72113adb79	24337	24388	21	15. ДОСТУПНОЕ ЖИЛЬЁ И КОМФОРТНАЯ СРЕДА	substantive	0	0	Приоритеты:
osdp-0199	osdp	5c071774efd7a3a8fd198941453e125375004b1f9f9e5f5c01a70f72113adb79	24389	24477	21	15. ДОСТУПНОЕ ЖИЛЬЁ И КОМФОРТНАЯ СРЕДА	substantive	0	0	Приоритеты:
osdp-0200	osdp	5c071774efd7a3a8fd198941453e125375004b1f9f9e5f5c01a70f72113adb79	24478	24581	21	15. ДОСТУПНОЕ ЖИЛЬЁ И КОМФОРТНАЯ СРЕДА	substantive	0	0	Приоритеты:
osdp-0201	osdp	5c071774efd7a3a8fd198941453e125375004b1f9f9e5f5c01a70f72113adb79	24582	24659	21	15. ДОСТУПНОЕ ЖИЛЬЁ И КОМФОРТНАЯ СРЕДА	substantive	0	0	Приоритеты:
osdp-0202	osdp	5c071774efd7a3a8fd198941453e125375004b1f9f9e5f5c01a70f72113adb79	24660	24769	21	15. ДОСТУПНОЕ ЖИЛЬЁ И КОМФОРТНАЯ СРЕДА	substantive	0	0	
osdp-0203	osdp	5c071774efd7a3a8fd198941453e125375004b1f9f9e5f5c01a70f72113adb79	24770	24799	21	16. ЭКОЛОГИЯ БЕЗ КОМПРОМИССОВ	structural	1	0	
osdp-0204	osdp	5c071774efd7a3a8fd198941453e125375004b1f9f9e5f5c01a70f72113adb79	24800	24991	21	16. ЭКОЛОГИЯ БЕЗ КОМПРОМИССОВ	substantive	0	0	
osdp-0205	osdp	5c071774efd7a3a8fd198941453e125375004b1f9f9e5f5c01a70f72113adb79	24992	25198	21	16. ЭКОЛОГИЯ БЕЗ КОМПРОМИССОВ	substantive	0	0	
osdp-0206	osdp	5c071774efd7a3a8fd198941453e125375004b1f9f9e5f5c01a70f72113adb79	25199	25427	21	16. ЭКОЛОГИЯ БЕЗ КОМПРОМИССОВ	substantive	0	0	
osdp-0207	osdp	5c071774efd7a3a8fd198941453e125375004b1f9f9e5f5c01a70f72113adb79	25428	25645	22	16. ЭКОЛОГИЯ БЕЗ КОМПРОМИССОВ	substantive	0	0	
osdp-0208	osdp	5c071774efd7a3a8fd198941453e125375004b1f9f9e5f5c01a70f72113adb79	25646	25786	22	16. ЭКОЛОГИЯ БЕЗ КОМПРОМИССОВ	substantive	0	0	
osdp-0209	osdp	5c071774efd7a3a8fd198941453e125375004b1f9f9e5f5c01a70f72113adb79	25787	25942	22	16. ЭКОЛОГИЯ БЕЗ КОМПРОМИССОВ	substantive	0	0	
osdp-0210	osdp	5c071774efd7a3a8fd198941453e125375004b1f9f9e5f5c01a70f72113adb79	25943	26144	22	16. ЭКОЛОГИЯ БЕЗ КОМПРОМИССОВ	substantive	0	0	
osdp-0211	osdp	5c071774efd7a3a8fd198941453e125375004b1f9f9e5f5c01a70f72113adb79	26145	26259	22	16. ЭКОЛОГИЯ БЕЗ КОМПРОМИССОВ	substantive	0	0	
osdp-0212	osdp	5c071774efd7a3a8fd198941453e125375004b1f9f9e5f5c01a70f72113adb79	26260	26349	22	16. ЭКОЛОГИЯ БЕЗ КОМПРОМИССОВ	substantive	0	0	
osdp-0213	osdp	5c071774efd7a3a8fd198941453e125375004b1f9f9e5f5c01a70f72113adb79	26350	26477	22	16. ЭКОЛОГИЯ БЕЗ КОМПРОМИССОВ	substantive	0	0	
osdp-0214	osdp	5c071774efd7a3a8fd198941453e125375004b1f9f9e5f5c01a70f72113adb79	26494	26576	22	16. ЭКОЛОГИЯ БЕЗ КОМПРОМИССОВ	substantive	0	0	ОСДП обеспечит:
osdp-0215	osdp	5c071774efd7a3a8fd198941453e125375004b1f9f9e5f5c01a70f72113adb79	26577	26691	23	16. ЭКОЛОГИЯ БЕЗ КОМПРОМИССОВ	substantive	0	0	ОСДП обеспечит:
osdp-0216	osdp	5c071774efd7a3a8fd198941453e125375004b1f9f9e5f5c01a70f72113adb79	26692	26779	23	16. ЭКОЛОГИЯ БЕЗ КОМПРОМИССОВ	substantive	0	0	ОСДП обеспечит:
osdp-0217	osdp	5c071774efd7a3a8fd198941453e125375004b1f9f9e5f5c01a70f72113adb79	26780	26878	23	16. ЭКОЛОГИЯ БЕЗ КОМПРОМИССОВ	substantive	0	0	ОСДП обеспечит:
osdp-0218	osdp	5c071774efd7a3a8fd198941453e125375004b1f9f9e5f5c01a70f72113adb79	26879	26971	23	16. ЭКОЛОГИЯ БЕЗ КОМПРОМИССОВ	substantive	0	0	ОСДП обеспечит:
osdp-0219	osdp	5c071774efd7a3a8fd198941453e125375004b1f9f9e5f5c01a70f72113adb79	26972	27078	23	16. ЭКОЛОГИЯ БЕЗ КОМПРОМИССОВ	substantive	0	0	ОСДП обеспечит:
osdp-0220	osdp	5c071774efd7a3a8fd198941453e125375004b1f9f9e5f5c01a70f72113adb79	27079	27263	23	16. ЭКОЛОГИЯ БЕЗ КОМПРОМИССОВ	substantive	0	0	ОСДП обеспечит:
osdp-0221	osdp	5c071774efd7a3a8fd198941453e125375004b1f9f9e5f5c01a70f72113adb79	27264	27369	23	16. ЭКОЛОГИЯ БЕЗ КОМПРОМИССОВ	substantive	0	0	ОСДП обеспечит:
osdp-0222	osdp	5c071774efd7a3a8fd198941453e125375004b1f9f9e5f5c01a70f72113adb79	27370	27472	23	16. ЭКОЛОГИЯ БЕЗ КОМПРОМИССОВ	substantive	0	0	ОСДП обеспечит:
osdp-0223	osdp	5c071774efd7a3a8fd198941453e125375004b1f9f9e5f5c01a70f72113adb79	27474	27503	23	IV. КАЗАХСТАН В МИРЕ БУДУЩЕГО	structural	0	0	
osdp-0224	osdp	5c071774efd7a3a8fd198941453e125375004b1f9f9e5f5c01a70f72113adb79	27505	27546	23	17. ПРАВА И БЕЗОПАСНОСТЬ В ЦИФРОВОЙ ЭПОХЕ	structural	1	0	
osdp-0225	osdp	5c071774efd7a3a8fd198941453e125375004b1f9f9e5f5c01a70f72113adb79	27547	27690	23	17. ПРАВА И БЕЗОПАСНОСТЬ В ЦИФРОВОЙ ЭПОХЕ	substantive	0	0	
osdp-0226	osdp	5c071774efd7a3a8fd198941453e125375004b1f9f9e5f5c01a70f72113adb79	27691	27821	23	17. ПРАВА И БЕЗОПАСНОСТЬ В ЦИФРОВОЙ ЭПОХЕ	substantive	0	0	
osdp-0227	osdp	5c071774efd7a3a8fd198941453e125375004b1f9f9e5f5c01a70f72113adb79	27822	28118	24	17. ПРАВА И БЕЗОПАСНОСТЬ В ЦИФРОВОЙ ЭПОХЕ	substantive	0	0	
osdp-0228	osdp	5c071774efd7a3a8fd198941453e125375004b1f9f9e5f5c01a70f72113adb79	28119	28448	24	17. ПРАВА И БЕЗОПАСНОСТЬ В ЦИФРОВОЙ ЭПОХЕ	substantive	0	0	
osdp-0229	osdp	5c071774efd7a3a8fd198941453e125375004b1f9f9e5f5c01a70f72113adb79	28449	28656	24	17. ПРАВА И БЕЗОПАСНОСТЬ В ЦИФРОВОЙ ЭПОХЕ	substantive	0	0	
osdp-0230	osdp	5c071774efd7a3a8fd198941453e125375004b1f9f9e5f5c01a70f72113adb79	28657	28881	24	17. ПРАВА И БЕЗОПАСНОСТЬ В ЦИФРОВОЙ ЭПОХЕ	substantive	0	0	
osdp-0231	osdp	5c071774efd7a3a8fd198941453e125375004b1f9f9e5f5c01a70f72113adb79	28882	29036	24	17. ПРАВА И БЕЗОПАСНОСТЬ В ЦИФРОВОЙ ЭПОХЕ	substantive	0	0	
osdp-0232	osdp	5c071774efd7a3a8fd198941453e125375004b1f9f9e5f5c01a70f72113adb79	29037	29170	25	17. ПРАВА И БЕЗОПАСНОСТЬ В ЦИФРОВОЙ ЭПОХЕ	substantive	0	0	
osdp-0233	osdp	5c071774efd7a3a8fd198941453e125375004b1f9f9e5f5c01a70f72113adb79	29171	29303	25	17. ПРАВА И БЕЗОПАСНОСТЬ В ЦИФРОВОЙ ЭПОХЕ	substantive	0	0	
osdp-0234	osdp	5c071774efd7a3a8fd198941453e125375004b1f9f9e5f5c01a70f72113adb79	29304	29405	25	17. ПРАВА И БЕЗОПАСНОСТЬ В ЦИФРОВОЙ ЭПОХЕ	substantive	0	0	
osdp-0235	osdp	5c071774efd7a3a8fd198941453e125375004b1f9f9e5f5c01a70f72113adb79	29406	29443	25	18. ИСКУССТВЕННЫЙ ИНТЕЛЛЕКТ НА СЛУЖБЕ	structural	1	0	
osdp-0236	osdp	5c071774efd7a3a8fd198941453e125375004b1f9f9e5f5c01a70f72113adb79	29444	29452	25	ОБШЕСТВА	structural	0	0	
osdp-0237	osdp	5c071774efd7a3a8fd198941453e125375004b1f9f9e5f5c01a70f72113adb79	29453	29632	25	ОБШЕСТВА	substantive	0	0	
osdp-0238	osdp	5c071774efd7a3a8fd198941453e125375004b1f9f9e5f5c01a70f72113adb79	29633	29776	25	ОБШЕСТВА	substantive	0	0	
osdp-0239	osdp	5c071774efd7a3a8fd198941453e125375004b1f9f9e5f5c01a70f72113adb79	29777	29863	25	ОБШЕСТВА	substantive	0	0	
osdp-0240	osdp	5c071774efd7a3a8fd198941453e125375004b1f9f9e5f5c01a70f72113adb79	29864	30035	25	ОБШЕСТВА	substantive	0	0	
osdp-0241	osdp	5c071774efd7a3a8fd198941453e125375004b1f9f9e5f5c01a70f72113adb79	30036	30068	25	ОБШЕСТВА	lead_in	0	0	
osdp-0242	osdp	5c071774efd7a3a8fd198941453e125375004b1f9f9e5f5c01a70f72113adb79	30069	30156	25	ОБШЕСТВА	substantive	0	0	Ключевые принципы политики ОСДП:
osdp-0243	osdp	5c071774efd7a3a8fd198941453e125375004b1f9f9e5f5c01a70f72113adb79	30157	30262	26	ОБШЕСТВА	substantive	0	0	Ключевые принципы политики ОСДП:
osdp-0244	osdp	5c071774efd7a3a8fd198941453e125375004b1f9f9e5f5c01a70f72113adb79	30263	30407	26	ОБШЕСТВА	substantive	0	0	Ключевые принципы политики ОСДП:
osdp-0245	osdp	5c071774efd7a3a8fd198941453e125375004b1f9f9e5f5c01a70f72113adb79	30408	30510	26	ОБШЕСТВА	substantive	0	0	Ключевые принципы политики ОСДП:
osdp-0246	osdp	5c071774efd7a3a8fd198941453e125375004b1f9f9e5f5c01a70f72113adb79	30511	30593	26	ОБШЕСТВА	substantive	0	0	Ключевые принципы политики ОСДП:
osdp-0247	osdp	5c071774efd7a3a8fd198941453e125375004b1f9f9e5f5c01a70f72113adb79	30594	30715	26	ОБШЕСТВА	substantive	0	0	
osdp-0248	osdp	5c071774efd7a3a8fd198941453e125375004b1f9f9e5f5c01a70f72113adb79	30716	30866	26	ОБШЕСТВА	substantive	0	0	
osdp-0249	osdp	5c071774efd7a3a8fd198941453e125375004b1f9f9e5f5c01a70f72113adb79	30867	30900	26	19. ЭПОХА КУЛЬТУРНОГО ВОЗРОЖДЕНИЯ	structural	1	0	
osdp-0250	osdp	5c071774efd7a3a8fd198941453e125375004b1f9f9e5f5c01a70f72113adb79	30901	30951	26	19. ЭПОХА КУЛЬТУРНОГО ВОЗРОЖДЕНИЯ	rhetorical	0	0	
osdp-0251	osdp	5c071774efd7a3a8fd198941453e125375004b1f9f9e5f5c01a70f72113adb79	30952	31114	26	19. ЭПОХА КУЛЬТУРНОГО ВОЗРОЖДЕНИЯ	substantive	0	0	
osdp-0252	osdp	5c071774efd7a3a8fd198941453e125375004b1f9f9e5f5c01a70f72113adb79	31132	31281	26	19. ЭПОХА КУЛЬТУРНОГО ВОЗРОЖДЕНИЯ	substantive	0	0	Наши приоритеты:
osdp-0253	osdp	5c071774efd7a3a8fd198941453e125375004b1f9f9e5f5c01a70f72113adb79	31282	31370	27	19. ЭПОХА КУЛЬТУРНОГО ВОЗРОЖДЕНИЯ	substantive	0	0	Наши приоритеты:
osdp-0254	osdp	5c071774efd7a3a8fd198941453e125375004b1f9f9e5f5c01a70f72113adb79	31371	31467	27	19. ЭПОХА КУЛЬТУРНОГО ВОЗРОЖДЕНИЯ	substantive	0	0	Наши приоритеты:
osdp-0255	osdp	5c071774efd7a3a8fd198941453e125375004b1f9f9e5f5c01a70f72113adb79	31468	31581	27	19. ЭПОХА КУЛЬТУРНОГО ВОЗРОЖДЕНИЯ	substantive	0	0	Наши приоритеты:
osdp-0256	osdp	5c071774efd7a3a8fd198941453e125375004b1f9f9e5f5c01a70f72113adb79	31582	31686	27	19. ЭПОХА КУЛЬТУРНОГО ВОЗРОЖДЕНИЯ	substantive	0	0	Наши приоритеты:
osdp-0257	osdp	5c071774efd7a3a8fd198941453e125375004b1f9f9e5f5c01a70f72113adb79	31687	31854	27	19. ЭПОХА КУЛЬТУРНОГО ВОЗРОЖДЕНИЯ	substantive	0	0	
osdp-0258	osdp	5c071774efd7a3a8fd198941453e125375004b1f9f9e5f5c01a70f72113adb79	31855	31895	27	20. ГЛОБАЛЬНОЕ РАВЕНСТВО — ОСНОВА НОВОГО	structural	1	0	
osdp-0259	osdp	5c071774efd7a3a8fd198941453e125375004b1f9f9e5f5c01a70f72113adb79	31896	31907	27	МИРОПОРЯДКА	structural	0	0	
osdp-0260	osdp	5c071774efd7a3a8fd198941453e125375004b1f9f9e5f5c01a70f72113adb79	31908	32104	27	МИРОПОРЯДКА	substantive	0	0	
osdp-0261	osdp	5c071774efd7a3a8fd198941453e125375004b1f9f9e5f5c01a70f72113adb79	32105	32280	27	МИРОПОРЯДКА	substantive	0	0	
osdp-0262	osdp	5c071774efd7a3a8fd198941453e125375004b1f9f9e5f5c01a70f72113adb79	32281	32431	27	МИРОПОРЯДКА	substantive	0	0	
osdp-0263	osdp	5c071774efd7a3a8fd198941453e125375004b1f9f9e5f5c01a70f72113adb79	32432	32678	28	МИРОПОРЯДКА	substantive	0	0	
osdp-0264	osdp	5c071774efd7a3a8fd198941453e125375004b1f9f9e5f5c01a70f72113adb79	32679	32904	28	МИРОПОРЯДКА	substantive	0	0	
osdp-0265	osdp	5c071774efd7a3a8fd198941453e125375004b1f9f9e5f5c01a70f72113adb79	32905	33036	28	МИРОПОРЯДКА	substantive	0	0	
osdp-0266	osdp	5c071774efd7a3a8fd198941453e125375004b1f9f9e5f5c01a70f72113adb79	33037	33228	28	МИРОПОРЯДКА	substantive	0	0	
osdp-0267	osdp	5c071774efd7a3a8fd198941453e125375004b1f9f9e5f5c01a70f72113adb79	33229	33499	28	МИРОПОРЯДКА	substantive	0	0	
osdp-0268	osdp	5c071774efd7a3a8fd198941453e125375004b1f9f9e5f5c01a70f72113adb79	33514	33734	28	МИРОПОРЯДКА	substantive	1	0	
osdp-0269	osdp	5c071774efd7a3a8fd198941453e125375004b1f9f9e5f5c01a70f72113adb79	33735	33864	29	МИРОПОРЯДКА	substantive	0	0	
osdp-0270	osdp	5c071774efd7a3a8fd198941453e125375004b1f9f9e5f5c01a70f72113adb79	33865	34001	29	МИРОПОРЯДКА	substantive	0	0	
osdp-0271	osdp	5c071774efd7a3a8fd198941453e125375004b1f9f9e5f5c01a70f72113adb79	34002	34165	29	МИРОПОРЯДКА	substantive	0	0	
osdp-0272	osdp	5c071774efd7a3a8fd198941453e125375004b1f9f9e5f5c01a70f72113adb79	34166	34203	29	ГОЛОСУЙТЕ ЗА ОБЩЕНАЦИОНАЛЬНУЮ СОЦИАЛ-	structural	0	0	
osdp-0273	osdp	5c071774efd7a3a8fd198941453e125375004b1f9f9e5f5c01a70f72113adb79	34228	34266	29	ГОЛОСУЙТЕ ЗА ОБЩЕНАЦИОНАЛЬНУЮ СОЦИАЛ-	rhetorical	0	0	
respublica-0001	respublica	8c4ec202e883658575de600be1bcb15a9ea7bee4fa8a842b962c8a4472e42468	0	27	1	«RESPUBLICA: ПАРТИЯ СИЛЬНОЙ	structural	0	0	
respublica-0002	respublica	8c4ec202e883658575de600be1bcb15a9ea7bee4fa8a842b962c8a4472e42468	28	56	1	ЭКОНОМИКИ И ДОСТОЙНОЙ ЖИЗНИ»	structural	0	0	
respublica-0003	respublica	8c4ec202e883658575de600be1bcb15a9ea7bee4fa8a842b962c8a4472e42468	58	214	1	ЭКОНОМИКИ И ДОСТОЙНОЙ ЖИЗНИ»	substantive	0	0	
respublica-0004	respublica	8c4ec202e883658575de600be1bcb15a9ea7bee4fa8a842b962c8a4472e42468	215	274	1	ЭКОНОМИКИ И ДОСТОЙНОЙ ЖИЗНИ»	substantive	0	0	
respublica-0005	respublica	8c4ec202e883658575de600be1bcb15a9ea7bee4fa8a842b962c8a4472e42468	275	310	1	ЭКОНОМИКИ И ДОСТОЙНОЙ ЖИЗНИ»	substantive	0	0	
respublica-0006	respublica	8c4ec202e883658575de600be1bcb15a9ea7bee4fa8a842b962c8a4472e42468	311	437	1	ЭКОНОМИКИ И ДОСТОЙНОЙ ЖИЗНИ»	substantive	0	0	
respublica-0007	respublica	8c4ec202e883658575de600be1bcb15a9ea7bee4fa8a842b962c8a4472e42468	438	496	1	ЭКОНОМИКИ И ДОСТОЙНОЙ ЖИЗНИ»	lead_in	0	0	
respublica-0008	respublica	8c4ec202e883658575de600be1bcb15a9ea7bee4fa8a842b962c8a4472e42468	497	592	1	ЭКОНОМИКИ И ДОСТОЙНОЙ ЖИЗНИ»	substantive	0	0	
respublica-0009	respublica	8c4ec202e883658575de600be1bcb15a9ea7bee4fa8a842b962c8a4472e42468	593	866	1	ЭКОНОМИКИ И ДОСТОЙНОЙ ЖИЗНИ»	substantive	0	0	
respublica-0010	respublica	8c4ec202e883658575de600be1bcb15a9ea7bee4fa8a842b962c8a4472e42468	867	882	2	I. Благополучие	structural	0	0	
respublica-0011	respublica	8c4ec202e883658575de600be1bcb15a9ea7bee4fa8a842b962c8a4472e42468	884	977	2	I. Благополучие	substantive	0	0	
respublica-0012	respublica	8c4ec202e883658575de600be1bcb15a9ea7bee4fa8a842b962c8a4472e42468	978	1206	2	I. Благополучие	substantive	0	0	
respublica-0013	respublica	8c4ec202e883658575de600be1bcb15a9ea7bee4fa8a842b962c8a4472e42468	1207	1419	2	I. Благополучие	substantive	0	0	
respublica-0014	respublica	8c4ec202e883658575de600be1bcb15a9ea7bee4fa8a842b962c8a4472e42468	1421	1452	2	I. Благополучие / 1.1 Предприниматели и работники	structural	1	0	
respublica-0015	respublica	8c4ec202e883658575de600be1bcb15a9ea7bee4fa8a842b962c8a4472e42468	1453	1518	2	I. Благополучие / 1.1 Предприниматели и работники	lead_in	0	0	
respublica-0016	respublica	8c4ec202e883658575de600be1bcb15a9ea7bee4fa8a842b962c8a4472e42468	1519	1643	2	I. Благополучие / 1.1 Предприниматели и работники	substantive	0	0	Respublica защищает всех, кто трудом создает ценность для страны:
respublica-0017	respublica	8c4ec202e883658575de600be1bcb15a9ea7bee4fa8a842b962c8a4472e42468	1657	1696	2	I. Благополучие / 1.1 Предприниматели и работники	substantive	0	0	Respublica защищает всех, кто трудом создает ценность для страны:
respublica-0018	respublica	8c4ec202e883658575de600be1bcb15a9ea7bee4fa8a842b962c8a4472e42468	1697	1722	2	I. Благополучие / 1.1 Предприниматели и работники	substantive	0	0	
respublica-0019	respublica	8c4ec202e883658575de600be1bcb15a9ea7bee4fa8a842b962c8a4472e42468	1723	1809	2	I. Благополучие / 1.1 Предприниматели и работники	substantive	0	0	
respublica-0020	respublica	8c4ec202e883658575de600be1bcb15a9ea7bee4fa8a842b962c8a4472e42468	1810	2055	2	I. Благополучие / 1.1 Предприниматели и работники	substantive	0	0	
respublica-0021	respublica	8c4ec202e883658575de600be1bcb15a9ea7bee4fa8a842b962c8a4472e42468	2056	2325	2	I. Благополучие / 1.1 Предприниматели и работники	substantive	0	0	
respublica-0022	respublica	8c4ec202e883658575de600be1bcb15a9ea7bee4fa8a842b962c8a4472e42468	2350	2472	2	I. Благополучие / 1.1 Предприниматели и работники	substantive	0	0	Для этого мы обеспечим:
respublica-0023	respublica	8c4ec202e883658575de600be1bcb15a9ea7bee4fa8a842b962c8a4472e42468	2473	2588	2	I. Благополучие / 1.1 Предприниматели и работники	substantive	0	0	Для этого мы обеспечим:
respublica-0024	respublica	8c4ec202e883658575de600be1bcb15a9ea7bee4fa8a842b962c8a4472e42468	2589	2658	2	I. Благополучие / 1.1 Предприниматели и работники	substantive	0	0	Для этого мы обеспечим:
respublica-0025	respublica	8c4ec202e883658575de600be1bcb15a9ea7bee4fa8a842b962c8a4472e42468	2659	2728	2	I. Благополучие / 1.1 Предприниматели и работники	substantive	0	0	Для этого мы обеспечим:
respublica-0026	respublica	8c4ec202e883658575de600be1bcb15a9ea7bee4fa8a842b962c8a4472e42468	2729	2814	2	I. Благополучие / 1.1 Предприниматели и работники	substantive	0	0	Для этого мы обеспечим:
respublica-0027	respublica	8c4ec202e883658575de600be1bcb15a9ea7bee4fa8a842b962c8a4472e42468	2815	2926	2	I. Благополучие / 1.1 Предприниматели и работники	substantive	0	0	Для этого мы обеспечим:
respublica-0028	respublica	8c4ec202e883658575de600be1bcb15a9ea7bee4fa8a842b962c8a4472e42468	2941	3014	2	I. Благополучие / 1.1 Предприниматели и работники	substantive	0	0	
respublica-0029	respublica	8c4ec202e883658575de600be1bcb15a9ea7bee4fa8a842b962c8a4472e42468	3029	3096	3	I. Благополучие / 1.1 Предприниматели и работники	substantive	0	0	Рост доходов. Государство должно поощрять, а не принуждать предпринимателей к развитию. Мы обеспечим:
respublica-0030	respublica	8c4ec202e883658575de600be1bcb15a9ea7bee4fa8a842b962c8a4472e42468	3097	3209	3	I. Благополучие / 1.1 Предприниматели и работники	substantive	0	0	Рост доходов. Государство должно поощрять, а не принуждать предпринимателей к развитию. Мы обеспечим:
respublica-0031	respublica	8c4ec202e883658575de600be1bcb15a9ea7bee4fa8a842b962c8a4472e42468	3210	3302	3	I. Благополучие / 1.1 Предприниматели и работники	substantive	1	0	Рост доходов. Государство должно поощрять, а не принуждать предпринимателей к развитию. Мы обеспечим:
respublica-0032	respublica	8c4ec202e883658575de600be1bcb15a9ea7bee4fa8a842b962c8a4472e42468	3303	3392	3	I. Благополучие / 1.1 Предприниматели и работники	substantive	0	0	Рост доходов. Государство должно поощрять, а не принуждать предпринимателей к развитию. Мы обеспечим:
respublica-0033	respublica	8c4ec202e883658575de600be1bcb15a9ea7bee4fa8a842b962c8a4472e42468	3393	3552	3	I. Благополучие / 1.1 Предприниматели и работники	substantive	0	0	Рост доходов. Государство должно поощрять, а не принуждать предпринимателей к развитию. Мы обеспечим:
respublica-0034	respublica	8c4ec202e883658575de600be1bcb15a9ea7bee4fa8a842b962c8a4472e42468	3554	3580	3	I. Благополучие / 1.1 Предприниматели и работники	substantive	0	0	
respublica-0035	respublica	8c4ec202e883658575de600be1bcb15a9ea7bee4fa8a842b962c8a4472e42468	3581	3644	3	I. Благополучие / 1.1 Предприниматели и работники	substantive	0	0	
respublica-0036	respublica	8c4ec202e883658575de600be1bcb15a9ea7bee4fa8a842b962c8a4472e42468	3645	3670	3	I. Благополучие / 1.1 Предприниматели и работники	lead_in	0	0	
respublica-0037	respublica	8c4ec202e883658575de600be1bcb15a9ea7bee4fa8a842b962c8a4472e42468	3671	3780	3	I. Благополучие / 1.1 Предприниматели и работники	substantive	0	0	Поддержка среднего класса. Сильный средний класс – основа для мощного рывка страны вперед. Мы будем работать, чтобы:
respublica-0038	respublica	8c4ec202e883658575de600be1bcb15a9ea7bee4fa8a842b962c8a4472e42468	3781	3889	3	I. Благополучие / 1.1 Предприниматели и работники	substantive	0	0	Поддержка среднего класса. Сильный средний класс – основа для мощного рывка страны вперед. Мы будем работать, чтобы:
respublica-0039	respublica	8c4ec202e883658575de600be1bcb15a9ea7bee4fa8a842b962c8a4472e42468	3890	4161	3	I. Благополучие / 1.1 Предприниматели и работники	substantive	0	0	Поддержка среднего класса. Сильный средний класс – основа для мощного рывка страны вперед. Мы будем работать, чтобы:
respublica-0040	respublica	8c4ec202e883658575de600be1bcb15a9ea7bee4fa8a842b962c8a4472e42468	4162	4304	3	I. Благополучие / 1.1 Предприниматели и работники	substantive	0	0	Поддержка среднего класса. Сильный средний класс – основа для мощного рывка страны вперед. Мы будем работать, чтобы:
respublica-0041	respublica	8c4ec202e883658575de600be1bcb15a9ea7bee4fa8a842b962c8a4472e42468	4306	4336	3	I. Благополучие / 1.2 Поддержка базовых отраслей	structural	1	0	
respublica-0042	respublica	8c4ec202e883658575de600be1bcb15a9ea7bee4fa8a842b962c8a4472e42468	4337	4520	3	I. Благополучие / 1.2 Поддержка базовых отраслей	substantive	0	0	
respublica-0043	respublica	8c4ec202e883658575de600be1bcb15a9ea7bee4fa8a842b962c8a4472e42468	4521	4618	3	I. Благополучие / 1.2 Поддержка базовых отраслей	substantive	0	0	
respublica-0044	respublica	8c4ec202e883658575de600be1bcb15a9ea7bee4fa8a842b962c8a4472e42468	4619	4683	3	I. Благополучие / 1.2 Поддержка базовых отраслей	substantive	0	0	
respublica-0045	respublica	8c4ec202e883658575de600be1bcb15a9ea7bee4fa8a842b962c8a4472e42468	4684	4812	3	I. Благополучие / 1.2 Поддержка базовых отраслей	substantive	0	0	
respublica-0046	respublica	8c4ec202e883658575de600be1bcb15a9ea7bee4fa8a842b962c8a4472e42468	4813	4850	3	I. Благополучие / 1.2 Поддержка базовых отраслей	lead_in	0	0	
respublica-0047	respublica	8c4ec202e883658575de600be1bcb15a9ea7bee4fa8a842b962c8a4472e42468	4851	4971	3	I. Благополучие / 1.2 Поддержка базовых отраслей	substantive	0	0	Для достижения этих целей необходимо:
respublica-0048	respublica	8c4ec202e883658575de600be1bcb15a9ea7bee4fa8a842b962c8a4472e42468	4972	5134	3	I. Благополучие / 1.2 Поддержка базовых отраслей	substantive	0	0	Для достижения этих целей необходимо:
respublica-0049	respublica	8c4ec202e883658575de600be1bcb15a9ea7bee4fa8a842b962c8a4472e42468	5135	5239	3	I. Благополучие / 1.2 Поддержка базовых отраслей	substantive	0	0	Для достижения этих целей необходимо:
respublica-0050	respublica	8c4ec202e883658575de600be1bcb15a9ea7bee4fa8a842b962c8a4472e42468	5240	5471	4	I. Благополучие / 1.2 Поддержка базовых отраслей	substantive	0	0	Для достижения этих целей необходимо:
respublica-0051	respublica	8c4ec202e883658575de600be1bcb15a9ea7bee4fa8a842b962c8a4472e42468	5472	5631	4	I. Благополучие / 1.2 Поддержка базовых отраслей	substantive	0	0	Для достижения этих целей необходимо:
respublica-0052	respublica	8c4ec202e883658575de600be1bcb15a9ea7bee4fa8a842b962c8a4472e42468	5632	5753	4	I. Благополучие / 1.2 Поддержка базовых отраслей	substantive	0	0	Для достижения этих целей необходимо:
respublica-0053	respublica	8c4ec202e883658575de600be1bcb15a9ea7bee4fa8a842b962c8a4472e42468	5755	5805	4	I. Благополучие / 1.3 Инвестиции, финансовая и банковская экосистема	structural	1	0	
respublica-0054	respublica	8c4ec202e883658575de600be1bcb15a9ea7bee4fa8a842b962c8a4472e42468	5806	5879	4	I. Благополучие / 1.3 Инвестиции, финансовая и банковская экосистема	substantive	0	0	
respublica-0055	respublica	8c4ec202e883658575de600be1bcb15a9ea7bee4fa8a842b962c8a4472e42468	5880	5989	4	I. Благополучие / 1.3 Инвестиции, финансовая и банковская экосистема	substantive	0	0	
respublica-0056	respublica	8c4ec202e883658575de600be1bcb15a9ea7bee4fa8a842b962c8a4472e42468	6013	6089	4	I. Благополучие / 1.3 Инвестиции, финансовая и банковская экосистема	substantive	0	0	Инвестиционный климат:
respublica-0057	respublica	8c4ec202e883658575de600be1bcb15a9ea7bee4fa8a842b962c8a4472e42468	6090	6194	4	I. Благополучие / 1.3 Инвестиции, финансовая и банковская экосистема	substantive	0	0	Инвестиционный климат:
respublica-0058	respublica	8c4ec202e883658575de600be1bcb15a9ea7bee4fa8a842b962c8a4472e42468	6195	6254	4	I. Благополучие / 1.3 Инвестиции, финансовая и банковская экосистема	substantive	0	0	Инвестиционный климат:
respublica-0059	respublica	8c4ec202e883658575de600be1bcb15a9ea7bee4fa8a842b962c8a4472e42468	6255	6375	4	I. Благополучие / 1.3 Инвестиции, финансовая и банковская экосистема	substantive	0	0	Инвестиционный климат:
respublica-0060	respublica	8c4ec202e883658575de600be1bcb15a9ea7bee4fa8a842b962c8a4472e42468	6376	6520	4	I. Благополучие / 1.3 Инвестиции, финансовая и банковская экосистема	substantive	0	0	Инвестиционный климат:
respublica-0061	respublica	8c4ec202e883658575de600be1bcb15a9ea7bee4fa8a842b962c8a4472e42468	6543	6672	4	I. Благополучие / 1.3 Инвестиции, финансовая и банковская экосистема	substantive	0	0	Финансовые институты:
respublica-0062	respublica	8c4ec202e883658575de600be1bcb15a9ea7bee4fa8a842b962c8a4472e42468	6673	6762	4	I. Благополучие / 1.3 Инвестиции, финансовая и банковская экосистема	substantive	0	0	Финансовые институты:
respublica-0063	respublica	8c4ec202e883658575de600be1bcb15a9ea7bee4fa8a842b962c8a4472e42468	6763	6853	4	I. Благополучие / 1.3 Инвестиции, финансовая и банковская экосистема	substantive	0	0	Финансовые институты:
respublica-0064	respublica	8c4ec202e883658575de600be1bcb15a9ea7bee4fa8a842b962c8a4472e42468	6854	6957	4	I. Благополучие / 1.3 Инвестиции, финансовая и банковская экосистема	substantive	0	0	Финансовые институты:
respublica-0065	respublica	8c4ec202e883658575de600be1bcb15a9ea7bee4fa8a842b962c8a4472e42468	6958	7183	4	I. Благополучие / 1.3 Инвестиции, финансовая и банковская экосистема	substantive	0	0	Финансовые институты:
respublica-0066	respublica	8c4ec202e883658575de600be1bcb15a9ea7bee4fa8a842b962c8a4472e42468	7184	7291	4	I. Благополучие / 1.3 Инвестиции, финансовая и банковская экосистема	substantive	1	0	Финансовые институты:
respublica-0067	respublica	8c4ec202e883658575de600be1bcb15a9ea7bee4fa8a842b962c8a4472e42468	7292	7408	4	I. Благополучие / 1.3 Инвестиции, финансовая и банковская экосистема	substantive	0	0	Финансовые институты:
respublica-0068	respublica	8c4ec202e883658575de600be1bcb15a9ea7bee4fa8a842b962c8a4472e42468	7409	7537	5	I. Благополучие / 1.3 Инвестиции, финансовая и банковская экосистема	substantive	0	0	Финансовые институты:
respublica-0069	respublica	8c4ec202e883658575de600be1bcb15a9ea7bee4fa8a842b962c8a4472e42468	7539	7554	5	I. Благополучие / 1.4 Образование	structural	1	0	
respublica-0070	respublica	8c4ec202e883658575de600be1bcb15a9ea7bee4fa8a842b962c8a4472e42468	7555	7649	5	I. Благополучие / 1.4 Образование	substantive	0	0	
respublica-0071	respublica	8c4ec202e883658575de600be1bcb15a9ea7bee4fa8a842b962c8a4472e42468	7650	7764	5	I. Благополучие / 1.4 Образование	substantive	0	0	
respublica-0072	respublica	8c4ec202e883658575de600be1bcb15a9ea7bee4fa8a842b962c8a4472e42468	7765	7808	5	I. Благополучие / 1.4 Образование	substantive	0	0	
respublica-0073	respublica	8c4ec202e883658575de600be1bcb15a9ea7bee4fa8a842b962c8a4472e42468	7809	7953	5	I. Благополучие / 1.4 Образование	lead_in	0	0	
respublica-0074	respublica	8c4ec202e883658575de600be1bcb15a9ea7bee4fa8a842b962c8a4472e42468	7954	8036	5	I. Благополучие / 1.4 Образование	substantive	0	0	Наша задача – сделать образование полезным. Обеспечить общество профессиональными колледжами, вузами, знаниями и навыками, которые реально пригодятся в работе и жизни, для чего необходимо:
respublica-0075	respublica	8c4ec202e883658575de600be1bcb15a9ea7bee4fa8a842b962c8a4472e42468	8037	8165	5	I. Благополучие / 1.4 Образование	substantive	0	0	Наша задача – сделать образование полезным. Обеспечить общество профессиональными колледжами, вузами, знаниями и навыками, которые реально пригодятся в работе и жизни, для чего необходимо:
respublica-0076	respublica	8c4ec202e883658575de600be1bcb15a9ea7bee4fa8a842b962c8a4472e42468	8166	8265	5	I. Благополучие / 1.4 Образование	substantive	0	0	Наша задача – сделать образование полезным. Обеспечить общество профессиональными колледжами, вузами, знаниями и навыками, которые реально пригодятся в работе и жизни, для чего необходимо:
respublica-0077	respublica	8c4ec202e883658575de600be1bcb15a9ea7bee4fa8a842b962c8a4472e42468	8266	8313	5	I. Благополучие / 1.4 Образование	substantive	0	0	Наша задача – сделать образование полезным. Обеспечить общество профессиональными колледжами, вузами, знаниями и навыками, которые реально пригодятся в работе и жизни, для чего необходимо:
respublica-0078	respublica	8c4ec202e883658575de600be1bcb15a9ea7bee4fa8a842b962c8a4472e42468	8314	8402	5	I. Благополучие / 1.4 Образование	substantive	0	0	Наша задача – сделать образование полезным. Обеспечить общество профессиональными колледжами, вузами, знаниями и навыками, которые реально пригодятся в работе и жизни, для чего необходимо:
respublica-0079	respublica	8c4ec202e883658575de600be1bcb15a9ea7bee4fa8a842b962c8a4472e42468	8403	8546	5	I. Благополучие / 1.4 Образование	substantive	0	0	Наша задача – сделать образование полезным. Обеспечить общество профессиональными колледжами, вузами, знаниями и навыками, которые реально пригодятся в работе и жизни, для чего необходимо:
respublica-0080	respublica	8c4ec202e883658575de600be1bcb15a9ea7bee4fa8a842b962c8a4472e42468	8547	8686	5	I. Благополучие / 1.4 Образование	substantive	0	0	Наша задача – сделать образование полезным. Обеспечить общество профессиональными колледжами, вузами, знаниями и навыками, которые реально пригодятся в работе и жизни, для чего необходимо:
respublica-0081	respublica	8c4ec202e883658575de600be1bcb15a9ea7bee4fa8a842b962c8a4472e42468	8688	8707	5	I. Благополучие / 1.5 Здравоохранение	structural	1	0	
respublica-0082	respublica	8c4ec202e883658575de600be1bcb15a9ea7bee4fa8a842b962c8a4472e42468	8708	8774	5	I. Благополучие / 1.5 Здравоохранение	substantive	0	0	
respublica-0083	respublica	8c4ec202e883658575de600be1bcb15a9ea7bee4fa8a842b962c8a4472e42468	8775	8912	5	I. Благополучие / 1.5 Здравоохранение	substantive	0	0	
respublica-0084	respublica	8c4ec202e883658575de600be1bcb15a9ea7bee4fa8a842b962c8a4472e42468	8913	9075	5	I. Благополучие / 1.5 Здравоохранение	substantive	0	0	
respublica-0085	respublica	8c4ec202e883658575de600be1bcb15a9ea7bee4fa8a842b962c8a4472e42468	9076	9138	5	I. Благополучие / 1.5 Здравоохранение	substantive	0	0	
respublica-0086	respublica	8c4ec202e883658575de600be1bcb15a9ea7bee4fa8a842b962c8a4472e42468	9139	9241	5	I. Благополучие / 1.5 Здравоохранение	substantive	0	0	
respublica-0087	respublica	8c4ec202e883658575de600be1bcb15a9ea7bee4fa8a842b962c8a4472e42468	9242	9317	5	I. Благополучие / 1.5 Здравоохранение	substantive	0	0	
respublica-0088	respublica	8c4ec202e883658575de600be1bcb15a9ea7bee4fa8a842b962c8a4472e42468	9318	9409	6	I. Благополучие / 1.5 Здравоохранение	substantive	0	0	
respublica-0089	respublica	8c4ec202e883658575de600be1bcb15a9ea7bee4fa8a842b962c8a4472e42468	9410	9487	6	I. Благополучие / 1.5 Здравоохранение	substantive	0	0	
respublica-0090	respublica	8c4ec202e883658575de600be1bcb15a9ea7bee4fa8a842b962c8a4472e42468	9489	9501	6	I. Благополучие / 1.6 Инклюзия	structural	1	0	
respublica-0091	respublica	8c4ec202e883658575de600be1bcb15a9ea7bee4fa8a842b962c8a4472e42468	9502	9571	6	I. Благополучие / 1.6 Инклюзия	substantive	0	0	
respublica-0092	respublica	8c4ec202e883658575de600be1bcb15a9ea7bee4fa8a842b962c8a4472e42468	9572	9736	6	I. Благополучие / 1.6 Инклюзия	substantive	0	0	
respublica-0093	respublica	8c4ec202e883658575de600be1bcb15a9ea7bee4fa8a842b962c8a4472e42468	9756	9850	6	I. Благополучие / 1.6 Инклюзия	substantive	0	0	
respublica-0094	respublica	8c4ec202e883658575de600be1bcb15a9ea7bee4fa8a842b962c8a4472e42468	9851	10073	6	I. Благополучие / 1.6 Инклюзия	substantive	0	0	
respublica-0095	respublica	8c4ec202e883658575de600be1bcb15a9ea7bee4fa8a842b962c8a4472e42468	10074	10141	6	I. Благополучие / 1.6 Инклюзия	substantive	0	0	
respublica-0096	respublica	8c4ec202e883658575de600be1bcb15a9ea7bee4fa8a842b962c8a4472e42468	10142	10226	6	I. Благополучие / 1.6 Инклюзия	substantive	0	0	
respublica-0097	respublica	8c4ec202e883658575de600be1bcb15a9ea7bee4fa8a842b962c8a4472e42468	10227	10417	6	I. Благополучие / 1.6 Инклюзия	substantive	0	0	
respublica-0098	respublica	8c4ec202e883658575de600be1bcb15a9ea7bee4fa8a842b962c8a4472e42468	10418	10490	6	I. Благополучие / 1.6 Инклюзия	substantive	0	0	
respublica-0099	respublica	8c4ec202e883658575de600be1bcb15a9ea7bee4fa8a842b962c8a4472e42468	10491	10622	6	I. Благополучие / 1.6 Инклюзия	substantive	0	0	
respublica-0100	respublica	8c4ec202e883658575de600be1bcb15a9ea7bee4fa8a842b962c8a4472e42468	10623	10642	7	II. Ответственность	structural	0	0	
respublica-0101	respublica	8c4ec202e883658575de600be1bcb15a9ea7bee4fa8a842b962c8a4472e42468	10644	10742	7	II. Ответственность	substantive	0	0	
respublica-0102	respublica	8c4ec202e883658575de600be1bcb15a9ea7bee4fa8a842b962c8a4472e42468	10743	10929	7	II. Ответственность	substantive	0	0	
respublica-0103	respublica	8c4ec202e883658575de600be1bcb15a9ea7bee4fa8a842b962c8a4472e42468	10930	11035	7	II. Ответственность	substantive	0	0	
respublica-0104	respublica	8c4ec202e883658575de600be1bcb15a9ea7bee4fa8a842b962c8a4472e42468	11036	11236	7	II. Ответственность	substantive	0	0	
respublica-0105	respublica	8c4ec202e883658575de600be1bcb15a9ea7bee4fa8a842b962c8a4472e42468	11237	11430	7	II. Ответственность	substantive	0	0	
respublica-0106	respublica	8c4ec202e883658575de600be1bcb15a9ea7bee4fa8a842b962c8a4472e42468	11432	11492	7	II. Ответственность / 2.1. Ответственность государства перед гражданами и бизнесом	structural	1	0	
respublica-0107	respublica	8c4ec202e883658575de600be1bcb15a9ea7bee4fa8a842b962c8a4472e42468	11493	11552	7	II. Ответственность / 2.1. Ответственность государства перед гражданами и бизнесом	substantive	0	0	
respublica-0108	respublica	8c4ec202e883658575de600be1bcb15a9ea7bee4fa8a842b962c8a4472e42468	11553	11684	7	II. Ответственность / 2.1. Ответственность государства перед гражданами и бизнесом	substantive	0	0	
respublica-0109	respublica	8c4ec202e883658575de600be1bcb15a9ea7bee4fa8a842b962c8a4472e42468	11685	11757	7	II. Ответственность / 2.1. Ответственность государства перед гражданами и бизнесом	substantive	0	0	
respublica-0110	respublica	8c4ec202e883658575de600be1bcb15a9ea7bee4fa8a842b962c8a4472e42468	11758	11906	7	II. Ответственность / 2.1. Ответственность государства перед гражданами и бизнесом	substantive	0	0	
respublica-0111	respublica	8c4ec202e883658575de600be1bcb15a9ea7bee4fa8a842b962c8a4472e42468	11907	12021	7	II. Ответственность / 2.1. Ответственность государства перед гражданами и бизнесом	substantive	0	0	
respublica-0112	respublica	8c4ec202e883658575de600be1bcb15a9ea7bee4fa8a842b962c8a4472e42468	12022	12237	7	II. Ответственность / 2.1. Ответственность государства перед гражданами и бизнесом	substantive	0	0	
respublica-0113	respublica	8c4ec202e883658575de600be1bcb15a9ea7bee4fa8a842b962c8a4472e42468	12238	12337	7	II. Ответственность / 2.1. Ответственность государства перед гражданами и бизнесом	substantive	0	0	
respublica-0114	respublica	8c4ec202e883658575de600be1bcb15a9ea7bee4fa8a842b962c8a4472e42468	12338	12517	7	II. Ответственность / 2.1. Ответственность государства перед гражданами и бизнесом	substantive	0	0	
respublica-0115	respublica	8c4ec202e883658575de600be1bcb15a9ea7bee4fa8a842b962c8a4472e42468	12518	12607	7	II. Ответственность / 2.1. Ответственность государства перед гражданами и бизнесом	substantive	0	0	
respublica-0116	respublica	8c4ec202e883658575de600be1bcb15a9ea7bee4fa8a842b962c8a4472e42468	12608	12728	7	II. Ответственность / 2.1. Ответственность государства перед гражданами и бизнесом	substantive	0	0	
respublica-0117	respublica	8c4ec202e883658575de600be1bcb15a9ea7bee4fa8a842b962c8a4472e42468	12730	12772	7	II. Ответственность / 2.2. Ответственность бизнеса перед страной	structural	1	0	
respublica-0118	respublica	8c4ec202e883658575de600be1bcb15a9ea7bee4fa8a842b962c8a4472e42468	12773	12807	7	II. Ответственность / 2.2. Ответственность бизнеса перед страной	substantive	0	0	
respublica-0119	respublica	8c4ec202e883658575de600be1bcb15a9ea7bee4fa8a842b962c8a4472e42468	12808	13011	7	II. Ответственность / 2.2. Ответственность бизнеса перед страной	substantive	0	0	
respublica-0120	respublica	8c4ec202e883658575de600be1bcb15a9ea7bee4fa8a842b962c8a4472e42468	13012	13062	8	II. Ответственность / 2.2. Ответственность бизнеса перед страной	substantive	0	0	
respublica-0121	respublica	8c4ec202e883658575de600be1bcb15a9ea7bee4fa8a842b962c8a4472e42468	13063	13182	8	II. Ответственность / 2.2. Ответственность бизнеса перед страной	substantive	0	0	
respublica-0122	respublica	8c4ec202e883658575de600be1bcb15a9ea7bee4fa8a842b962c8a4472e42468	13183	13294	8	II. Ответственность / 2.2. Ответственность бизнеса перед страной	substantive	0	0	
respublica-0123	respublica	8c4ec202e883658575de600be1bcb15a9ea7bee4fa8a842b962c8a4472e42468	13295	13368	8	II. Ответственность / 2.2. Ответственность бизнеса перед страной	substantive	0	0	
respublica-0124	respublica	8c4ec202e883658575de600be1bcb15a9ea7bee4fa8a842b962c8a4472e42468	13369	13474	8	II. Ответственность / 2.2. Ответственность бизнеса перед страной	substantive	0	0	
respublica-0125	respublica	8c4ec202e883658575de600be1bcb15a9ea7bee4fa8a842b962c8a4472e42468	13475	13573	8	II. Ответственность / 2.2. Ответственность бизнеса перед страной	substantive	0	0	
respublica-0126	respublica	8c4ec202e883658575de600be1bcb15a9ea7bee4fa8a842b962c8a4472e42468	13574	13661	8	II. Ответственность / 2.2. Ответственность бизнеса перед страной	substantive	0	0	
respublica-0127	respublica	8c4ec202e883658575de600be1bcb15a9ea7bee4fa8a842b962c8a4472e42468	13662	13710	8	II. Ответственность / 2.2. Ответственность бизнеса перед страной	substantive	0	0	
respublica-0128	respublica	8c4ec202e883658575de600be1bcb15a9ea7bee4fa8a842b962c8a4472e42468	13711	13779	8	II. Ответственность / 2.2. Ответственность бизнеса перед страной	substantive	0	0	
respublica-0129	respublica	8c4ec202e883658575de600be1bcb15a9ea7bee4fa8a842b962c8a4472e42468	13781	13826	8	II. Ответственность / 2.3. Ответственность гражданина перед будущим	structural	1	0	
respublica-0130	respublica	8c4ec202e883658575de600be1bcb15a9ea7bee4fa8a842b962c8a4472e42468	13827	13913	8	II. Ответственность / 2.3. Ответственность гражданина перед будущим	substantive	0	0	
respublica-0131	respublica	8c4ec202e883658575de600be1bcb15a9ea7bee4fa8a842b962c8a4472e42468	13914	13967	8	II. Ответственность / 2.3. Ответственность гражданина перед будущим	substantive	0	0	
respublica-0132	respublica	8c4ec202e883658575de600be1bcb15a9ea7bee4fa8a842b962c8a4472e42468	13968	14039	8	II. Ответственность / 2.3. Ответственность гражданина перед будущим	substantive	0	0	
respublica-0133	respublica	8c4ec202e883658575de600be1bcb15a9ea7bee4fa8a842b962c8a4472e42468	14040	14108	8	II. Ответственность / 2.3. Ответственность гражданина перед будущим	substantive	0	0	
respublica-0134	respublica	8c4ec202e883658575de600be1bcb15a9ea7bee4fa8a842b962c8a4472e42468	14109	14168	8	II. Ответственность / 2.3. Ответственность гражданина перед будущим	substantive	0	0	
respublica-0135	respublica	8c4ec202e883658575de600be1bcb15a9ea7bee4fa8a842b962c8a4472e42468	14169	14316	8	II. Ответственность / 2.3. Ответственность гражданина перед будущим	substantive	0	0	
respublica-0136	respublica	8c4ec202e883658575de600be1bcb15a9ea7bee4fa8a842b962c8a4472e42468	14317	14458	8	II. Ответственность / 2.3. Ответственность гражданина перед будущим	substantive	0	0	
respublica-0137	respublica	8c4ec202e883658575de600be1bcb15a9ea7bee4fa8a842b962c8a4472e42468	14459	14614	8	II. Ответственность / 2.3. Ответственность гражданина перед будущим	substantive	0	0	
respublica-0138	respublica	8c4ec202e883658575de600be1bcb15a9ea7bee4fa8a842b962c8a4472e42468	14621	14736	8	II. Ответственность / 2.3. Ответственность гражданина перед будущим	substantive	0	0	
respublica-0139	respublica	8c4ec202e883658575de600be1bcb15a9ea7bee4fa8a842b962c8a4472e42468	14737	14847	8	II. Ответственность / 2.3. Ответственность гражданина перед будущим	substantive	0	0	
respublica-0140	respublica	8c4ec202e883658575de600be1bcb15a9ea7bee4fa8a842b962c8a4472e42468	14848	14937	8	II. Ответственность / 2.3. Ответственность гражданина перед будущим	substantive	0	0	
respublica-0141	respublica	8c4ec202e883658575de600be1bcb15a9ea7bee4fa8a842b962c8a4472e42468	14938	15074	9	II. Ответственность / 2.3. Ответственность гражданина перед будущим	substantive	0	0	
respublica-0142	respublica	8c4ec202e883658575de600be1bcb15a9ea7bee4fa8a842b962c8a4472e42468	15075	15157	9	II. Ответственность / 2.3. Ответственность гражданина перед будущим	substantive	0	0	
respublica-0143	respublica	8c4ec202e883658575de600be1bcb15a9ea7bee4fa8a842b962c8a4472e42468	15158	15250	9	II. Ответственность / 2.3. Ответственность гражданина перед будущим	substantive	0	0	
respublica-0144	respublica	8c4ec202e883658575de600be1bcb15a9ea7bee4fa8a842b962c8a4472e42468	15251	15374	9	II. Ответственность / 2.3. Ответственность гражданина перед будущим	substantive	0	0	
respublica-0145	respublica	8c4ec202e883658575de600be1bcb15a9ea7bee4fa8a842b962c8a4472e42468	15375	15469	9	II. Ответственность / 2.3. Ответственность гражданина перед будущим	substantive	0	0	
respublica-0146	respublica	8c4ec202e883658575de600be1bcb15a9ea7bee4fa8a842b962c8a4472e42468	15470	15581	9	II. Ответственность / 2.3. Ответственность гражданина перед будущим	substantive	0	0	
respublica-0147	respublica	8c4ec202e883658575de600be1bcb15a9ea7bee4fa8a842b962c8a4472e42468	15583	15602	9	II. Ответственность / 2.5. Единство нации	structural	1	0	
respublica-0148	respublica	8c4ec202e883658575de600be1bcb15a9ea7bee4fa8a842b962c8a4472e42468	15603	15712	9	II. Ответственность / 2.5. Единство нации	substantive	0	0	
respublica-0149	respublica	8c4ec202e883658575de600be1bcb15a9ea7bee4fa8a842b962c8a4472e42468	15713	15912	9	II. Ответственность / 2.5. Единство нации	substantive	0	0	
respublica-0150	respublica	8c4ec202e883658575de600be1bcb15a9ea7bee4fa8a842b962c8a4472e42468	15913	16143	9	II. Ответственность / 2.5. Единство нации	substantive	0	0	
respublica-0151	respublica	8c4ec202e883658575de600be1bcb15a9ea7bee4fa8a842b962c8a4472e42468	16144	16493	9	II. Ответственность / 2.5. Единство нации	substantive	0	0	
respublica-0152	respublica	8c4ec202e883658575de600be1bcb15a9ea7bee4fa8a842b962c8a4472e42468	16494	16777	9	II. Ответственность / 2.5. Единство нации	substantive	0	0	
respublica-0153	respublica	8c4ec202e883658575de600be1bcb15a9ea7bee4fa8a842b962c8a4472e42468	16778	16863	9	II. Ответственность / 2.5. Единство нации	lead_in	0	0	
respublica-0154	respublica	8c4ec202e883658575de600be1bcb15a9ea7bee4fa8a842b962c8a4472e42468	16864	16919	9	II. Ответственность / 2.5. Единство нации	substantive	0	0	Для укрепления национального единства и казахстанской идентичности партия предлагает:
respublica-0155	respublica	8c4ec202e883658575de600be1bcb15a9ea7bee4fa8a842b962c8a4472e42468	16920	16975	9	II. Ответственность / 2.5. Единство нации	substantive	0	0	Для укрепления национального единства и казахстанской идентичности партия предлагает:
respublica-0156	respublica	8c4ec202e883658575de600be1bcb15a9ea7bee4fa8a842b962c8a4472e42468	16976	17155	9	II. Ответственность / 2.5. Единство нации	substantive	0	0	Для укрепления национального единства и казахстанской идентичности партия предлагает:
respublica-0157	respublica	8c4ec202e883658575de600be1bcb15a9ea7bee4fa8a842b962c8a4472e42468	17156	17289	10	II. Ответственность / 2.5. Единство нации	substantive	0	0	Для укрепления национального единства и казахстанской идентичности партия предлагает:
respublica-0158	respublica	8c4ec202e883658575de600be1bcb15a9ea7bee4fa8a842b962c8a4472e42468	17290	17456	10	II. Ответственность / 2.5. Единство нации	substantive	0	0	Для укрепления национального единства и казахстанской идентичности партия предлагает:
respublica-0159	respublica	8c4ec202e883658575de600be1bcb15a9ea7bee4fa8a842b962c8a4472e42468	17457	17532	10	II. Ответственность / 2.5. Единство нации	substantive	0	0	Для укрепления национального единства и казахстанской идентичности партия предлагает:
respublica-0160	respublica	8c4ec202e883658575de600be1bcb15a9ea7bee4fa8a842b962c8a4472e42468	17533	17612	10	II. Ответственность / 2.5. Единство нации	substantive	0	0	Для укрепления национального единства и казахстанской идентичности партия предлагает:
respublica-0161	respublica	8c4ec202e883658575de600be1bcb15a9ea7bee4fa8a842b962c8a4472e42468	17613	17666	10	II. Ответственность / 2.5. Единство нации	substantive	0	0	Для укрепления национального единства и казахстанской идентичности партия предлагает:
respublica-0162	respublica	8c4ec202e883658575de600be1bcb15a9ea7bee4fa8a842b962c8a4472e42468	17667	17685	11	III. Эффективность	structural	0	0	
respublica-0163	respublica	8c4ec202e883658575de600be1bcb15a9ea7bee4fa8a842b962c8a4472e42468	17687	17774	11	III. Эффективность	substantive	0	0	
respublica-0164	respublica	8c4ec202e883658575de600be1bcb15a9ea7bee4fa8a842b962c8a4472e42468	17775	17919	11	III. Эффективность	substantive	0	0	
respublica-0165	respublica	8c4ec202e883658575de600be1bcb15a9ea7bee4fa8a842b962c8a4472e42468	17920	17986	11	III. Эффективность	substantive	0	0	
respublica-0166	respublica	8c4ec202e883658575de600be1bcb15a9ea7bee4fa8a842b962c8a4472e42468	17988	18025	11	III. Эффективность / 3.1. Меньше государства, больше рынка	structural	1	0	
respublica-0167	respublica	8c4ec202e883658575de600be1bcb15a9ea7bee4fa8a842b962c8a4472e42468	18026	18101	11	III. Эффективность / 3.1. Меньше государства, больше рынка	substantive	0	0	
respublica-0168	respublica	8c4ec202e883658575de600be1bcb15a9ea7bee4fa8a842b962c8a4472e42468	18102	18220	11	III. Эффективность / 3.1. Меньше государства, больше рынка	substantive	0	0	
respublica-0169	respublica	8c4ec202e883658575de600be1bcb15a9ea7bee4fa8a842b962c8a4472e42468	18221	18427	11	III. Эффективность / 3.1. Меньше государства, больше рынка	substantive	0	0	
respublica-0170	respublica	8c4ec202e883658575de600be1bcb15a9ea7bee4fa8a842b962c8a4472e42468	18428	18507	11	III. Эффективность / 3.1. Меньше государства, больше рынка	substantive	0	0	
respublica-0171	respublica	8c4ec202e883658575de600be1bcb15a9ea7bee4fa8a842b962c8a4472e42468	18508	18619	11	III. Эффективность / 3.1. Меньше государства, больше рынка	substantive	0	0	
respublica-0172	respublica	8c4ec202e883658575de600be1bcb15a9ea7bee4fa8a842b962c8a4472e42468	18620	18753	11	III. Эффективность / 3.1. Меньше государства, больше рынка	substantive	0	0	
respublica-0173	respublica	8c4ec202e883658575de600be1bcb15a9ea7bee4fa8a842b962c8a4472e42468	18754	18848	11	III. Эффективность / 3.1. Меньше государства, больше рынка	substantive	0	0	
respublica-0174	respublica	8c4ec202e883658575de600be1bcb15a9ea7bee4fa8a842b962c8a4472e42468	18849	19015	11	III. Эффективность / 3.1. Меньше государства, больше рынка	substantive	1	0	
respublica-0175	respublica	8c4ec202e883658575de600be1bcb15a9ea7bee4fa8a842b962c8a4472e42468	19017	19036	11	III. Эффективность / 3.2. Инфраструктура	structural	1	0	
respublica-0176	respublica	8c4ec202e883658575de600be1bcb15a9ea7bee4fa8a842b962c8a4472e42468	19037	19117	11	III. Эффективность / 3.2. Инфраструктура	substantive	0	0	
respublica-0177	respublica	8c4ec202e883658575de600be1bcb15a9ea7bee4fa8a842b962c8a4472e42468	19118	19175	11	III. Эффективность / 3.2. Инфраструктура	substantive	0	0	
respublica-0178	respublica	8c4ec202e883658575de600be1bcb15a9ea7bee4fa8a842b962c8a4472e42468	19176	19201	11	III. Эффективность / 3.2. Инфраструктура	substantive	0	0	
respublica-0179	respublica	8c4ec202e883658575de600be1bcb15a9ea7bee4fa8a842b962c8a4472e42468	19202	19320	11	III. Эффективность / 3.2. Инфраструктура	substantive	0	0	
respublica-0180	respublica	8c4ec202e883658575de600be1bcb15a9ea7bee4fa8a842b962c8a4472e42468	19321	19386	11	III. Эффективность / 3.2. Инфраструктура	substantive	0	0	
respublica-0181	respublica	8c4ec202e883658575de600be1bcb15a9ea7bee4fa8a842b962c8a4472e42468	19387	19480	11	III. Эффективность / 3.2. Инфраструктура	substantive	0	0	
respublica-0182	respublica	8c4ec202e883658575de600be1bcb15a9ea7bee4fa8a842b962c8a4472e42468	19481	19609	11	III. Эффективность / 3.2. Инфраструктура	substantive	0	0	
respublica-0183	respublica	8c4ec202e883658575de600be1bcb15a9ea7bee4fa8a842b962c8a4472e42468	19610	19702	12	III. Эффективность / 3.2. Инфраструктура	substantive	0	0	
respublica-0184	respublica	8c4ec202e883658575de600be1bcb15a9ea7bee4fa8a842b962c8a4472e42468	19703	19857	12	III. Эффективность / 3.2. Инфраструктура	substantive	0	0	
respublica-0185	respublica	8c4ec202e883658575de600be1bcb15a9ea7bee4fa8a842b962c8a4472e42468	19858	19941	12	III. Эффективность / 3.2. Инфраструктура	substantive	0	0	
respublica-0186	respublica	8c4ec202e883658575de600be1bcb15a9ea7bee4fa8a842b962c8a4472e42468	19943	19969	12	III. Эффективность / 3.3. Сервисное государство	structural	1	0	
respublica-0187	respublica	8c4ec202e883658575de600be1bcb15a9ea7bee4fa8a842b962c8a4472e42468	19970	20144	12	III. Эффективность / 3.3. Сервисное государство	substantive	0	0	
respublica-0188	respublica	8c4ec202e883658575de600be1bcb15a9ea7bee4fa8a842b962c8a4472e42468	20145	20188	12	III. Эффективность / 3.3. Сервисное государство	substantive	0	0	
respublica-0189	respublica	8c4ec202e883658575de600be1bcb15a9ea7bee4fa8a842b962c8a4472e42468	20189	20248	12	III. Эффективность / 3.3. Сервисное государство	substantive	0	0	
respublica-0190	respublica	8c4ec202e883658575de600be1bcb15a9ea7bee4fa8a842b962c8a4472e42468	20249	20368	12	III. Эффективность / 3.3. Сервисное государство	substantive	0	0	
respublica-0191	respublica	8c4ec202e883658575de600be1bcb15a9ea7bee4fa8a842b962c8a4472e42468	20369	20517	12	III. Эффективность / 3.3. Сервисное государство	substantive	0	0	
respublica-0192	respublica	8c4ec202e883658575de600be1bcb15a9ea7bee4fa8a842b962c8a4472e42468	20518	20617	12	III. Эффективность / 3.3. Сервисное государство	substantive	0	0	
respublica-0193	respublica	8c4ec202e883658575de600be1bcb15a9ea7bee4fa8a842b962c8a4472e42468	20618	20751	12	III. Эффективность / 3.3. Сервисное государство	substantive	0	0	
respublica-0194	respublica	8c4ec202e883658575de600be1bcb15a9ea7bee4fa8a842b962c8a4472e42468	20753	20792	12	III. Эффективность / 3.4. Ответственное внедрение технологий	structural	1	0	
respublica-0195	respublica	8c4ec202e883658575de600be1bcb15a9ea7bee4fa8a842b962c8a4472e42468	20793	20822	12	III. Эффективность / 3.4. Ответственное внедрение технологий	substantive	0	0	
respublica-0196	respublica	8c4ec202e883658575de600be1bcb15a9ea7bee4fa8a842b962c8a4472e42468	20823	20926	12	III. Эффективность / 3.4. Ответственное внедрение технологий	substantive	0	0	
respublica-0197	respublica	8c4ec202e883658575de600be1bcb15a9ea7bee4fa8a842b962c8a4472e42468	20927	21111	12	III. Эффективность / 3.4. Ответственное внедрение технологий	substantive	0	0	
respublica-0198	respublica	8c4ec202e883658575de600be1bcb15a9ea7bee4fa8a842b962c8a4472e42468	21112	21242	12	III. Эффективность / 3.4. Ответственное внедрение технологий	substantive	0	0	
respublica-0199	respublica	8c4ec202e883658575de600be1bcb15a9ea7bee4fa8a842b962c8a4472e42468	21243	21353	12	III. Эффективность / 3.4. Ответственное внедрение технологий	substantive	0	0	
respublica-0200	respublica	8c4ec202e883658575de600be1bcb15a9ea7bee4fa8a842b962c8a4472e42468	21354	21370	13	IV. Безопасность	structural	0	0	
respublica-0201	respublica	8c4ec202e883658575de600be1bcb15a9ea7bee4fa8a842b962c8a4472e42468	21372	21445	13	IV. Безопасность	substantive	0	0	
respublica-0202	respublica	8c4ec202e883658575de600be1bcb15a9ea7bee4fa8a842b962c8a4472e42468	21446	21623	13	IV. Безопасность	substantive	0	0	
respublica-0203	respublica	8c4ec202e883658575de600be1bcb15a9ea7bee4fa8a842b962c8a4472e42468	21624	21731	13	IV. Безопасность	substantive	0	0	
respublica-0204	respublica	8c4ec202e883658575de600be1bcb15a9ea7bee4fa8a842b962c8a4472e42468	21733	21788	13	IV. Безопасность / 4.1. Модернизация армии и укрепление обороноспособности	structural	1	0	
respublica-0205	respublica	8c4ec202e883658575de600be1bcb15a9ea7bee4fa8a842b962c8a4472e42468	21789	21855	13	IV. Безопасность / 4.1. Модернизация армии и укрепление обороноспособности	substantive	0	0	
respublica-0206	respublica	8c4ec202e883658575de600be1bcb15a9ea7bee4fa8a842b962c8a4472e42468	21856	21999	13	IV. Безопасность / 4.1. Модернизация армии и укрепление обороноспособности	substantive	0	0	
respublica-0207	respublica	8c4ec202e883658575de600be1bcb15a9ea7bee4fa8a842b962c8a4472e42468	22000	22051	13	IV. Безопасность / 4.1. Модернизация армии и укрепление обороноспособности	substantive	0	0	
respublica-0208	respublica	8c4ec202e883658575de600be1bcb15a9ea7bee4fa8a842b962c8a4472e42468	22052	22234	13	IV. Безопасность / 4.1. Модернизация армии и укрепление обороноспособности	substantive	0	0	
respublica-0209	respublica	8c4ec202e883658575de600be1bcb15a9ea7bee4fa8a842b962c8a4472e42468	22235	22330	13	IV. Безопасность / 4.1. Модернизация армии и укрепление обороноспособности	substantive	0	0	
respublica-0210	respublica	8c4ec202e883658575de600be1bcb15a9ea7bee4fa8a842b962c8a4472e42468	22331	22445	13	IV. Безопасность / 4.1. Модернизация армии и укрепление обороноспособности	substantive	0	0	
respublica-0211	respublica	8c4ec202e883658575de600be1bcb15a9ea7bee4fa8a842b962c8a4472e42468	22446	22557	13	IV. Безопасность / 4.1. Модернизация армии и укрепление обороноспособности	substantive	0	0	
respublica-0212	respublica	8c4ec202e883658575de600be1bcb15a9ea7bee4fa8a842b962c8a4472e42468	22558	22695	13	IV. Безопасность / 4.1. Модернизация армии и укрепление обороноспособности	substantive	0	0	
respublica-0213	respublica	8c4ec202e883658575de600be1bcb15a9ea7bee4fa8a842b962c8a4472e42468	22696	22831	13	IV. Безопасность / 4.1. Модернизация армии и укрепление обороноспособности	substantive	0	0	
respublica-0214	respublica	8c4ec202e883658575de600be1bcb15a9ea7bee4fa8a842b962c8a4472e42468	22832	22904	13	IV. Безопасность / 4.1. Модернизация армии и укрепление обороноспособности	substantive	0	0	
respublica-0215	respublica	8c4ec202e883658575de600be1bcb15a9ea7bee4fa8a842b962c8a4472e42468	22906	22927	13	IV. Безопасность / 4.2. Безопасная среда	structural	1	0	
respublica-0216	respublica	8c4ec202e883658575de600be1bcb15a9ea7bee4fa8a842b962c8a4472e42468	22928	23005	13	IV. Безопасность / 4.2. Безопасная среда	substantive	0	0	
respublica-0217	respublica	8c4ec202e883658575de600be1bcb15a9ea7bee4fa8a842b962c8a4472e42468	23006	23176	13	IV. Безопасность / 4.2. Безопасная среда	substantive	0	0	
respublica-0218	respublica	8c4ec202e883658575de600be1bcb15a9ea7bee4fa8a842b962c8a4472e42468	23177	23462	13	IV. Безопасность / 4.2. Безопасная среда	substantive	0	0	
respublica-0219	respublica	8c4ec202e883658575de600be1bcb15a9ea7bee4fa8a842b962c8a4472e42468	23463	23542	14	IV. Безопасность / 4.2. Безопасная среда	substantive	0	0	
respublica-0220	respublica	8c4ec202e883658575de600be1bcb15a9ea7bee4fa8a842b962c8a4472e42468	23549	23719	14	IV. Безопасность / 4.2. Безопасная среда	substantive	0	0	
respublica-0221	respublica	8c4ec202e883658575de600be1bcb15a9ea7bee4fa8a842b962c8a4472e42468	23720	23863	14	IV. Безопасность / 4.2. Безопасная среда	substantive	0	0	
respublica-0222	respublica	8c4ec202e883658575de600be1bcb15a9ea7bee4fa8a842b962c8a4472e42468	23864	23895	14	IV. Безопасность / 4.2. Безопасная среда	lead_in	0	0	
respublica-0223	respublica	8c4ec202e883658575de600be1bcb15a9ea7bee4fa8a842b962c8a4472e42468	23896	24011	14	IV. Безопасность / 4.2. Безопасная среда	substantive	0	0	Продовольственная безопасность:
respublica-0224	respublica	8c4ec202e883658575de600be1bcb15a9ea7bee4fa8a842b962c8a4472e42468	24012	24132	14	IV. Безопасность / 4.2. Безопасная среда	substantive	0	0	Продовольственная безопасность:
respublica-0225	respublica	8c4ec202e883658575de600be1bcb15a9ea7bee4fa8a842b962c8a4472e42468	24133	24304	14	IV. Безопасность / 4.2. Безопасная среда	substantive	0	0	Продовольственная безопасность:
respublica-0226	respublica	8c4ec202e883658575de600be1bcb15a9ea7bee4fa8a842b962c8a4472e42468	24305	24414	14	IV. Безопасность / 4.2. Безопасная среда	substantive	0	0	Продовольственная безопасность:
respublica-0227	respublica	8c4ec202e883658575de600be1bcb15a9ea7bee4fa8a842b962c8a4472e42468	24415	24566	14	IV. Безопасность / 4.2. Безопасная среда	substantive	0	0	Продовольственная безопасность:
respublica-0228	respublica	8c4ec202e883658575de600be1bcb15a9ea7bee4fa8a842b962c8a4472e42468	24567	24684	14	IV. Безопасность / 4.2. Безопасная среда	substantive	0	0	Продовольственная безопасность:
respublica-0229	respublica	8c4ec202e883658575de600be1bcb15a9ea7bee4fa8a842b962c8a4472e42468	24685	24714	14	IV. Безопасность / 4.2. Безопасная среда	substantive	0	0	
respublica-0230	respublica	8c4ec202e883658575de600be1bcb15a9ea7bee4fa8a842b962c8a4472e42468	24715	24835	14	IV. Безопасность / 4.2. Безопасная среда	substantive	0	0	
respublica-0231	respublica	8c4ec202e883658575de600be1bcb15a9ea7bee4fa8a842b962c8a4472e42468	24836	25010	14	IV. Безопасность / 4.2. Безопасная среда	substantive	0	0	
respublica-0232	respublica	8c4ec202e883658575de600be1bcb15a9ea7bee4fa8a842b962c8a4472e42468	25032	25144	14	IV. Безопасность / 4.2. Безопасная среда	substantive	0	0	Водная безопасность:
respublica-0233	respublica	8c4ec202e883658575de600be1bcb15a9ea7bee4fa8a842b962c8a4472e42468	25145	25399	14	IV. Безопасность / 4.2. Безопасная среда	substantive	0	0	Водная безопасность:
respublica-0234	respublica	8c4ec202e883658575de600be1bcb15a9ea7bee4fa8a842b962c8a4472e42468	25400	25530	14	IV. Безопасность / 4.2. Безопасная среда	substantive	0	0	Водная безопасность:
respublica-0235	respublica	8c4ec202e883658575de600be1bcb15a9ea7bee4fa8a842b962c8a4472e42468	25531	25626	14	IV. Безопасность / 4.2. Безопасная среда	substantive	0	0	Водная безопасность:
respublica-0236	respublica	8c4ec202e883658575de600be1bcb15a9ea7bee4fa8a842b962c8a4472e42468	25627	25655	14	IV. Безопасность / 4.2. Безопасная среда	lead_in	0	0	
respublica-0237	respublica	8c4ec202e883658575de600be1bcb15a9ea7bee4fa8a842b962c8a4472e42468	25656	25725	15	IV. Безопасность / 4.2. Безопасная среда	substantive	0	0	Энергетическая безопасность:
respublica-0238	respublica	8c4ec202e883658575de600be1bcb15a9ea7bee4fa8a842b962c8a4472e42468	25726	25802	15	IV. Безопасность / 4.2. Безопасная среда	substantive	0	0	Энергетическая безопасность:
respublica-0239	respublica	8c4ec202e883658575de600be1bcb15a9ea7bee4fa8a842b962c8a4472e42468	25803	25914	15	IV. Безопасность / 4.2. Безопасная среда	substantive	0	0	Энергетическая безопасность:
respublica-0240	respublica	8c4ec202e883658575de600be1bcb15a9ea7bee4fa8a842b962c8a4472e42468	25915	26044	15	IV. Безопасность / 4.2. Безопасная среда	substantive	0	0	Энергетическая безопасность:
respublica-0241	respublica	8c4ec202e883658575de600be1bcb15a9ea7bee4fa8a842b962c8a4472e42468	26060	26195	15	IV. Безопасность / 4.2. Безопасная среда	substantive	0	0	
respublica-0242	respublica	8c4ec202e883658575de600be1bcb15a9ea7bee4fa8a842b962c8a4472e42468	26196	26326	15	IV. Безопасность / 4.2. Безопасная среда	substantive	0	0	
respublica-0243	respublica	8c4ec202e883658575de600be1bcb15a9ea7bee4fa8a842b962c8a4472e42468	26327	26441	15	IV. Безопасность / 4.2. Безопасная среда	substantive	0	0	
respublica-0244	respublica	8c4ec202e883658575de600be1bcb15a9ea7bee4fa8a842b962c8a4472e42468	26442	26526	15	IV. Безопасность / 4.2. Безопасная среда	substantive	0	0	
