party_id	list_order	candidate_name	birth_year	wiki_language	rank	page_title	page_url	page_id	wikidata_id	score	signals	extract	review_status	review_note
respublica	1	Алибеков Бейбит Бахытович	1984	ru	0					0	no-suggestion-above-threshold		NO_SUGGESTION	
respublica	1	Алибеков Бейбит Бахытович	1984	kk	0					0	no-suggestion-above-threshold		NO_SUGGESTION	
respublica	2	Абдихаликова Шолпан Аскаровна	1987	ru	0					0	no-suggestion-above-threshold		NO_SUGGESTION	
respublica	2	Абдихаликова Шолпан Аскаровна	1987	kk	0					0	no-suggestion-above-threshold		NO_SUGGESTION	
respublica	3	Абдугалиева Асель Жоломановна	1981	ru	0					0	no-suggestion-above-threshold		NO_SUGGESTION	
respublica	3	Абдугалиева Асель Жоломановна	1981	kk	0					0	no-suggestion-above-threshold		NO_SUGGESTION	
respublica	4	Абдушарипова Карагоз Аллаяровна	1986	ru	0					0	no-suggestion-above-threshold		NO_SUGGESTION	
respublica	4	Абдушарипова Карагоз Аллаяровна	1986	kk	0					0	no-suggestion-above-threshold		NO_SUGGESTION	
respublica	5	Айткулов Бекжан Бахтыбекович	1991	ru	0					0	no-suggestion-above-threshold		NO_SUGGESTION	
respublica	5	Айткулов Бекжан Бахтыбекович	1991	kk	0					0	no-suggestion-above-threshold		NO_SUGGESTION	
respublica	6	Алимбаева Адия Базиловна	1978	ru	0					0	no-suggestion-above-threshold		NO_SUGGESTION	
respublica	6	Алимбаева Адия Базиловна	1978	kk	0					0	no-suggestion-above-threshold		NO_SUGGESTION	
respublica	7	Алпысов Мейир Серикович	1988	ru	0					0	no-suggestion-above-threshold		NO_SUGGESTION	
respublica	7	Алпысов Мейир Серикович	1988	kk	0					0	no-suggestion-above-threshold		NO_SUGGESTION	
respublica	8	Амангелді Маханбет	1988	ru	0					0	no-suggestion-above-threshold		NO_SUGGESTION	
respublica	8	Амангелді Маханбет	1988	kk	0					0	no-suggestion-above-threshold		NO_SUGGESTION	
respublica	9	Аубакиров Нурлан Ерикбаевич	1975	ru	1	Аубакиров, Нурлан Ерикбаевич	https://ru.wikipedia.org/wiki/%D0%90%D1%83%D0%B1%D0%B0%D0%BA%D0%B8%D1%80%D0%BE%D0%B2,_%D0%9D%D1%83%D1%80%D0%BB%D0%B0%D0%BD_%D0%95%D1%80%D0%B8%D0%BA%D0%B1%D0%B0%D0%B5%D0%B2%D0%B8%D1%87	7338828	Q51667881	100	exact-title,name-tokens:3/3,birth-year-match,context:караганда	Нурла́н Ери́кбаевич Аубакиров (каз. Нұрлан Ерікбайұлы Әубәкіров; род. 29 декабря 1975, Караганда) — аким города Караганды с 2014 по 2020 гг.	SUGGESTED	
respublica	9	Аубакиров Нурлан Ерикбаевич	1975	kk	0					0	no-suggestion-above-threshold		NO_SUGGESTION	
respublica	10	Ахметканов Арман Шамаевич	1981	ru	0					0	no-suggestion-above-threshold		NO_SUGGESTION	
respublica	10	Ахметканов Арман Шамаевич	1981	kk	0					0	no-suggestion-above-threshold		NO_SUGGESTION	
respublica	11	Ахметов Еркебулан Картаевич	1987	ru	0					0	no-suggestion-above-threshold		NO_SUGGESTION	
respublica	11	Ахметов Еркебулан Картаевич	1987	kk	0					0	no-suggestion-above-threshold		NO_SUGGESTION	
respublica	12	Ахметов Сеилжан Адилханович	1980	ru	0					0	no-suggestion-above-threshold		NO_SUGGESTION	
respublica	12	Ахметов Сеилжан Адилханович	1980	kk	0					0	no-suggestion-above-threshold		NO_SUGGESTION	
respublica	13	Байконова Даурия Бейбитовна	1988	ru	0					0	no-suggestion-above-threshold		NO_SUGGESTION	
respublica	13	Байконова Даурия Бейбитовна	1988	kk	0					0	no-suggestion-above-threshold		NO_SUGGESTION	
respublica	14	Балғожа Айнаш Қабибуллақызы	1980	ru	0					0	no-suggestion-above-threshold		NO_SUGGESTION	
respublica	14	Балғожа Айнаш Қабибуллақызы	1980	kk	0					0	no-suggestion-above-threshold		NO_SUGGESTION	
respublica	15	Бейсембаева Сабина Сакеновна	1986	ru	0					0	no-suggestion-above-threshold		NO_SUGGESTION	
respublica	15	Бейсембаева Сабина Сакеновна	1986	kk	0					0	no-suggestion-above-threshold		NO_SUGGESTION	
respublica	16	Бергенев Чингиз Адылгазыевич	1988	ru	0					0	no-suggestion-above-threshold		NO_SUGGESTION	
respublica	16	Бергенев Чингиз Адылгазыевич	1988	kk	0					0	no-suggestion-above-threshold		NO_SUGGESTION	
respublica	17	Болысов Тохтар Коммунарович	1994	ru	0					0	no-suggestion-above-threshold		NO_SUGGESTION	
respublica	17	Болысов Тохтар Коммунарович	1994	kk	0					0	no-suggestion-above-threshold		NO_SUGGESTION	
respublica	18	Ботабекова Баян Жайдархановна	1977	ru	0					0	no-suggestion-above-threshold		NO_SUGGESTION	
respublica	18	Ботабекова Баян Жайдархановна	1977	kk	0					0	no-suggestion-above-threshold		NO_SUGGESTION	
respublica	19	Боярова Маргарита Владимировна	1990	ru	0					0	no-suggestion-above-threshold		NO_SUGGESTION	
respublica	19	Боярова Маргарита Владимировна	1990	kk	0					0	no-suggestion-above-threshold		NO_SUGGESTION	
respublica	20	Вайгорова Лаура Ринатовна	1995	ru	0					0	no-suggestion-above-threshold		NO_SUGGESTION	
respublica	20	Вайгорова Лаура Ринатовна	1995	kk	0					0	no-suggestion-above-threshold		NO_SUGGESTION	
respublica	21	Габбасов Еркин Тлеугабылович	1983	ru	1	Габбасов, Еркин Тлеугабылович	https://ru.wikipedia.org/wiki/%D0%93%D0%B0%D0%B1%D0%B1%D0%B0%D1%81%D0%BE%D0%B2,_%D0%95%D1%80%D0%BA%D0%B8%D0%BD_%D0%A2%D0%BB%D0%B5%D1%83%D0%B3%D0%B0%D0%B1%D1%8B%D0%BB%D0%BE%D0%B2%D0%B8%D1%87	10740311	Q130210100	100	exact-title,name-tokens:3/3,birth-year-match	Еркин Тлеугабылович Габбасов (каз. Еркін Тілеуғабылұлы Ғаббасов; род. 9 сентября 1983 года) — казахстанский спортсмен, стрелок-паралимпиец. Серебряный призёр летних Паралимпийских игр 2024 в Париже.	SUGGESTED	
respublica	21	Габбасов Еркин Тлеугабылович	1983	ru	2	Габбасов	https://ru.wikipedia.org/wiki/%D0%93%D0%B0%D0%B1%D0%B1%D0%B0%D1%81%D0%BE%D0%B2	5287495	Q30878181	70	surname-in-title,name-tokens:3/3,birth-year-match	Габбасов — фамилия. Известные носители: Габбасов, Араб Махич (1903—2002) — советский и казахстанский растениевод. Габбасов, Еркин Тлеугабылович (род. 1983) — казахстанский спортсмен-стрелок, призёр Паралимпийских игр. Габбасов, Радек Фатыхович (1934—2020) — доктор технических наук (1989), профессор. Габбасов, Халел Ахметжанулы (1888—1931) — участник Алашского движения, заместитель председателя правительства Алашской автономии. Габбасов, Энгельс Габбасович (1937—2014) — казахский писатель, общественный деятель. Габбасова, Яна (род. 2003) — российская певица, победительница 9 сезона шоу «Голос».	SUGGESTED	
respublica	21	Габбасов Еркин Тлеугабылович	1983	kk	0					0	no-suggestion-above-threshold		NO_SUGGESTION	
respublica	22	Дәулетбаева Венера Нартайқызы	1983	ru	0					0	no-suggestion-above-threshold		NO_SUGGESTION	
respublica	22	Дәулетбаева Венера Нартайқызы	1983	kk	0					0	no-suggestion-above-threshold		NO_SUGGESTION	
respublica	23	Домаев Сергей Александрович	1988	ru	0					0	no-suggestion-above-threshold		NO_SUGGESTION	
respublica	23	Домаев Сергей Александрович	1988	kk	0					0	no-suggestion-above-threshold		NO_SUGGESTION	
respublica	24	Доскалиев Айдос Жаксылыкович	1982	ru	0					0	no-suggestion-above-threshold		NO_SUGGESTION	
respublica	24	Доскалиев Айдос Жаксылыкович	1982	kk	0					0	no-suggestion-above-threshold		NO_SUGGESTION	
respublica	25	Дуйсекенов Ержан Нусипбекович	1970	ru	0					0	no-suggestion-above-threshold		NO_SUGGESTION	
respublica	25	Дуйсекенов Ержан Нусипбекович	1970	kk	0					0	no-suggestion-above-threshold		NO_SUGGESTION	
respublica	26	Дуйсенбаева Малика Муратжановна	1978	ru	0					0	no-suggestion-above-threshold		NO_SUGGESTION	
respublica	26	Дуйсенбаева Малика Муратжановна	1978	kk	0					0	no-suggestion-above-threshold		NO_SUGGESTION	
respublica	27	Жабасов Даурен Еркинович	1986	ru	0					0	no-suggestion-above-threshold		NO_SUGGESTION	
respublica	27	Жабасов Даурен Еркинович	1986	kk	0					0	no-suggestion-above-threshold		NO_SUGGESTION	
respublica	28	Жайнарбай Жалынбек	1983	ru	0					0	no-suggestion-above-threshold		NO_SUGGESTION	
respublica	28	Жайнарбай Жалынбек	1983	kk	0					0	no-suggestion-above-threshold		NO_SUGGESTION	
respublica	29	Жампеисов Думан Абильтаевич	1982	ru	0					0	no-suggestion-above-threshold		NO_SUGGESTION	
respublica	29	Жампеисов Думан Абильтаевич	1982	kk	0					0	no-suggestion-above-threshold		NO_SUGGESTION	
respublica	30	Жунусов Олжас Файзуллаевич	1982	ru	0					0	no-suggestion-above-threshold		NO_SUGGESTION	
respublica	30	Жунусов Олжас Файзуллаевич	1982	kk	0					0	no-suggestion-above-threshold		NO_SUGGESTION	
respublica	31	Идрисов Руслан Рашитович	1984	ru	0					0	no-suggestion-above-threshold		NO_SUGGESTION	
respublica	31	Идрисов Руслан Рашитович	1984	kk	0					0	no-suggestion-above-threshold		NO_SUGGESTION	
respublica	32	Иманов Нуржан Ибрагимович	1980	ru	0					0	no-suggestion-above-threshold		NO_SUGGESTION	
respublica	32	Иманов Нуржан Ибрагимович	1980	kk	0					0	no-suggestion-above-threshold		NO_SUGGESTION	
respublica	33	Искаков Жанат Маратович	1977	ru	0					0	no-suggestion-above-threshold		NO_SUGGESTION	
respublica	33	Искаков Жанат Маратович	1977	kk	0					0	no-suggestion-above-threshold		NO_SUGGESTION	
respublica	34	Қази Асылжан Ешжанұлы	1989	ru	0					0	no-suggestion-above-threshold		NO_SUGGESTION	
respublica	34	Қази Асылжан Ешжанұлы	1989	kk	0					0	no-suggestion-above-threshold		NO_SUGGESTION	
respublica	35	Карин Сакен Абуханович	1978	ru	0					0	no-suggestion-above-threshold		NO_SUGGESTION	
respublica	35	Карин Сакен Абуханович	1978	kk	0					0	no-suggestion-above-threshold		NO_SUGGESTION	
respublica	36	Карпикова Назым Ермековна	1987	ru	0					0	no-suggestion-above-threshold		NO_SUGGESTION	
respublica	36	Карпикова Назым Ермековна	1987	kk	0					0	no-suggestion-above-threshold		NO_SUGGESTION	
respublica	37	Касымбаев Мейрхат Мейрамханович	1980	ru	0					0	no-suggestion-above-threshold		NO_SUGGESTION	
respublica	37	Касымбаев Мейрхат Мейрамханович	1980	kk	0					0	no-suggestion-above-threshold		NO_SUGGESTION	
respublica	38	Келимбетова Айнур Шайзханкызы	1990	ru	0					0	no-suggestion-above-threshold		NO_SUGGESTION	
respublica	38	Келимбетова Айнур Шайзханкызы	1990	kk	0					0	no-suggestion-above-threshold		NO_SUGGESTION	
respublica	39	Кәрімжан Гүлназ Кәрімжанқызы	1985	ru	0					0	no-suggestion-above-threshold		NO_SUGGESTION	
respublica	39	Кәрімжан Гүлназ Кәрімжанқызы	1985	kk	0					0	no-suggestion-above-threshold		NO_SUGGESTION	
respublica	40	Кикимов Максат Сакенович	1986	ru	0					0	no-suggestion-above-threshold		NO_SUGGESTION	
respublica	40	Кикимов Максат Сакенович	1986	kk	0					0	no-suggestion-above-threshold		NO_SUGGESTION	
respublica	41	Конилхан Алия	1988	ru	0					0	no-suggestion-above-threshold		NO_SUGGESTION	
respublica	41	Конилхан Алия	1988	kk	0					0	no-suggestion-above-threshold		NO_SUGGESTION	
respublica	42	Кумысбеков Айбек Кумысбекович	1985	ru	0					0	no-suggestion-above-threshold		NO_SUGGESTION	
respublica	42	Кумысбеков Айбек Кумысбекович	1985	kk	0					0	no-suggestion-above-threshold		NO_SUGGESTION	
respublica	43	Куспеков Олжас Хайроллаевич	1986	ru	1	Куспеков, Олжас Хайроллаевич	https://ru.wikipedia.org/wiki/%D0%9A%D1%83%D1%81%D0%BF%D0%B5%D0%BA%D0%BE%D0%B2,_%D0%9E%D0%BB%D0%B6%D0%B0%D1%81_%D0%A5%D0%B0%D0%B9%D1%80%D0%BE%D0%BB%D0%BB%D0%B0%D0%B5%D0%B2%D0%B8%D1%87	11332818	Q131744492	100	exact-title,name-tokens:3/3,birth-year-match,context:viii,депутат,казахстан,мажилиса,парламента	Олжас Хайроллаевич Куспеков (каз. Олжас Хайроллаұлы Құспеков; род. 7 января 1986, Карагандинская область) — казахстанский государственный деятель. Депутат Мажилиса Парламента Республики Казахстан VIII созыва от партии Respublica с 2023 до упразднения Парламента в 2026 году.	SUGGESTED	
respublica	43	Куспеков Олжас Хайроллаевич	1986	kk	0					0	no-suggestion-above-threshold		NO_SUGGESTION	
respublica	44	Мадиева Дилафруз Давлятбековна	1980	ru	0					0	no-suggestion-above-threshold		NO_SUGGESTION	
respublica	44	Мадиева Дилафруз Давлятбековна	1980	kk	0					0	no-suggestion-above-threshold		NO_SUGGESTION	
respublica	45	Мақатов Дулат Нұрланұлы	1992	ru	0					0	no-suggestion-above-threshold		NO_SUGGESTION	
respublica	45	Мақатов Дулат Нұрланұлы	1992	kk	0					0	no-suggestion-above-threshold		NO_SUGGESTION	
respublica	46	Марклен Азамат Ержанулы	1995	ru	0					0	no-suggestion-above-threshold		NO_SUGGESTION	
respublica	46	Марклен Азамат Ержанулы	1995	kk	0					0	no-suggestion-above-threshold		NO_SUGGESTION	
respublica	47	Мәдәлі Мейрамгүл Ералықызы	1988	ru	0					0	no-suggestion-above-threshold		NO_SUGGESTION	
respublica	47	Мәдәлі Мейрамгүл Ералықызы	1988	kk	0					0	no-suggestion-above-threshold		NO_SUGGESTION	
respublica	48	Мункебаев Даурен Биркутович	1984	ru	0					0	no-suggestion-above-threshold		NO_SUGGESTION	
respublica	48	Мункебаев Даурен Биркутович	1984	kk	0					0	no-suggestion-above-threshold		NO_SUGGESTION	
respublica	49	Муратбеков Даурен Булатович	1984	ru	0					0	no-suggestion-above-threshold		NO_SUGGESTION	
respublica	49	Муратбеков Даурен Булатович	1984	kk	0					0	no-suggestion-above-threshold		NO_SUGGESTION	
respublica	50	Мұхамеджан Ерболат Амангелдіұлы	1988	ru	0					0	no-suggestion-above-threshold		NO_SUGGESTION	
respublica	50	Мұхамеджан Ерболат Амангелдіұлы	1988	kk	0					0	no-suggestion-above-threshold		NO_SUGGESTION	
respublica	51	Мухамедрахимова Анаргуль Хаиржановна	1978	ru	0					0	no-suggestion-above-threshold		NO_SUGGESTION	
respublica	51	Мухамедрахимова Анаргуль Хаиржановна	1978	kk	0					0	no-suggestion-above-threshold		NO_SUGGESTION	
respublica	52	Нагуманова Тахмина Утагалиевна	1974	ru	0					0	no-suggestion-above-threshold		NO_SUGGESTION	
respublica	52	Нагуманова Тахмина Утагалиевна	1974	kk	0					0	no-suggestion-above-threshold		NO_SUGGESTION	
respublica	53	Наскенов Жабай Алемгерович	1987	ru	0					0	no-suggestion-above-threshold		NO_SUGGESTION	
respublica	53	Наскенов Жабай Алемгерович	1987	kk	0					0	no-suggestion-above-threshold		NO_SUGGESTION	
respublica	54	Науатбек Ақмарал Маратқызы	1999	ru	1	Науатбек, Акмарал Мараткызы	https://ru.wikipedia.org/wiki/%D0%9D%D0%B0%D1%83%D0%B0%D1%82%D0%B1%D0%B5%D0%BA,_%D0%90%D0%BA%D0%BC%D0%B0%D1%80%D0%B0%D0%BB_%D0%9C%D0%B0%D1%80%D0%B0%D1%82%D0%BA%D1%8B%D0%B7%D1%8B	10745766	Q63243375	76	surname-in-title,name-tokens:3/3,birth-year-match,context:астана,казахстан	Акмарал Мараткызы Науатбек (каз. Ақмарал Маратқызы Науатбек; род. 8 января 1999 года, Астана, Казахстан) — казахстанская парадзюдоистка. Чемпионка летних Паралимпийских игр 2024 года в Париже.	SUGGESTED	
respublica	54	Науатбек Ақмарал Маратқызы	1999	kk	0					0	no-suggestion-above-threshold		NO_SUGGESTION	
respublica	55	Наумова Динара Рустамовна	1997	ru	1	Наумова, Динара Рустамовна	https://ru.wikipedia.org/wiki/%D0%9D%D0%B0%D1%83%D0%BC%D0%BE%D0%B2%D0%B0,_%D0%94%D0%B8%D0%BD%D0%B0%D1%80%D0%B0_%D0%A0%D1%83%D1%81%D1%82%D0%B0%D0%BC%D0%BE%D0%B2%D0%BD%D0%B0	10173797	Q120277635	100	exact-title,name-tokens:3/3,birth-year-match,context:viii,депутат,казахстан,мажилиса,парламента	Динара Рустамовна Наумова (каз. Динара Рустамқызы Наумова; род. 8 сентября 1997, Акмола, Казахстан) — казахстанский общественный деятель. Депутат Мажилиса Парламента Казахстана VIII созыва (2023—2026).	SUGGESTED	
respublica	55	Наумова Динара Рустамовна	1997	kk	0					0	no-suggestion-above-threshold		NO_SUGGESTION	
respublica	56	Нұғман Ақмоншақ Нұртазақызы	1991	ru	0					0	no-suggestion-above-threshold		NO_SUGGESTION	
respublica	56	Нұғман Ақмоншақ Нұртазақызы	1991	kk	0					0	no-suggestion-above-threshold		NO_SUGGESTION	
respublica	57	Сагади Сауле	1972	ru	0					0	no-suggestion-above-threshold		NO_SUGGESTION	
respublica	57	Сагади Сауле	1972	kk	0					0	no-suggestion-above-threshold		NO_SUGGESTION	
respublica	58	Сайдуллаева Нилуфар Пахритдиновна	1988	ru	0					0	no-suggestion-above-threshold		NO_SUGGESTION	
respublica	58	Сайдуллаева Нилуфар Пахритдиновна	1988	kk	0					0	no-suggestion-above-threshold		NO_SUGGESTION	
respublica	59	Смаилов Нурсултан Сагындыкович	1991	ru	0					0	no-suggestion-above-threshold		NO_SUGGESTION	
respublica	59	Смаилов Нурсултан Сагындыкович	1991	kk	0					0	no-suggestion-above-threshold		NO_SUGGESTION	
respublica	60	Смолякова Екатерина Сергеевна	1987	ru	1	Смолякова, Екатерина Сергеевна	https://ru.wikipedia.org/wiki/%D0%A1%D0%BC%D0%BE%D0%BB%D1%8F%D0%BA%D0%BE%D0%B2%D0%B0,_%D0%95%D0%BA%D0%B0%D1%82%D0%B5%D1%80%D0%B8%D0%BD%D0%B0_%D0%A1%D0%B5%D1%80%D0%B3%D0%B5%D0%B5%D0%B2%D0%BD%D0%B0	11090989	Q134725109	100	exact-title,name-tokens:3/3,birth-year-match,context:viii,депутат,мажилиса,парламента,созыва	Екатерина Сергеевна Смолякова (род. 2 августа 1987) — казахстанский политик. Депутат Мажилиса Парламента Казахстана VIII созыва (2025—2026).	SUGGESTED	
respublica	60	Смолякова Екатерина Сергеевна	1987	kk	0					0	no-suggestion-above-threshold		NO_SUGGESTION	
respublica	61	Солтиев Ернат Бакытжанович	1989	ru	0					0	no-suggestion-above-threshold		NO_SUGGESTION	
respublica	61	Солтиев Ернат Бакытжанович	1989	kk	0					0	no-suggestion-above-threshold		NO_SUGGESTION	
respublica	62	Суентаев Дамир Серкбаевич	1984	ru	0					0	no-suggestion-above-threshold		NO_SUGGESTION	
respublica	62	Суентаев Дамир Серкбаевич	1984	kk	0					0	no-suggestion-above-threshold		NO_SUGGESTION	
respublica	63	Сулейменов Ерлан Мельсович	1974	ru	0					0	no-suggestion-above-threshold		NO_SUGGESTION	
respublica	63	Сулейменов Ерлан Мельсович	1974	kk	0					0	no-suggestion-above-threshold		NO_SUGGESTION	
respublica	64	Сулименко Ирина Юрьевна	1979	ru	0					0	no-suggestion-above-threshold		NO_SUGGESTION	
respublica	64	Сулименко Ирина Юрьевна	1979	kk	0					0	no-suggestion-above-threshold		NO_SUGGESTION	
respublica	65	Сураган Дурвудхан	1988	ru	1	Сураган, Дурвудхан	https://ru.wikipedia.org/wiki/%D0%A1%D1%83%D1%80%D0%B0%D0%B3%D0%B0%D0%BD,_%D0%94%D1%83%D1%80%D0%B2%D1%83%D0%B4%D1%85%D0%B0%D0%BD	11199130	Q136816333	100	exact-title,name-tokens:2/2,birth-year-match,context:академик,нан,профессор	Дурвудхан Сураган (каз. Дөрбетхан Сұраған; род. 25 апреля 1988, Баян-Улгий, Монголия) — казахстанский учёный-математик, профессор АОО «Назарбаев Университет», член-корреспондент (2017), академик (2024) Национальной академии наук Казахстана. Ведущий учёный-математик Казахстана. Один из наиболее высоко цитируемых за рубежом казахстанских учёных, общее количество цитирований 1 107 (индекс Хирша — 20) согласно базе данных Scopus. Самый молодой академик в истории НАН РК. Лауреат Государственной премии Республики Казахстана в области науки и техники имени аль-Фараби (2020). Лауреат премии Феррана Суньер-и-Балагера (2018).	SUGGESTED	
respublica	65	Сураган Дурвудхан	1988	kk	0					0	no-suggestion-above-threshold		NO_SUGGESTION	
respublica	66	Тау Нургул	1973	ru	1	Тау, Нургул	https://ru.wikipedia.org/wiki/%D0%A2%D0%B0%D1%83,_%D0%9D%D1%83%D1%80%D0%B3%D1%83%D0%BB	11251034	Q136816823	100	exact-title,name-tokens:2/2,birth-year-match,context:депутат,мажилиса	Нургу́л Та́у (в точной транслитерации Нургу́ль Та́у; род. 3 января 1973, Баян-Ульгий, Монголия) — казахстанский государственный деятель, политик и педагог. Депутат Мажилиса Казахстана с 2023 до упразднения Мажилиса в 2026 году.	SUGGESTED	
respublica	66	Тау Нургул	1973	kk	0					0	no-suggestion-above-threshold		NO_SUGGESTION	
respublica	67	Темірхан Нұрсұлтан Талғатұлы	1993	ru	0					0	no-suggestion-above-threshold		NO_SUGGESTION	
respublica	67	Темірхан Нұрсұлтан Талғатұлы	1993	kk	0					0	no-suggestion-above-threshold		NO_SUGGESTION	
respublica	68	Тогизбаева Айдана Кенбаевна	1990	ru	0					0	no-suggestion-above-threshold		NO_SUGGESTION	
respublica	68	Тогизбаева Айдана Кенбаевна	1990	kk	0					0	no-suggestion-above-threshold		NO_SUGGESTION	
respublica	69	Тулеубаева Анар Абетаевна	1986	ru	0					0	no-suggestion-above-threshold		NO_SUGGESTION	
respublica	69	Тулеубаева Анар Абетаевна	1986	kk	0					0	no-suggestion-above-threshold		NO_SUGGESTION	
respublica	70	Уразгалиева Зульфия Мергеновна	1982	ru	0					0	no-suggestion-above-threshold		NO_SUGGESTION	
respublica	70	Уразгалиева Зульфия Мергеновна	1982	kk	0					0	no-suggestion-above-threshold		NO_SUGGESTION	
respublica	71	Утебаев Галымжан Саламатович	1989	ru	0					0	no-suggestion-above-threshold		NO_SUGGESTION	
respublica	71	Утебаев Галымжан Саламатович	1989	kk	0					0	no-suggestion-above-threshold		NO_SUGGESTION	
respublica	72	Хайруллаев Нуржигит Нурболатович	1980	ru	0					0	no-suggestion-above-threshold		NO_SUGGESTION	
respublica	72	Хайруллаев Нуржигит Нурболатович	1980	kk	0					0	no-suggestion-above-threshold		NO_SUGGESTION	
respublica	73	Хасенов Махамбет Кабдулкаироич	1975	ru	0					0	no-suggestion-above-threshold		NO_SUGGESTION	
respublica	73	Хасенов Махамбет Кабдулкаироич	1975	kk	0					0	no-suggestion-above-threshold		NO_SUGGESTION	
respublica	74	Хорошаш Аскар Насибуллович	1974	ru	0					0	no-suggestion-above-threshold		NO_SUGGESTION	
respublica	74	Хорошаш Аскар Насибуллович	1974	kk	0					0	no-suggestion-above-threshold		NO_SUGGESTION	
respublica	75	Ходжаназаров Айдарбек Асанович	1983	ru	1	Ходжаназаров, Айдарбек Асанович	https://ru.wikipedia.org/wiki/%D0%A5%D0%BE%D0%B4%D0%B6%D0%B0%D0%BD%D0%B0%D0%B7%D0%B0%D1%80%D0%BE%D0%B2,_%D0%90%D0%B9%D0%B4%D0%B0%D1%80%D0%B1%D0%B5%D0%BA_%D0%90%D1%81%D0%B0%D0%BD%D0%BE%D0%B2%D0%B8%D1%87	10702934	Q97210689	100	exact-title,name-tokens:3/3,birth-year-match,context:viii,депутат,мажилиса,парламента,созыва	Айдарбек Асанулы Кожаназаров (каз. Айдарбек Асанұлы Қожаназаров; род. 26 ноября 1983, Кзыл-Ординская область или Кзыл-Орда, Казахская ССР, СССР) — казахский бизнесмен и политик. Депутат Мажилиса Парламента Казахстана VIII созыва с 2023 до упразднения Парламента в 2026 году.	SUGGESTED	
respublica	75	Ходжаназаров Айдарбек Асанович	1983	kk	0					0	no-suggestion-above-threshold		NO_SUGGESTION	
ak_zhol	1	Абильдин Ермек Толеуулы	1980	ru	0					0	no-suggestion-above-threshold		NO_SUGGESTION	
ak_zhol	1	Абильдин Ермек Толеуулы	1980	kk	0					0	no-suggestion-above-threshold		NO_SUGGESTION	
ak_zhol	2	Арыстанова Айгерим Атыгаевна	1996	ru	0					0	no-suggestion-above-threshold		NO_SUGGESTION	
ak_zhol	2	Арыстанова Айгерим Атыгаевна	1996	kk	0					0	no-suggestion-above-threshold		NO_SUGGESTION	
ak_zhol	3	Ахметжаев Даурен Хайруллаевич	1982	ru	0					0	no-suggestion-above-threshold		NO_SUGGESTION	
ak_zhol	3	Ахметжаев Даурен Хайруллаевич	1982	kk	0					0	no-suggestion-above-threshold		NO_SUGGESTION	
ak_zhol	4	Әуес Жоламан Бейсеханұлы	1997	ru	0					0	no-suggestion-above-threshold		NO_SUGGESTION	
ak_zhol	4	Әуес Жоламан Бейсеханұлы	1997	kk	0					0	no-suggestion-above-threshold		NO_SUGGESTION	
ak_zhol	5	Барлыбаев Ерлан Хайланович	1967	ru	1	Барлыбаев, Ерлан Хайланович	https://ru.wikipedia.org/wiki/%D0%91%D0%B0%D1%80%D0%BB%D1%8B%D0%B1%D0%B0%D0%B5%D0%B2,_%D0%95%D1%80%D0%BB%D0%B0%D0%BD_%D0%A5%D0%B0%D0%B9%D0%BB%D0%B0%D0%BD%D0%BE%D0%B2%D0%B8%D1%87	11310703	Q136914094	100	exact-title,name-tokens:3/3,birth-year-match,context:vii,viii,ак,депутат,жол	Ерлан Хайланович Барлыбаев (каз. Ерлан Хайланұлы Барлыбаев; род. 15 августа 1967, Восточно-Казахстанская область) — казахстанский государственный деятель. Депутат Мажилиса Парламента Республики Казахстан VI, VII, и VIII созыва от Демократической партии Казахстана «Ак Жол» с 2016 до упразднения Парламента в 2026 году.	SUGGESTED	
ak_zhol	5	Барлыбаев Ерлан Хайланович	1967	ru	2	Барлыбаев	https://ru.wikipedia.org/wiki/%D0%91%D0%B0%D1%80%D0%BB%D1%8B%D0%B1%D0%B0%D0%B5%D0%B2	1307074	Q85858275	82	surname-in-title,name-tokens:3/3,birth-year-match,context:депутат,казахстан,мажилиса,парламента	Барлыбаев — фамилия. Известные носители: Барлыбаев, Ерлан Хайланович (род. 1967) — депутат Мажилиса Парламента Республики Казахстан. Барлыбаев, Толежан Турсунович (род. 1970) — казахстанский дипломат. Барлыбаев, Халиль Абубакирович (1944—2020) — российский экономист, депутат Государственной думы. Барлыбаева, Сауле Хатиятовна (род. 1956) — советская гимнастка.	SUGGESTED	
ak_zhol	5	Барлыбаев Ерлан Хайланович	1967	kk	0					0	no-suggestion-above-threshold		NO_SUGGESTION	
ak_zhol	6	Бейсенбаев Ержан Алмабекович	1990	ru	1	Бейсенбаев, Ержан Алмабекович	https://ru.wikipedia.org/wiki/%D0%91%D0%B5%D0%B9%D1%81%D0%B5%D0%BD%D0%B1%D0%B0%D0%B5%D0%B2,_%D0%95%D1%80%D0%B6%D0%B0%D0%BD_%D0%90%D0%BB%D0%BC%D0%B0%D0%B1%D0%B5%D0%BA%D0%BE%D0%B2%D0%B8%D1%87	11226227	Q136302810	100	exact-title,name-tokens:3/3,birth-year-match,context:депутат	Ержан Алмабекович Бейсенбаев (каз. Ержан Алмабекұлы Бейсенбаев; род. 28 июля 1990, Талды-Курган, Казахская ССР) — казахстанский общественно-политический деятель. Депутат Мажилиса Парламента Казахстана VIII созыва (2023—2025).	SUGGESTED	
ak_zhol	6	Бейсенбаев Ержан Алмабекович	1990	kk	0					0	no-suggestion-above-threshold		NO_SUGGESTION	
ak_zhol	7	Белшер Нұрлан Тукмағанбетұлы	1973	ru	0					0	no-suggestion-above-threshold		NO_SUGGESTION	
ak_zhol	7	Белшер Нұрлан Тукмағанбетұлы	1973	kk	0					0	no-suggestion-above-threshold		NO_SUGGESTION	
ak_zhol	8	Бибаев Бактыбек Сальбекович	1995	ru	0					0	no-suggestion-above-threshold		NO_SUGGESTION	
ak_zhol	8	Бибаев Бактыбек Сальбекович	1995	kk	0					0	no-suggestion-above-threshold		NO_SUGGESTION	
ak_zhol	9	Бисенов Бекнур Амантаевич	1992	ru	0					0	no-suggestion-above-threshold		NO_SUGGESTION	
ak_zhol	9	Бисенов Бекнур Амантаевич	1992	kk	0					0	no-suggestion-above-threshold		NO_SUGGESTION	
ak_zhol	10	Джумагалиев Рустам Айсултанович	1981	ru	0					0	no-suggestion-above-threshold		NO_SUGGESTION	
ak_zhol	10	Джумагалиев Рустам Айсултанович	1981	kk	0					0	no-suggestion-above-threshold		NO_SUGGESTION	
ak_zhol	11	Дюсембинов Берик Салимжанович	1971	ru	1	Дюсембинов, Берик Салимжанович	https://ru.wikipedia.org/wiki/%D0%94%D1%8E%D1%81%D0%B5%D0%BC%D0%B1%D0%B8%D0%BD%D0%BE%D0%B2,_%D0%91%D0%B5%D1%80%D0%B8%D0%BA_%D0%A1%D0%B0%D0%BB%D0%B8%D0%BC%D0%B6%D0%B0%D0%BD%D0%BE%D0%B2%D0%B8%D1%87	11329078	Q137301422	100	exact-title,name-tokens:3/3,birth-year-match,context:vii,депутат,жол,казахстан,мажилиса	Берик Салимжанович Дюсембинов (каз. Берік Сәлімжанұлы Дүйсенбинов; род. 19 июня 1971, Восточно-Казахстанская область) — казахстанский государственный деятель. Депутат Мажилиса Парламента Республики Казахстан VI и VII созыва от Демократической партии Казахстана «Ак жол».	SUGGESTED	
ak_zhol	11	Дюсембинов Берик Салимжанович	1971	ru	2	Дюсембинов	https://ru.wikipedia.org/wiki/%D0%94%D1%8E%D1%81%D0%B5%D0%BC%D0%B1%D0%B8%D0%BD%D0%BE%D0%B2	11329484	Q138440101	62	surname-in-title,name-tokens:3/3,context:депутат,казахстан,мажилиса,парламента	Дюсембинов: Дюсембинов, Берик Салимжанович — депутат Мажилиса Парламента Республики Казахстан Дюсембинов, Султан Мырзабекович — депутат Сената Парламента Республики Казахстан	SUGGESTED	
ak_zhol	11	Дюсембинов Берик Салимжанович	1971	kk	0					0	no-suggestion-above-threshold		NO_SUGGESTION	
ak_zhol	12	Егинбаев Ермек Молдакулович	1965	ru	0					0	no-suggestion-above-threshold		NO_SUGGESTION	
ak_zhol	12	Егинбаев Ермек Молдакулович	1965	kk	0					0	no-suggestion-above-threshold		NO_SUGGESTION	
ak_zhol	13	Елубаева Марал Куандыковна	1965	ru	0					0	no-suggestion-above-threshold		NO_SUGGESTION	
ak_zhol	13	Елубаева Марал Куандыковна	1965	kk	0					0	no-suggestion-above-threshold		NO_SUGGESTION	
ak_zhol	14	Ерубаев Серик Сарсенович	1968	ru	1	Ерубаев, Серик Сарсенович	https://ru.wikipedia.org/wiki/%D0%95%D1%80%D1%83%D0%B1%D0%B0%D0%B5%D0%B2,_%D0%A1%D0%B5%D1%80%D0%B8%D0%BA_%D0%A1%D0%B0%D1%80%D1%81%D0%B5%D0%BD%D0%BE%D0%B2%D0%B8%D1%87	11351842	Q137665715	100	exact-title,name-tokens:3/3,birth-year-match,context:атырау,депутат,мажилиса,парламента	Се́рик Сарсе́нович Еруба́ев (каз. Серік Сәрсенұлы Ерубаев; род. 16 сентября 1968, Атырау, Казахская ССР, СССР) — казахстанский государственный и общественный деятель. Депутат Мажилиса Парламента Казахстана с 2024 до упразднения Парламента в 2026 году.	SUGGESTED	
ak_zhol	14	Ерубаев Серик Сарсенович	1968	ru	2	Ерубаев	https://ru.wikipedia.org/wiki/%D0%95%D1%80%D1%83%D0%B1%D0%B0%D0%B5%D0%B2	11327658		65	surname-in-title,name-tokens:3/3,context:viii,депутат,мажилиса,парламента,созыва	Ерубаев: Ерубаев, Саттар Аскарович — казахский советский писатель. Ерубаев, Серик Сарсенович - депутат Мажилиса Парламента Казахстана VIII созыва	SUGGESTED	
ak_zhol	14	Ерубаев Серик Сарсенович	1968	kk	0					0	no-suggestion-above-threshold		NO_SUGGESTION	
ak_zhol	15	Еспаева Дания Мадиевна	1961	ru	1	Еспаева, Дания Мадиевна	https://ru.wikipedia.org/wiki/%D0%95%D1%81%D0%BF%D0%B0%D0%B5%D0%B2%D0%B0,_%D0%94%D0%B0%D0%BD%D0%B8%D1%8F_%D0%9C%D0%B0%D0%B4%D0%B8%D0%B5%D0%B2%D0%BD%D0%B0	7866540	Q64494872	100	exact-title,name-tokens:3/3,birth-year-match,context:депутат,жол,мажилиса,парламента,председатель	Дания́ Мади́евна Еспа́ева (каз. Дәния Мадиқызы Еспаева род. 5 марта 1961; Мартукский район, Актюбинской области, Казахская ССР) — казахстанский государственный и политический деятель. Председатель партии «Ак жол» с 2026 года. Депутат Мажилиса Парламента Казахстана с 2016 по 2026 годы. Заместитель председателя Мажилиса Парламента Казахстана.	SUGGESTED	
ak_zhol	15	Еспаева Дания Мадиевна	1961	kk	0					0	no-suggestion-above-threshold		NO_SUGGESTION	
ak_zhol	16	Жалмуканова Лаззат Жумагуловна	1962	ru	0					0	no-suggestion-above-threshold		NO_SUGGESTION	
ak_zhol	16	Жалмуканова Лаззат Жумагуловна	1962	kk	0					0	no-suggestion-above-threshold		NO_SUGGESTION	
ak_zhol	17	Жампиисов Рамазан Купесбаевич	1982	ru	0					0	no-suggestion-above-threshold		NO_SUGGESTION	
ak_zhol	17	Жампиисов Рамазан Купесбаевич	1982	kk	0					0	no-suggestion-above-threshold		NO_SUGGESTION	
ak_zhol	18	Жаукебаев Бек-Мүхаммед Мейірбекұлы	1999	ru	0					0	no-suggestion-above-threshold		NO_SUGGESTION	
ak_zhol	18	Жаукебаев Бек-Мүхаммед Мейірбекұлы	1999	kk	0					0	no-suggestion-above-threshold		NO_SUGGESTION	
ak_zhol	19	Жутаев Махаббат Сагынбаевич	1968	ru	0					0	no-suggestion-above-threshold		NO_SUGGESTION	
ak_zhol	19	Жутаев Махаббат Сагынбаевич	1968	kk	0					0	no-suggestion-above-threshold		NO_SUGGESTION	
ak_zhol	20	Ибатуллина Эльмира Павловна	1974	ru	0					0	no-suggestion-above-threshold		NO_SUGGESTION	
ak_zhol	20	Ибатуллина Эльмира Павловна	1974	kk	0					0	no-suggestion-above-threshold		NO_SUGGESTION	
ak_zhol	21	Иса Қазыбек Жарылқасынұлы	1962	ru	1	Иса, Казыбек Жарылкасынулы	https://ru.wikipedia.org/wiki/%D0%98%D1%81%D0%B0,_%D0%9A%D0%B0%D0%B7%D1%8B%D0%B1%D0%B5%D0%BA_%D0%96%D0%B0%D1%80%D1%8B%D0%BB%D0%BA%D0%B0%D1%81%D1%8B%D0%BD%D1%83%D0%BB%D1%8B	8658945	Q12573678	85	surname-in-title,name-tokens:3/3,birth-year-match,context:vii,viii,депутат,казахстан,мажилиса	Казыбек Жарылкасынулы Иса (каз. Қазыбек Жарылқасынұлы Иса род. 23 апреля 1962; Мактааральский район, Чимкентская область, КазССР, СССР) — казахстанский поэт, общественный деятель. Депутат Мажилиса Парламента Республики Казахстан VII и VIII созывов с 2021 до упразднения Парламента в 2026 году.	SUGGESTED	
ak_zhol	21	Иса Қазыбек Жарылқасынұлы	1962	kk	1	Қазыбек Жарылқасынұлы Иса	https://kk.wikipedia.org/wiki/%D2%9A%D0%B0%D0%B7%D1%8B%D0%B1%D0%B5%D0%BA_%D0%96%D0%B0%D1%80%D1%8B%D0%BB%D2%9B%D0%B0%D1%81%D1%8B%D0%BD%D2%B1%D0%BB%D1%8B_%D0%98%D1%81%D0%B0	55092	Q12573678	59	surname-in-title,name-tokens:3/3,context:vii,viii,қазақстан	Қазыбек Жарылқасынұлы Иса (23 сәуір 1962 жыл, Мақтаарал ауданы, Түркістан облысы) — қазақстандық ақын, мемлекеттік қайраткер, Қазақстан Жазушылар одағының басқарма мүшесі, Қазақстан журналистер одағының мүшесі және Қазақстан Мәжiлiсі VII, VIII-сайланымдарының депутаты.	SUGGESTED	
ak_zhol	22	Исин Алибек Ерликович	1989	ru	0					0	no-suggestion-above-threshold		NO_SUGGESTION	
ak_zhol	22	Исин Алибек Ерликович	1989	kk	0					0	no-suggestion-above-threshold		NO_SUGGESTION	
ak_zhol	23	Кабдыгалиева Мейрамгуль Кенжелагиевна	1977	ru	0					0	no-suggestion-above-threshold		NO_SUGGESTION	
ak_zhol	23	Кабдыгалиева Мейрамгуль Кенжелагиевна	1977	kk	0					0	no-suggestion-above-threshold		NO_SUGGESTION	
ak_zhol	24	Кайркан Азат Серикжанулы	1992	ru	0					0	no-suggestion-above-threshold		NO_SUGGESTION	
ak_zhol	24	Кайркан Азат Серикжанулы	1992	kk	0					0	no-suggestion-above-threshold		NO_SUGGESTION	
ak_zhol	25	Калинкин Анатолий Дмитриевич	1997	ru	0					0	no-suggestion-above-threshold		NO_SUGGESTION	
ak_zhol	25	Калинкин Анатолий Дмитриевич	1997	kk	0					0	no-suggestion-above-threshold		NO_SUGGESTION	
ak_zhol	26	Кинсфатер Артур Сергеевич	1995	ru	0					0	no-suggestion-above-threshold		NO_SUGGESTION	
ak_zhol	26	Кинсфатер Артур Сергеевич	1995	kk	0					0	no-suggestion-above-threshold		NO_SUGGESTION	
ak_zhol	27	Кинцель Евгений Юрьевич	1977	ru	0					0	no-suggestion-above-threshold		NO_SUGGESTION	
ak_zhol	27	Кинцель Евгений Юрьевич	1977	kk	0					0	no-suggestion-above-threshold		NO_SUGGESTION	
ak_zhol	28	Кожахметов Асылхан Тулеббергенович	1984	ru	0					0	no-suggestion-above-threshold		NO_SUGGESTION	
ak_zhol	28	Кожахметов Асылхан Тулеббергенович	1984	kk	0					0	no-suggestion-above-threshold		NO_SUGGESTION	
ak_zhol	29	Козыбаков Улан Ермекович	1988	ru	0					0	no-suggestion-above-threshold		NO_SUGGESTION	
ak_zhol	29	Козыбаков Улан Ермекович	1988	kk	0					0	no-suggestion-above-threshold		NO_SUGGESTION	
ak_zhol	30	Корганбаев Батыржан	1979	ru	0					0	no-suggestion-above-threshold		NO_SUGGESTION	
ak_zhol	30	Корганбаев Батыржан	1979	kk	0					0	no-suggestion-above-threshold		NO_SUGGESTION	
ak_zhol	31	Ли Юрий Виссарионович	1977	ru	1	Ли, Юрий Виссарионович	https://ru.wikipedia.org/wiki/%D0%9B%D0%B8,_%D0%AE%D1%80%D0%B8%D0%B9_%D0%92%D0%B8%D1%81%D1%81%D0%B0%D1%80%D0%B8%D0%BE%D0%BD%D0%BE%D0%B2%D0%B8%D1%87	9229210	Q112991645	100	exact-title,name-tokens:3/3,birth-year-match,context:депутат,казахстана	Юрий Виссарионович Ли (род. 10 апреля 1977 года, Алма-Ата, Казахская ССР) — казахстанский политический и общественный деятель. Депутат Мажилиса Парламента Казахстана VII созыва (2021—2023).	SUGGESTED	
ak_zhol	31	Ли Юрий Виссарионович	1977	ru	2	Сталин, Иосиф Виссарионович	https://ru.wikipedia.org/wiki/%D0%A1%D1%82%D0%B0%D0%BB%D0%B8%D0%BD,_%D0%98%D0%BE%D1%81%D0%B8%D1%84_%D0%92%D0%B8%D1%81%D1%81%D0%B0%D1%80%D0%B8%D0%BE%D0%BD%D0%BE%D0%B2%D0%B8%D1%87	3010	Q855	45	surname-in-title,name-tokens:2/3,context:генеральный	Ио́сиф Виссарио́нович Ста́лин (фамилия при рождении — Джугашви́ли, груз. იოსებ ჯუღაშვილი; 6 [18] декабря 1878, Гори, Тифлисская губерния, Российская империя — 5 марта 1953, Ближняя дача, село Волынское, Кунцевский район, Московская область, РСФСР, СССР) — российский революционер, советский политический, государственный, военный и партийный деятель, один из основателей и многолетний фактический лидер Советского Союза, одна из самых известных и влиятельных личностей XX века. Генеральный секретарь ЦК РКП(б) — ВКП(б) (1922—1934), секретарь ЦК ВКП(б) — КПСС (1934—1953), народный комиссар обороны СССР (1941—1946), председатель Совнаркома СССР и Совета Министров СССР (1941—1953), председатель Государственного...	SUGGESTED	
ak_zhol	31	Ли Юрий Виссарионович	1977	kk	0					0	no-suggestion-above-threshold		NO_SUGGESTION	
ak_zhol	32	Линник Андрей Григорьевич	1974	ru	1	Линник, Андрей Григорьевич	https://ru.wikipedia.org/wiki/%D0%9B%D0%B8%D0%BD%D0%BD%D0%B8%D0%BA,_%D0%90%D0%BD%D0%B4%D1%80%D0%B5%D0%B9_%D0%93%D1%80%D0%B8%D0%B3%D0%BE%D1%80%D1%8C%D0%B5%D0%B2%D0%B8%D1%87	9867294	Q115000973	100	exact-title,name-tokens:3/3,birth-year-match,context:депутат	Андрей Григорьевич Линник (род. 22 марта 1974 года, село Ново-Воскресеновка, Меркенский район, Джамбулская область, Казахская ССР) — казахстанский политический деятель, депутат Мажилиса Парламента Казахстана VII созыва (2021—2022).	SUGGESTED	
ak_zhol	32	Линник Андрей Григорьевич	1974	kk	0					0	no-suggestion-above-threshold		NO_SUGGESTION	
ak_zhol	33	Логутов Константин Николаевич	1981	ru	0					0	no-suggestion-above-threshold		NO_SUGGESTION	
ak_zhol	33	Логутов Константин Николаевич	1981	kk	0					0	no-suggestion-above-threshold		NO_SUGGESTION	
ak_zhol	34	Малимов Бакдаулет Алиакбарович	1985	ru	0					0	no-suggestion-above-threshold		NO_SUGGESTION	
ak_zhol	34	Малимов Бакдаулет Алиакбарович	1985	kk	0					0	no-suggestion-above-threshold		NO_SUGGESTION	
ak_zhol	35	Мендыханов Алим Болатулы	1994	ru	0					0	no-suggestion-above-threshold		NO_SUGGESTION	
ak_zhol	35	Мендыханов Алим Болатулы	1994	kk	0					0	no-suggestion-above-threshold		NO_SUGGESTION	
ak_zhol	36	Мергалиев Аскар Серикович	1981	ru	0					0	no-suggestion-above-threshold		NO_SUGGESTION	
ak_zhol	36	Мергалиев Аскар Серикович	1981	kk	0					0	no-suggestion-above-threshold		NO_SUGGESTION	
ak_zhol	37	Микрюков Виктор Николаевич	1981	ru	0					0	no-suggestion-above-threshold		NO_SUGGESTION	
ak_zhol	37	Микрюков Виктор Николаевич	1981	kk	0					0	no-suggestion-above-threshold		NO_SUGGESTION	
ak_zhol	38	Мусапарбеков Канат Жантуякович	1963	ru	0					0	no-suggestion-above-threshold		NO_SUGGESTION	
ak_zhol	38	Мусапарбеков Канат Жантуякович	1963	kk	0					0	no-suggestion-above-threshold		NO_SUGGESTION	
ak_zhol	39	Найзакулов Бауыржан Онланбекулы	1980	ru	0					0	no-suggestion-above-threshold		NO_SUGGESTION	
ak_zhol	39	Найзакулов Бауыржан Онланбекулы	1980	kk	0					0	no-suggestion-above-threshold		NO_SUGGESTION	
ak_zhol	40	Нуралдинов Олжас Ельтайулы	1989	ru	1	Нуралдинов, Олжас Ельтайулы	https://ru.wikipedia.org/wiki/%D0%9D%D1%83%D1%80%D0%B0%D0%BB%D0%B4%D0%B8%D0%BD%D0%BE%D0%B2,_%D0%9E%D0%BB%D0%B6%D0%B0%D1%81_%D0%95%D0%BB%D1%8C%D1%82%D0%B0%D0%B9%D1%83%D0%BB%D1%8B	11294539	Q136817328	100	exact-title,name-tokens:3/3,birth-year-match,context:депутат,казахстан,мажилиса,парламента,рк	Нуралдинов Олжас Ельтайұлы (каз. Нұрәлдинов Олжас Ельтайұлы; род. 13 января 1989, Казахстан) — казахстанский государственный, политический и общественный деятель. Депутат Мажилиса Парламента РК (VIII созыва), член Демократической партии Казахстана «Ақ жол» с 2025 до упразднения Парламента в 2026 году.	SUGGESTED	
ak_zhol	40	Нуралдинов Олжас Ельтайулы	1989	kk	0					0	no-suggestion-above-threshold		NO_SUGGESTION	
ak_zhol	41	Өмірғали Ерлік Қайдарұлы	1979	ru	0					0	no-suggestion-above-threshold		NO_SUGGESTION	
ak_zhol	41	Өмірғали Ерлік Қайдарұлы	1979	kk	0					0	no-suggestion-above-threshold		NO_SUGGESTION	
ak_zhol	42	Перуашев Азат Турлыбекулы	1967	ru	1	Перуашев, Азат Турлыбекулы	https://ru.wikipedia.org/wiki/%D0%9F%D0%B5%D1%80%D1%83%D0%B0%D1%88%D0%B5%D0%B2,_%D0%90%D0%B7%D0%B0%D1%82_%D0%A2%D1%83%D1%80%D0%BB%D1%8B%D0%B1%D0%B5%D0%BA%D1%83%D0%BB%D1%8B	3884228	Q17489784	92	exact-title,name-tokens:3/3,context:депутат,казахстан,мажилиса,парламента	Аза́т Турлыбе́кулы Перуа́шев (каз. Азат Тұрлыбекұлы Перуашев; 8 сентября 1967, Ыргайты, Кордайский район, Жамбылская область, Казахская ССР, СССР) — казахстанский политик и депутат Мажилиса Парламента Казахстан с 2012 по 2026 годы. Председатель партии «Ак жол» с 2011 по 2026 годы. Полный кавалер ордена «Барыс».	SUGGESTED	
ak_zhol	42	Перуашев Азат Турлыбекулы	1967	kk	0					0	no-suggestion-above-threshold		NO_SUGGESTION	
ak_zhol	43	Ракишева Алия Булатовна	1987	ru	0					0	no-suggestion-above-threshold		NO_SUGGESTION	
ak_zhol	43	Ракишева Алия Булатовна	1987	kk	0					0	no-suggestion-above-threshold		NO_SUGGESTION	
ak_zhol	44	Раманкулов Максат Базаралыевич	1974	ru	0					0	no-suggestion-above-threshold		NO_SUGGESTION	
ak_zhol	44	Раманкулов Максат Базаралыевич	1974	kk	0					0	no-suggestion-above-threshold		NO_SUGGESTION	
ak_zhol	45	Сағымбекұлы Абзалбек	1972	ru	0					0	no-suggestion-above-threshold		NO_SUGGESTION	
ak_zhol	45	Сағымбекұлы Абзалбек	1972	kk	0					0	no-suggestion-above-threshold		NO_SUGGESTION	
ak_zhol	46	Салыкбаев Абзал Мырзаханович	1990	ru	0					0	no-suggestion-above-threshold		NO_SUGGESTION	
ak_zhol	46	Салыкбаев Абзал Мырзаханович	1990	kk	0					0	no-suggestion-above-threshold		NO_SUGGESTION	
ak_zhol	47	Сартбаев Сакен Сатвалдиевич	1971	ru	0					0	no-suggestion-above-threshold		NO_SUGGESTION	
ak_zhol	47	Сартбаев Сакен Сатвалдиевич	1971	kk	0					0	no-suggestion-above-threshold		NO_SUGGESTION	
ak_zhol	48	Сергазинова Александра Кабдуллаевна	1969	ru	0					0	no-suggestion-above-threshold		NO_SUGGESTION	
ak_zhol	48	Сергазинова Александра Кабдуллаевна	1969	kk	0					0	no-suggestion-above-threshold		NO_SUGGESTION	
ak_zhol	49	Смагулов Аскар Сайлаубекович	1970	ru	0					0	no-suggestion-above-threshold		NO_SUGGESTION	
ak_zhol	49	Смагулов Аскар Сайлаубекович	1970	kk	0					0	no-suggestion-above-threshold		NO_SUGGESTION	
ak_zhol	50	Смагулов Рустем Сагадатович	1991	ru	0					0	no-suggestion-above-threshold		NO_SUGGESTION	
ak_zhol	50	Смагулов Рустем Сагадатович	1991	kk	0					0	no-suggestion-above-threshold		NO_SUGGESTION	
ak_zhol	51	Сыздыков Саят Толегенулы	1977	ru	0					0	no-suggestion-above-threshold		NO_SUGGESTION	
ak_zhol	51	Сыздыков Саят Толегенулы	1977	kk	0					0	no-suggestion-above-threshold		NO_SUGGESTION	
ak_zhol	52	Тастекей Дулат Тұрсынұлы	1982	ru	0					0	no-suggestion-above-threshold		NO_SUGGESTION	
ak_zhol	52	Тастекей Дулат Тұрсынұлы	1982	kk	1	Дулат Тұрсынұлы Тастекей	https://kk.wikipedia.org/wiki/%D0%94%D1%83%D0%BB%D0%B0%D1%82_%D0%A2%D2%B1%D1%80%D1%81%D1%8B%D0%BD%D2%B1%D0%BB%D1%8B_%D0%A2%D0%B0%D1%81%D1%82%D0%B5%D0%BA%D0%B5%D0%B9	635711	Q97211898	59	surname-in-title,name-tokens:3/3,context:group,tas,қазақстан	Дулат Тұрсынұлы Тастекей (22 маусым, 1982 жыл, Екпін ауылы, Тарбағатай ауданы, Шығыс Қазақстан облысы) — қазақстандық кәсіпкер, меценат, «TAS GROUP» компаниялар тобының негізін қалаушы және басқарушысы. «Assyltas» қоғамдық қорының құрылтайшысы, Халықаралық Қазақ тілі қоғамы қоғамдық бірлестігінің вице-президенті (2023 жылдан – қазіргі уақытқа дейін).	SUGGESTED	
ak_zhol	53	Тлеужанов Ержан Хамитович	1989	ru	0					0	no-suggestion-above-threshold		NO_SUGGESTION	
ak_zhol	53	Тлеужанов Ержан Хамитович	1989	kk	0					0	no-suggestion-above-threshold		NO_SUGGESTION	
ak_zhol	54	Тулебаев Исламбек Насруллаевич	1980	ru	0					0	no-suggestion-above-threshold		NO_SUGGESTION	
ak_zhol	54	Тулебаев Исламбек Насруллаевич	1980	kk	0					0	no-suggestion-above-threshold		NO_SUGGESTION	
ak_zhol	55	Тулегенова Акманат Муратовна	1979	ru	0					0	no-suggestion-above-threshold		NO_SUGGESTION	
ak_zhol	55	Тулегенова Акманат Муратовна	1979	kk	0					0	no-suggestion-above-threshold		NO_SUGGESTION	
ak_zhol	56	Уткин Сергей Геннадьевич	1965	ru	0					0	no-suggestion-above-threshold		NO_SUGGESTION	
ak_zhol	56	Уткин Сергей Геннадьевич	1965	kk	0					0	no-suggestion-above-threshold		NO_SUGGESTION	
ak_zhol	57	Хамзин Ғани Булатұлы	1994	ru	0					0	no-suggestion-above-threshold		NO_SUGGESTION	
ak_zhol	57	Хамзин Ғани Булатұлы	1994	kk	0					0	no-suggestion-above-threshold		NO_SUGGESTION	
ak_zhol	58	Хасанов Ержан Кайржанович	1975	ru	0					0	no-suggestion-above-threshold		NO_SUGGESTION	
ak_zhol	58	Хасанов Ержан Кайржанович	1975	kk	0					0	no-suggestion-above-threshold		NO_SUGGESTION	
ak_zhol	59	Шагимолдин Ержан Омирканович	1985	ru	0					0	no-suggestion-above-threshold		NO_SUGGESTION	
ak_zhol	59	Шагимолдин Ержан Омирканович	1985	kk	0					0	no-suggestion-above-threshold		NO_SUGGESTION	
ak_zhol	60	Шардинов Бахтияр Ахметжанович	1972	ru	0					0	no-suggestion-above-threshold		NO_SUGGESTION	
ak_zhol	60	Шардинов Бахтияр Ахметжанович	1972	kk	0					0	no-suggestion-above-threshold		NO_SUGGESTION	
ak_zhol	61	Шимиров Мухтар Аскарович	1982	ru	0					0	no-suggestion-above-threshold		NO_SUGGESTION	
ak_zhol	61	Шимиров Мухтар Аскарович	1982	kk	0					0	no-suggestion-above-threshold		NO_SUGGESTION	
ak_zhol	62	Шынасилова Мейраш	1971	ru	0					0	no-suggestion-above-threshold		NO_SUGGESTION	
ak_zhol	62	Шынасилова Мейраш	1971	kk	0					0	no-suggestion-above-threshold		NO_SUGGESTION	
ak_zhol	63	Юсупов Ермеккалий Тулепкалиевич	1965	ru	0					0	no-suggestion-above-threshold		NO_SUGGESTION	
ak_zhol	63	Юсупов Ермеккалий Тулепкалиевич	1965	kk	0					0	no-suggestion-above-threshold		NO_SUGGESTION	
auyl	1	Абден Қарақат Жақсылыққызы	1974	ru	1	Абден, Каракат Жаксылыккызы	https://ru.wikipedia.org/wiki/%D0%90%D0%B1%D0%B4%D0%B5%D0%BD,_%D0%9A%D0%B0%D1%80%D0%B0%D0%BA%D0%B0%D1%82_%D0%96%D0%B0%D0%BA%D1%81%D1%8B%D0%BB%D1%8B%D0%BA%D0%BA%D1%8B%D0%B7%D1%8B	9972927	Q114900150	56	surname-in-title,name-tokens:3/3,context:депутат,казахстан	Каракат Жаксылыккызы Абден (каз. Қарақат Жақсылыққызы Абден, 7 мая 1974 года) — казахстанский политик, депутат VIII созыва нижней палаты Парламента Казахстана с 2023 до упразднения Парламента в 2026 году, выдвигалась кандидатом в президенты Республики Казахстан от РОО «Национальный альянс профессиональных социальных работников» на внеочередных президентских выборах в 2022 году. Согласно данным Центральной избирательной комисии РК Каракат Абден набрала 2,6 % голосов (206 206). с 2016 по 2021 год депутат городского маслихата Астаны. С 2013 года в настоящее время возглавляет общественное объединение «Қазақ кызы». Абден известна как автор книги «Ты казашка. Гордись!» (каз. Сен қазақтың қызысың. Мақтан...	SUGGESTED	
auyl	1	Абден Қарақат Жақсылыққызы	1974	kk	0					0	no-suggestion-above-threshold		NO_SUGGESTION	
auyl	2	Абдижаппаров Жандос	1991	ru	0					0	no-suggestion-above-threshold		NO_SUGGESTION	
auyl	2	Абдижаппаров Жандос	1991	kk	0					0	no-suggestion-above-threshold		NO_SUGGESTION	
auyl	3	Абдуразакова София Ринатовна	1979	ru	0					0	no-suggestion-above-threshold		NO_SUGGESTION	
auyl	3	Абдуразакова София Ринатовна	1979	kk	0					0	no-suggestion-above-threshold		NO_SUGGESTION	
auyl	4	Абдыханов Улан Аманбекович	1974	ru	0					0	no-suggestion-above-threshold		NO_SUGGESTION	
auyl	4	Абдыханов Улан Аманбекович	1974	kk	0					0	no-suggestion-above-threshold		NO_SUGGESTION	
auyl	5	Абитаев Фарид Кумашевич	1966	ru	0					0	no-suggestion-above-threshold		NO_SUGGESTION	
auyl	5	Абитаев Фарид Кумашевич	1966	kk	0					0	no-suggestion-above-threshold		NO_SUGGESTION	
auyl	6	Айтбаев Талгат Ергенович	1966	ru	0					0	no-suggestion-above-threshold		NO_SUGGESTION	
auyl	6	Айтбаев Талгат Ергенович	1966	kk	0					0	no-suggestion-above-threshold		NO_SUGGESTION	
auyl	7	Айтуганов Кайрат Капарович	1962	ru	1	Айтуганов, Кайрат Капарович	https://ru.wikipedia.org/wiki/%D0%90%D0%B9%D1%82%D1%83%D0%B3%D0%B0%D0%BD%D0%BE%D0%B2,_%D0%9A%D0%B0%D0%B9%D1%80%D0%B0%D1%82_%D0%9A%D0%B0%D0%BF%D0%B0%D1%80%D0%BE%D0%B2%D0%B8%D1%87	11534119	Q140345417	100	exact-title,name-tokens:3/3,birth-year-match,context:ауыл,партии,председатель	Кайра́т Капа́рович Айтуга́нов (каз. Қайрат Қапарұлы Айтуғанов; род. 12 апреля 1962, Ленинградское, Акжарский район, Северо-Казахстанская область, Казахская ССР, СССР) — казахстанский государственный деятель и агроном. Председатель партии «Ауыл» с 2026 года. Ректор Казахского агротехнического университета с 2020 по 2022 годы. Первый заместитель министра сельского хозяйства Казахстана с 2016 по 2018 годы. Доктор экономических наук (2009).	SUGGESTED	
auyl	7	Айтуганов Кайрат Капарович	1962	kk	0					0	no-suggestion-above-threshold		NO_SUGGESTION	
auyl	8	Алдашбаев Сәкен Мінуарұлы	1980	ru	0					0	no-suggestion-above-threshold		NO_SUGGESTION	
auyl	8	Алдашбаев Сәкен Мінуарұлы	1980	kk	0					0	no-suggestion-above-threshold		NO_SUGGESTION	
auyl	9	Алтангадас Жанат	1983	ru	0					0	no-suggestion-above-threshold		NO_SUGGESTION	
auyl	9	Алтангадас Жанат	1983	kk	0					0	no-suggestion-above-threshold		NO_SUGGESTION	
auyl	10	Ануарбеков Жакыпбек Жылкыбаевич	1983	ru	0					0	no-suggestion-above-threshold		NO_SUGGESTION	
auyl	10	Ануарбеков Жакыпбек Жылкыбаевич	1983	kk	0					0	no-suggestion-above-threshold		NO_SUGGESTION	
auyl	11	Арсютин Николай Геннадьевич	1970	ru	1	Арсютин, Николай Геннадьевич	https://ru.wikipedia.org/wiki/%D0%90%D1%80%D1%81%D1%8E%D1%82%D0%B8%D0%BD,_%D0%9D%D0%B8%D0%BA%D0%BE%D0%BB%D0%B0%D0%B9_%D0%93%D0%B5%D0%BD%D0%BD%D0%B0%D0%B4%D1%8C%D0%B5%D0%B2%D0%B8%D1%87	11304699	Q136817499	100	exact-title,name-tokens:3/3,birth-year-match,context:ауыл,депутат,казахстан,партии	Николай Геннадьевич Арсютин (род. 13 января 1970, Павлодар) — казахстанский государственный деятель, депутат Мажилиса Парламента Республики Казахстан VIII созыва от партии «Ауыл» с 2023 до упразднения Парламента в 2026 году.	SUGGESTED	
auyl	11	Арсютин Николай Геннадьевич	1970	kk	0					0	no-suggestion-above-threshold		NO_SUGGESTION	
auyl	12	Аскаров Канат Каирлыевич	1961	ru	0					0	no-suggestion-above-threshold		NO_SUGGESTION	
auyl	12	Аскаров Канат Каирлыевич	1961	kk	0					0	no-suggestion-above-threshold		NO_SUGGESTION	
auyl	13	Ахметова Балнур Сериковна	1984	ru	0					0	no-suggestion-above-threshold		NO_SUGGESTION	
auyl	13	Ахметова Балнур Сериковна	1984	kk	0					0	no-suggestion-above-threshold		NO_SUGGESTION	
auyl	14	Бабамуратов Даурен Абуталипович	1984	ru	0					0	no-suggestion-above-threshold		NO_SUGGESTION	
auyl	14	Бабамуратов Даурен Абуталипович	1984	kk	0					0	no-suggestion-above-threshold		NO_SUGGESTION	
auyl	15	Базилов Асхат Мауленович	1989	ru	0					0	no-suggestion-above-threshold		NO_SUGGESTION	
auyl	15	Базилов Асхат Мауленович	1989	kk	0					0	no-suggestion-above-threshold		NO_SUGGESTION	
auyl	16	Байжанов Нуртас Жарылгасинович	1988	ru	0					0	no-suggestion-above-threshold		NO_SUGGESTION	
auyl	16	Байжанов Нуртас Жарылгасинович	1988	kk	0					0	no-suggestion-above-threshold		NO_SUGGESTION	
auyl	17	Байкин Айдар Косымович	1986	ru	0					0	no-suggestion-above-threshold		NO_SUGGESTION	
auyl	17	Байкин Айдар Косымович	1986	kk	0					0	no-suggestion-above-threshold		NO_SUGGESTION	
auyl	18	Байманов Шахмардан Аскарович	1984	ru	0					0	no-suggestion-above-threshold		NO_SUGGESTION	
auyl	18	Байманов Шахмардан Аскарович	1984	kk	0					0	no-suggestion-above-threshold		NO_SUGGESTION	
auyl	19	Бегалиева Захира Онгарбаевна	1971	ru	0					0	no-suggestion-above-threshold		NO_SUGGESTION	
auyl	19	Бегалиева Захира Онгарбаевна	1971	kk	0					0	no-suggestion-above-threshold		NO_SUGGESTION	
auyl	20	Бекиев Канат Ботаевич	1959	ru	0					0	no-suggestion-above-threshold		NO_SUGGESTION	
auyl	20	Бекиев Канат Ботаевич	1959	kk	0					0	no-suggestion-above-threshold		NO_SUGGESTION	
auyl	21	Берікқожа Серікбол Қайратұлы	1991	ru	0					0	no-suggestion-above-threshold		NO_SUGGESTION	
auyl	21	Берікқожа Серікбол Қайратұлы	1991	kk	0					0	no-suggestion-above-threshold		NO_SUGGESTION	
auyl	22	Білеш Ерали Нұржанұлы	1999	ru	0					0	no-suggestion-above-threshold		NO_SUGGESTION	
auyl	22	Білеш Ерали Нұржанұлы	1999	kk	0					0	no-suggestion-above-threshold		NO_SUGGESTION	
auyl	23	Дайрабаев Жигули Молдакалыкович	1954	ru	1	Дайрабаев, Жигули Молдакалыкович	https://ru.wikipedia.org/wiki/%D0%94%D0%B0%D0%B9%D1%80%D0%B0%D0%B1%D0%B0%D0%B5%D0%B2,_%D0%96%D0%B8%D0%B3%D1%83%D0%BB%D0%B8_%D0%9C%D0%BE%D0%BB%D0%B4%D0%B0%D0%BA%D0%B0%D0%BB%D1%8B%D0%BA%D0%BE%D0%B2%D0%B8%D1%87	9903194	Q114347425	100	exact-title,name-tokens:3/3,birth-year-match,context:ауыл,депутат,казахстана,председатель,фермеров	Жигули́ Молдакалы́кович Дайраба́ев (каз. Жигули Молдахалықұлы Дайрабаев; род. 29 октября 1954) — казахстанский политический деятель, депутат Верховного совета Казахстана XII созыва (1990—1993) и VIII созыва Мажилиса Парламента Казахстана от НДПП Ауыл с 2023 до упразднения Парламента в 2026 году, председатель Ассоциации фермеров Казахстана, кандидат в президенты страны на выборах 2022 года.	SUGGESTED	
auyl	23	Дайрабаев Жигули Молдакалыкович	1954	ru	2	Дайрабаев	https://ru.wikipedia.org/wiki/%D0%94%D0%B0%D0%B9%D1%80%D0%B0%D0%B1%D0%B0%D0%B5%D0%B2	4411148		70	surname-in-title,name-tokens:3/3,birth-year-match	Дайрабаев (каз. Дайрабаев) — казахская фамилия. Известные носители: Дайрабаев, Жигули Молдакалыкович (род. 1954) — казахстанский политик. Дайрабаев, Рашид Якубжанович (1967—2013) — российский музыкальный менеджер и продюсер.	SUGGESTED	
auyl	23	Дайрабаев Жигули Молдакалыкович	1954	kk	1	Жигули Молдақалықұлы Дайрабаев	https://kk.wikipedia.org/wiki/%D0%96%D0%B8%D0%B3%D1%83%D0%BB%D0%B8_%D0%9C%D0%BE%D0%BB%D0%B4%D0%B0%D2%9B%D0%B0%D0%BB%D1%8B%D2%9B%D2%B1%D0%BB%D1%8B_%D0%94%D0%B0%D0%B9%D1%80%D0%B0%D0%B1%D0%B0%D0%B5%D0%B2	688750	Q114347425	45	surname-in-title,name-tokens:2/3,context:қазақстан	Жигули Молдақалықұлы Дайрабаев (29 қыркүйек 1954 жыл, Луговой ауданы, Жамбыл облысы) — қазақстандық саясаткер, ғалым агроном, 2023 жылдан бері Қазақстан Мәжілісі VIII шақырылымының депутаты және Қазақстан фермерлер қауымдастығының төрағасы. Дайрабаев бұрын Қазақстан Жоғарғы Кеңесі XII шақырылымының депутаты (1990–1995) болған және 2022 жылы Қазақстан президент сайлауындағы үміткерлердің бірі болды. 2023 жылғы 6 сәуірде екі ұлы, Марат Дайрабаев пен Дидар Молдақалық, 5 жылға бас бостандығынан айырылды. Бұның нәтижесінде Жигули Дайрабаев жанжалға ұшырады, бірақ депутаттығынан айырылған жоқ. Жигули Дайрабаев оларды кінәлі деп мойындамады.	SUGGESTED	
auyl	24	Двуреченский Андрей Валентинович	1976	ru	0					0	no-suggestion-above-threshold		NO_SUGGESTION	
auyl	24	Двуреченский Андрей Валентинович	1976	kk	0					0	no-suggestion-above-threshold		NO_SUGGESTION	
auyl	25	Джакашев Ернар Камидинович	1990	ru	0					0	no-suggestion-above-threshold		NO_SUGGESTION	
auyl	25	Джакашев Ернар Камидинович	1990	kk	0					0	no-suggestion-above-threshold		NO_SUGGESTION	
auyl	26	Джакупов Жаслан Кабибуллинович	1974	ru	0					0	no-suggestion-above-threshold		NO_SUGGESTION	
auyl	26	Джакупов Жаслан Кабибуллинович	1974	kk	0					0	no-suggestion-above-threshold		NO_SUGGESTION	
auyl	27	Досхожаев Ильяс Алмасханович	1989	ru	0					0	no-suggestion-above-threshold		NO_SUGGESTION	
auyl	27	Досхожаев Ильяс Алмасханович	1989	kk	0					0	no-suggestion-above-threshold		NO_SUGGESTION	
auyl	28	Егізбаев Серік Рахметоллаұлы	1963	ru	0					0	no-suggestion-above-threshold		NO_SUGGESTION	
auyl	28	Егізбаев Серік Рахметоллаұлы	1963	kk	1	Серік Рахметоллаұлы Егізбаев	https://kk.wikipedia.org/wiki/%D0%A1%D0%B5%D1%80%D1%96%D0%BA_%D0%A0%D0%B0%D1%85%D0%BC%D0%B5%D1%82%D0%BE%D0%BB%D0%BB%D0%B0%D2%B1%D0%BB%D1%8B_%D0%95%D0%B3%D1%96%D0%B7%D0%B1%D0%B0%D0%B5%D0%B2	754074	Q132775605	56	surname-in-title,name-tokens:3/3,context:ауыл,партия	Серік Рахметоллаұлы Егізбаев (22 сәуір 1963, Шағатай, Теректі ауданы, Орал облысы) — қазақстандық агроном-ғалым, мемлекет және партия қайраткері, 2023 жылдан бастап Парламент Мәжілісінің VIII сайланым депутаты және Аграрлық мәселелер комитетінің төрағасы. 2023–2026 жылдары Ауыл партиясының төрағасы. Экономика ғылымдарының кандидаты (2001).	SUGGESTED	
auyl	29	Жиенбаев Абзал Бахитович	1985	ru	0					0	no-suggestion-above-threshold		NO_SUGGESTION	
auyl	29	Жиенбаев Абзал Бахитович	1985	kk	0					0	no-suggestion-above-threshold		NO_SUGGESTION	
auyl	30	Жолдығали Алшын Әділханұлы	1994	ru	0					0	no-suggestion-above-threshold		NO_SUGGESTION	
auyl	30	Жолдығали Алшын Әділханұлы	1994	kk	0					0	no-suggestion-above-threshold		NO_SUGGESTION	
auyl	31	Жумагулова Диляра Темиргалиевна	1978	ru	0					0	no-suggestion-above-threshold		NO_SUGGESTION	
auyl	31	Жумагулова Диляра Темиргалиевна	1978	kk	0					0	no-suggestion-above-threshold		NO_SUGGESTION	
auyl	32	Идрисова Айнур Маратовна	1984	ru	0					0	no-suggestion-above-threshold		NO_SUGGESTION	
auyl	32	Идрисова Айнур Маратовна	1984	kk	0					0	no-suggestion-above-threshold		NO_SUGGESTION	
auyl	33	Иргибаев Мурат Саматович	1991	ru	0					0	no-suggestion-above-threshold		NO_SUGGESTION	
auyl	33	Иргибаев Мурат Саматович	1991	kk	0					0	no-suggestion-above-threshold		NO_SUGGESTION	
auyl	34	Исмаилов Арман Оразалиевич	1974	ru	0					0	no-suggestion-above-threshold		NO_SUGGESTION	
auyl	34	Исмаилов Арман Оразалиевич	1974	kk	0					0	no-suggestion-above-threshold		NO_SUGGESTION	
auyl	35	Каджибекова Ажар Елемесовна	1978	ru	0					0	no-suggestion-above-threshold		NO_SUGGESTION	
auyl	35	Каджибекова Ажар Елемесовна	1978	kk	0					0	no-suggestion-above-threshold		NO_SUGGESTION	
auyl	36	Калмуратов Торегельды Оразалиевич	1971	ru	0					0	no-suggestion-above-threshold		NO_SUGGESTION	
auyl	36	Калмуратов Торегельды Оразалиевич	1971	kk	0					0	no-suggestion-above-threshold		NO_SUGGESTION	
auyl	37	Карабеков Гани Ажединович	1968	ru	0					0	no-suggestion-above-threshold		NO_SUGGESTION	
auyl	37	Карабеков Гани Ажединович	1968	kk	0					0	no-suggestion-above-threshold		NO_SUGGESTION	
auyl	38	Каримбаев Сейтжапар Ноянович	1972	ru	0					0	no-suggestion-above-threshold		NO_SUGGESTION	
auyl	38	Каримбаев Сейтжапар Ноянович	1972	kk	0					0	no-suggestion-above-threshold		NO_SUGGESTION	
auyl	39	Киян Владимир Сергеевич	1985	ru	0					0	no-suggestion-above-threshold		NO_SUGGESTION	
auyl	39	Киян Владимир Сергеевич	1985	kk	0					0	no-suggestion-above-threshold		NO_SUGGESTION	
auyl	40	Клишина Ольга Геннадьевна	1961	ru	0					0	no-suggestion-above-threshold		NO_SUGGESTION	
auyl	40	Клишина Ольга Геннадьевна	1961	kk	0					0	no-suggestion-above-threshold		NO_SUGGESTION	
auyl	41	Конырбаев Ахметбек Байрозович	1962	ru	0					0	no-suggestion-above-threshold		NO_SUGGESTION	
auyl	41	Конырбаев Ахметбек Байрозович	1962	kk	0					0	no-suggestion-above-threshold		NO_SUGGESTION	
auyl	42	Курманбекова Слушаш Сатбековна	1963	ru	0					0	no-suggestion-above-threshold		NO_SUGGESTION	
auyl	42	Курманбекова Слушаш Сатбековна	1963	kk	0					0	no-suggestion-above-threshold		NO_SUGGESTION	
auyl	43	Қуатбаев Айбек Нурланұлы	1992	ru	0					0	no-suggestion-above-threshold		NO_SUGGESTION	
auyl	43	Қуатбаев Айбек Нурланұлы	1992	kk	0					0	no-suggestion-above-threshold		NO_SUGGESTION	
auyl	44	Мухаметжанов Арнур Сагиндыкович	1986	ru	0					0	no-suggestion-above-threshold		NO_SUGGESTION	
auyl	44	Мухаметжанов Арнур Сагиндыкович	1986	kk	0					0	no-suggestion-above-threshold		NO_SUGGESTION	
auyl	45	Мухаметов Алмас Ерекұлы	1992	ru	0					0	no-suggestion-above-threshold		NO_SUGGESTION	
auyl	45	Мухаметов Алмас Ерекұлы	1992	kk	0					0	no-suggestion-above-threshold		NO_SUGGESTION	
auyl	46	Мұқатов Қажғалей Сипуллаұлы	1962	ru	0					0	no-suggestion-above-threshold		NO_SUGGESTION	
auyl	46	Мұқатов Қажғалей Сипуллаұлы	1962	kk	0					0	no-suggestion-above-threshold		NO_SUGGESTION	
auyl	47	Мұстафа Садық Шоңмұрынұлы	1966	ru	0					0	no-suggestion-above-threshold		NO_SUGGESTION	
auyl	47	Мұстафа Садық Шоңмұрынұлы	1966	kk	0					0	no-suggestion-above-threshold		NO_SUGGESTION	
auyl	48	Нугманова Самал Болатовна	1973	ru	0					0	no-suggestion-above-threshold		NO_SUGGESTION	
auyl	48	Нугманова Самал Болатовна	1973	kk	0					0	no-suggestion-above-threshold		NO_SUGGESTION	
auyl	49	Нурбеков Болатжан Саймасаевич	1972	ru	0					0	no-suggestion-above-threshold		NO_SUGGESTION	
auyl	49	Нурбеков Болатжан Саймасаевич	1972	kk	0					0	no-suggestion-above-threshold		NO_SUGGESTION	
auyl	50	Озгамбаев Куанышбай Омирзакович	1968	ru	0					0	no-suggestion-above-threshold		NO_SUGGESTION	
auyl	50	Озгамбаев Куанышбай Омирзакович	1968	kk	0					0	no-suggestion-above-threshold		NO_SUGGESTION	
auyl	51	Омарова Гульназ Шинтуриновна	1973	ru	0					0	no-suggestion-above-threshold		NO_SUGGESTION	
auyl	51	Омарова Гульназ Шинтуриновна	1973	kk	0					0	no-suggestion-above-threshold		NO_SUGGESTION	
auyl	52	Ораш Нұрхат Серікқалиұлы	1994	ru	0					0	no-suggestion-above-threshold		NO_SUGGESTION	
auyl	52	Ораш Нұрхат Серікқалиұлы	1994	kk	0					0	no-suggestion-above-threshold		NO_SUGGESTION	
auyl	53	Разинков Александр Александрович	1982	ru	0					0	no-suggestion-above-threshold		NO_SUGGESTION	
auyl	53	Разинков Александр Александрович	1982	kk	0					0	no-suggestion-above-threshold		NO_SUGGESTION	
auyl	54	Райханова Динара Куанышевна	1979	ru	0					0	no-suggestion-above-threshold		NO_SUGGESTION	
auyl	54	Райханова Динара Куанышевна	1979	kk	0					0	no-suggestion-above-threshold		NO_SUGGESTION	
auyl	55	Рахымбек Дәурен Берікбайұлы	1998	ru	0					0	no-suggestion-above-threshold		NO_SUGGESTION	
auyl	55	Рахымбек Дәурен Берікбайұлы	1998	kk	0					0	no-suggestion-above-threshold		NO_SUGGESTION	
auyl	56	Рзаханов Максат Кикбаевич	1966	ru	0					0	no-suggestion-above-threshold		NO_SUGGESTION	
auyl	56	Рзаханов Максат Кикбаевич	1966	kk	0					0	no-suggestion-above-threshold		NO_SUGGESTION	
auyl	57	Савин Тимур Владимирович	1983	ru	0					0	no-suggestion-above-threshold		NO_SUGGESTION	
auyl	57	Савин Тимур Владимирович	1983	kk	0					0	no-suggestion-above-threshold		NO_SUGGESTION	
auyl	58	Сағындықұлы Бекен	1965	ru	0					0	no-suggestion-above-threshold		NO_SUGGESTION	
auyl	58	Сағындықұлы Бекен	1965	kk	0					0	no-suggestion-above-threshold		NO_SUGGESTION	
auyl	59	Саурыков Ерболат Байузакович	1971	ru	1	Саурыков, Ерболат Байузакович	https://ru.wikipedia.org/wiki/%D0%A1%D0%B0%D1%83%D1%80%D1%8B%D0%BA%D0%BE%D0%B2,_%D0%95%D1%80%D0%B1%D0%BE%D0%BB%D0%B0%D1%82_%D0%91%D0%B0%D0%B9%D1%83%D0%B7%D0%B0%D0%BA%D0%BE%D0%B2%D0%B8%D1%87	10991399	Q133797887	100	exact-title,name-tokens:3/3,birth-year-match,context:казахстан	Ерболат Байузакович Саурыков (каз. Ерболат Байұзақұлы Саурықов, род. 12 сентября 1971) — казахстанский учёный, государственный деятель, член Комитета по международным делам, обороне и безопасности Мажилиса Парламента Республики Казахстан VIII созыва с 2023 до упразднения Парламента в 2026 году. Доктор филологических наук (2010).	SUGGESTED	
auyl	59	Саурыков Ерболат Байузакович	1971	kk	0					0	no-suggestion-above-threshold		NO_SUGGESTION	
auyl	60	Сәрсенбаев Марлен Ибрагимұлы	1989	ru	0					0	no-suggestion-above-threshold		NO_SUGGESTION	
auyl	60	Сәрсенбаев Марлен Ибрагимұлы	1989	kk	0					0	no-suggestion-above-threshold		NO_SUGGESTION	
auyl	61	Султанкулова Жазира Кайратовна	1980	ru	0					0	no-suggestion-above-threshold		NO_SUGGESTION	
auyl	61	Султанкулова Жазира Кайратовна	1980	kk	0					0	no-suggestion-above-threshold		NO_SUGGESTION	
auyl	62	Сүйін Бейімбет Жұмабекұлы	1993	ru	0					0	no-suggestion-above-threshold		NO_SUGGESTION	
auyl	62	Сүйін Бейімбет Жұмабекұлы	1993	kk	0					0	no-suggestion-above-threshold		NO_SUGGESTION	
auyl	63	Тастанбекова Гульнара Рахимбердыевна	1973	ru	0					0	no-suggestion-above-threshold		NO_SUGGESTION	
auyl	63	Тастанбекова Гульнара Рахимбердыевна	1973	kk	0					0	no-suggestion-above-threshold		NO_SUGGESTION	
auyl	64	Токсеитова Рабига Альбековна	1962	ru	0					0	no-suggestion-above-threshold		NO_SUGGESTION	
auyl	64	Токсеитова Рабига Альбековна	1962	kk	0					0	no-suggestion-above-threshold		NO_SUGGESTION	
auyl	65	Траисова Эльмара Аскаровна	1967	ru	1	Траисова, Эльмара Аскаровна	https://ru.wikipedia.org/wiki/%D0%A2%D1%80%D0%B0%D0%B8%D1%81%D0%BE%D0%B2%D0%B0,_%D0%AD%D0%BB%D1%8C%D0%BC%D0%B0%D1%80%D0%B0_%D0%90%D1%81%D0%BA%D0%B0%D1%80%D0%BE%D0%B2%D0%BD%D0%B0	10959270	Q133797580	95	exact-title,name-tokens:3/3,context:асана,гимназия,тайманова,уральск,учитель	Эльмара Аскаровна Траисова (каз. Эльмара Асқарқызы Траисова; 20 июня 1967; с. Джамбейты, Западно-Казахстанская область, КазССР, СССР) — казахстанский школьный педагог, учитель КГУ «Школа-гимназия № 34 имени Асана Тайманова», город Уральск. Герой Труда Казахстана (2024).	SUGGESTED	
auyl	65	Траисова Эльмара Аскаровна	1967	kk	0					0	no-suggestion-above-threshold		NO_SUGGESTION	
auyl	66	Тулеуова Камшат Шакирбековна	1985	ru	0					0	no-suggestion-above-threshold		NO_SUGGESTION	
auyl	66	Тулеуова Камшат Шакирбековна	1985	kk	0					0	no-suggestion-above-threshold		NO_SUGGESTION	
auyl	67	Турмухамбетова Анар Акылбековна	1969	ru	0					0	no-suggestion-above-threshold		NO_SUGGESTION	
auyl	67	Турмухамбетова Анар Акылбековна	1969	kk	0					0	no-suggestion-above-threshold		NO_SUGGESTION	
auyl	68	Турумбаева Жанна Куатовна	1981	ru	0					0	no-suggestion-above-threshold		NO_SUGGESTION	
auyl	68	Турумбаева Жанна Куатовна	1981	kk	0					0	no-suggestion-above-threshold		NO_SUGGESTION	
auyl	69	Устемирова Айнагуль Амантаевна	1982	ru	0					0	no-suggestion-above-threshold		NO_SUGGESTION	
auyl	69	Устемирова Айнагуль Амантаевна	1982	kk	0					0	no-suggestion-above-threshold		NO_SUGGESTION	
baitaq	1	Абдуалиева Айгуль Кадесовна	1974	ru	0					0	no-suggestion-above-threshold		NO_SUGGESTION	
baitaq	1	Абдуалиева Айгуль Кадесовна	1974	kk	0					0	no-suggestion-above-threshold		NO_SUGGESTION	
baitaq	2	Айбеков Елдос Айбекұлы	1990	ru	0					0	no-suggestion-above-threshold		NO_SUGGESTION	
baitaq	2	Айбеков Елдос Айбекұлы	1990	kk	0					0	no-suggestion-above-threshold		NO_SUGGESTION	
baitaq	3	Амиртаев Азаматхан Сайлауович	1978	ru	0					0	no-suggestion-above-threshold		NO_SUGGESTION	
baitaq	3	Амиртаев Азаматхан Сайлауович	1978	kk	0					0	no-suggestion-above-threshold		NO_SUGGESTION	
baitaq	4	Амиртаев Сапар Абдраманович	1962	ru	0					0	no-suggestion-above-threshold		NO_SUGGESTION	
baitaq	4	Амиртаев Сапар Абдраманович	1962	kk	0					0	no-suggestion-above-threshold		NO_SUGGESTION	
baitaq	5	Аскаров Бекзат Ерикович	1988	ru	0					0	no-suggestion-above-threshold		NO_SUGGESTION	
baitaq	5	Аскаров Бекзат Ерикович	1988	kk	0					0	no-suggestion-above-threshold		NO_SUGGESTION	
baitaq	6	Әмірова Шолпан Кеңесқызы	1983	ru	0					0	no-suggestion-above-threshold		NO_SUGGESTION	
baitaq	6	Әмірова Шолпан Кеңесқызы	1983	kk	0					0	no-suggestion-above-threshold		NO_SUGGESTION	
baitaq	7	Байзаханов Аслан Адильханович	1988	ru	0					0	no-suggestion-above-threshold		NO_SUGGESTION	
baitaq	7	Байзаханов Аслан Адильханович	1988	kk	0					0	no-suggestion-above-threshold		NO_SUGGESTION	
baitaq	8	Байтемиров Турсынбек Шерниязович	1967	ru	0					0	no-suggestion-above-threshold		NO_SUGGESTION	
baitaq	8	Байтемиров Турсынбек Шерниязович	1967	kk	0					0	no-suggestion-above-threshold		NO_SUGGESTION	
baitaq	9	Баубек Нариман Асқарұлы	1982	ru	0					0	no-suggestion-above-threshold		NO_SUGGESTION	
baitaq	9	Баубек Нариман Асқарұлы	1982	kk	0					0	no-suggestion-above-threshold		NO_SUGGESTION	
baitaq	10	Баяжума Асылбек	1978	ru	0					0	no-suggestion-above-threshold		NO_SUGGESTION	
baitaq	10	Баяжума Асылбек	1978	kk	0					0	no-suggestion-above-threshold		NO_SUGGESTION	
baitaq	11	Бекахметов Габит Кайратович	1984	ru	0					0	no-suggestion-above-threshold		NO_SUGGESTION	
baitaq	11	Бекахметов Габит Кайратович	1984	kk	0					0	no-suggestion-above-threshold		NO_SUGGESTION	
baitaq	12	Деркач Марина Владимировна	1979	ru	0					0	no-suggestion-above-threshold		NO_SUGGESTION	
baitaq	12	Деркач Марина Владимировна	1979	kk	0					0	no-suggestion-above-threshold		NO_SUGGESTION	
baitaq	13	Джакишев Алмаз Ажибекович	1997	ru	0					0	no-suggestion-above-threshold		NO_SUGGESTION	
baitaq	13	Джакишев Алмаз Ажибекович	1997	kk	0					0	no-suggestion-above-threshold		NO_SUGGESTION	
baitaq	14	Джаппарова Ардак Сарсенбековна	1981	ru	0					0	no-suggestion-above-threshold		NO_SUGGESTION	
baitaq	14	Джаппарова Ардак Сарсенбековна	1981	kk	0					0	no-suggestion-above-threshold		NO_SUGGESTION	
baitaq	15	Досанов Абай Сабитович	1970	ru	0					0	no-suggestion-above-threshold		NO_SUGGESTION	
baitaq	15	Досанов Абай Сабитович	1970	kk	0					0	no-suggestion-above-threshold		NO_SUGGESTION	
baitaq	16	Иманалиев Аскар Муратович	1978	ru	0					0	no-suggestion-above-threshold		NO_SUGGESTION	
baitaq	16	Иманалиев Аскар Муратович	1978	kk	0					0	no-suggestion-above-threshold		NO_SUGGESTION	
baitaq	17	Иманбаев Айдос Бейбитович	1981	ru	0					0	no-suggestion-above-threshold		NO_SUGGESTION	
baitaq	17	Иманбаев Айдос Бейбитович	1981	kk	0					0	no-suggestion-above-threshold		NO_SUGGESTION	
baitaq	18	Кажиев Сериккан Ергалиевич	1967	ru	0					0	no-suggestion-above-threshold		NO_SUGGESTION	
baitaq	18	Кажиев Сериккан Ергалиевич	1967	kk	0					0	no-suggestion-above-threshold		NO_SUGGESTION	
baitaq	19	Каметов Бакыт Хабидуллаевич	1967	ru	0					0	no-suggestion-above-threshold		NO_SUGGESTION	
baitaq	19	Каметов Бакыт Хабидуллаевич	1967	kk	0					0	no-suggestion-above-threshold		NO_SUGGESTION	
baitaq	20	Камытбекова Сауле Жайлауовна	1969	ru	0					0	no-suggestion-above-threshold		NO_SUGGESTION	
baitaq	20	Камытбекова Сауле Жайлауовна	1969	kk	0					0	no-suggestion-above-threshold		NO_SUGGESTION	
baitaq	21	Кенжалиев Эльнар Багдаулетович	1978	ru	0					0	no-suggestion-above-threshold		NO_SUGGESTION	
baitaq	21	Кенжалиев Эльнар Багдаулетович	1978	kk	0					0	no-suggestion-above-threshold		NO_SUGGESTION	
baitaq	22	Кенжебекова Роза Темуркуловна	1971	ru	0					0	no-suggestion-above-threshold		NO_SUGGESTION	
baitaq	22	Кенжебекова Роза Темуркуловна	1971	kk	0					0	no-suggestion-above-threshold		NO_SUGGESTION	
baitaq	23	Керей Бекберген Дүйсенбайұлы	1971	ru	0					0	no-suggestion-above-threshold		NO_SUGGESTION	
baitaq	23	Керей Бекберген Дүйсенбайұлы	1971	kk	0					0	no-suggestion-above-threshold		NO_SUGGESTION	
baitaq	24	Краснокуцкий Андрей Анатольевич	1986	ru	0					0	no-suggestion-above-threshold		NO_SUGGESTION	
baitaq	24	Краснокуцкий Андрей Анатольевич	1986	kk	0					0	no-suggestion-above-threshold		NO_SUGGESTION	
baitaq	25	Кудеринов Мурат Тасбулатович	1977	ru	0					0	no-suggestion-above-threshold		NO_SUGGESTION	
baitaq	25	Кудеринов Мурат Тасбулатович	1977	kk	0					0	no-suggestion-above-threshold		NO_SUGGESTION	
baitaq	26	Кунгожин Алмаз Мухамбетович	1978	ru	0					0	no-suggestion-above-threshold		NO_SUGGESTION	
baitaq	26	Кунгожин Алмаз Мухамбетович	1978	kk	0					0	no-suggestion-above-threshold		NO_SUGGESTION	
baitaq	27	Кыдырбаев Ерлан Жайлаубаевич	1976	ru	0					0	no-suggestion-above-threshold		NO_SUGGESTION	
baitaq	27	Кыдырбаев Ерлан Жайлаубаевич	1976	kk	0					0	no-suggestion-above-threshold		NO_SUGGESTION	
baitaq	28	Қадырбаева Нұргүл Жұмахметқызы	1979	ru	0					0	no-suggestion-above-threshold		NO_SUGGESTION	
baitaq	28	Қадырбаева Нұргүл Жұмахметқызы	1979	kk	0					0	no-suggestion-above-threshold		NO_SUGGESTION	
baitaq	29	Қараш Алма	1977	ru	0					0	no-suggestion-above-threshold		NO_SUGGESTION	
baitaq	29	Қараш Алма	1977	kk	0					0	no-suggestion-above-threshold		NO_SUGGESTION	
baitaq	30	Мамытов Нургалый Киябаевич	1958	ru	0					0	no-suggestion-above-threshold		NO_SUGGESTION	
baitaq	30	Мамытов Нургалый Киябаевич	1958	kk	0					0	no-suggestion-above-threshold		NO_SUGGESTION	
baitaq	31	Мартель Владимир Александрович	1969	ru	0					0	no-suggestion-above-threshold		NO_SUGGESTION	
baitaq	31	Мартель Владимир Александрович	1969	kk	0					0	no-suggestion-above-threshold		NO_SUGGESTION	
baitaq	32	Махамбетова Назген Мансұрханқызы	1994	ru	0					0	no-suggestion-above-threshold		NO_SUGGESTION	
baitaq	32	Махамбетова Назген Мансұрханқызы	1994	kk	0					0	no-suggestion-above-threshold		NO_SUGGESTION	
baitaq	33	Мусаев Улан Жолдошбекович	1979	ru	0					0	no-suggestion-above-threshold		NO_SUGGESTION	
baitaq	33	Мусаев Улан Жолдошбекович	1979	kk	0					0	no-suggestion-above-threshold		NO_SUGGESTION	
baitaq	34	Мұратұлы Руслан	1989	ru	0					0	no-suggestion-above-threshold		NO_SUGGESTION	
baitaq	34	Мұратұлы Руслан	1989	kk	0					0	no-suggestion-above-threshold		NO_SUGGESTION	
baitaq	35	Ордабеков Айдос Бахытжанулы	1988	ru	0					0	no-suggestion-above-threshold		NO_SUGGESTION	
baitaq	35	Ордабеков Айдос Бахытжанулы	1988	kk	0					0	no-suggestion-above-threshold		NO_SUGGESTION	
baitaq	36	Ордабеков Алтай Еркебекович	1980	ru	0					0	no-suggestion-above-threshold		NO_SUGGESTION	
baitaq	36	Ордабеков Алтай Еркебекович	1980	kk	0					0	no-suggestion-above-threshold		NO_SUGGESTION	
baitaq	37	Өміртай Амалбек Даркенұлы	1994	ru	0					0	no-suggestion-above-threshold		NO_SUGGESTION	
baitaq	37	Өміртай Амалбек Даркенұлы	1994	kk	0					0	no-suggestion-above-threshold		NO_SUGGESTION	
baitaq	38	Сабурова Нургул Едигеевна	1982	ru	0					0	no-suggestion-above-threshold		NO_SUGGESTION	
baitaq	38	Сабурова Нургул Едигеевна	1982	kk	0					0	no-suggestion-above-threshold		NO_SUGGESTION	
baitaq	39	Сагимбаев Таир Амантаевич	1983	ru	0					0	no-suggestion-above-threshold		NO_SUGGESTION	
baitaq	39	Сагимбаев Таир Амантаевич	1983	kk	0					0	no-suggestion-above-threshold		NO_SUGGESTION	
baitaq	40	Садинов Самат Камысбаевич	1990	ru	0					0	no-suggestion-above-threshold		NO_SUGGESTION	
baitaq	40	Садинов Самат Камысбаевич	1990	kk	0					0	no-suggestion-above-threshold		NO_SUGGESTION	
baitaq	41	Сексенова Айман Казиевна	1980	ru	0					0	no-suggestion-above-threshold		NO_SUGGESTION	
baitaq	41	Сексенова Айман Казиевна	1980	kk	0					0	no-suggestion-above-threshold		NO_SUGGESTION	
baitaq	42	Серикбаев Айбол Усенович	1990	ru	0					0	no-suggestion-above-threshold		NO_SUGGESTION	
baitaq	42	Серикбаев Айбол Усенович	1990	kk	0					0	no-suggestion-above-threshold		NO_SUGGESTION	
baitaq	43	Скаков Ануарбек Адылбекович	1980	ru	0					0	no-suggestion-above-threshold		NO_SUGGESTION	
baitaq	43	Скаков Ануарбек Адылбекович	1980	kk	0					0	no-suggestion-above-threshold		NO_SUGGESTION	
baitaq	44	Туртаев Алмат Керимбаевич	1969	ru	0					0	no-suggestion-above-threshold		NO_SUGGESTION	
baitaq	44	Туртаев Алмат Керимбаевич	1969	kk	0					0	no-suggestion-above-threshold		NO_SUGGESTION	
baitaq	45	Туртаев Болат Талгасулы	1992	ru	0					0	no-suggestion-above-threshold		NO_SUGGESTION	
baitaq	45	Туртаев Болат Талгасулы	1992	kk	0					0	no-suggestion-above-threshold		NO_SUGGESTION	
baitaq	46	Файзулин Тамирлан Банияминович	1990	ru	0					0	no-suggestion-above-threshold		NO_SUGGESTION	
baitaq	46	Файзулин Тамирлан Банияминович	1990	kk	0					0	no-suggestion-above-threshold		NO_SUGGESTION	
baitaq	47	Ысматуллаев Руслан Серікұлы	1990	ru	0					0	no-suggestion-above-threshold		NO_SUGGESTION	
baitaq	47	Ысматуллаев Руслан Серікұлы	1990	kk	0					0	no-suggestion-above-threshold		NO_SUGGESTION	
npk	1	Абдраймов Галимжан Райлович	1965	ru	0					0	no-suggestion-above-threshold		NO_SUGGESTION	
npk	1	Абдраймов Галимжан Райлович	1965	kk	0					0	no-suggestion-above-threshold		NO_SUGGESTION	
npk	2	Абдрахманов Темиржан Кайратович	1987	ru	0					0	no-suggestion-above-threshold		NO_SUGGESTION	
npk	2	Абдрахманов Темиржан Кайратович	1987	kk	0					0	no-suggestion-above-threshold		NO_SUGGESTION	
npk	3	Агибаев Алимбек Тулегенович	1981	ru	0					0	no-suggestion-above-threshold		NO_SUGGESTION	
npk	3	Агибаев Алимбек Тулегенович	1981	kk	0					0	no-suggestion-above-threshold		NO_SUGGESTION	
npk	4	Аккозиев Рахман Сейлханович	1963	ru	0					0	no-suggestion-above-threshold		NO_SUGGESTION	
npk	4	Аккозиев Рахман Сейлханович	1963	kk	0					0	no-suggestion-above-threshold		NO_SUGGESTION	
npk	5	Актаева Лязат Мейрашевна	1965	ru	0					0	no-suggestion-above-threshold		NO_SUGGESTION	
npk	5	Актаева Лязат Мейрашевна	1965	kk	0					0	no-suggestion-above-threshold		NO_SUGGESTION	
npk	6	Альмадиев Алибек Бекболатович	1994	ru	0					0	no-suggestion-above-threshold		NO_SUGGESTION	
npk	6	Альмадиев Алибек Бекболатович	1994	kk	0					0	no-suggestion-above-threshold		NO_SUGGESTION	
npk	7	Амантаев Кайыркен Калкенович	1975	ru	0					0	no-suggestion-above-threshold		NO_SUGGESTION	
npk	7	Амантаев Кайыркен Калкенович	1975	kk	0					0	no-suggestion-above-threshold		NO_SUGGESTION	
npk	8	Аппасова Найля Темиргалиевна	1980	ru	0					0	no-suggestion-above-threshold		NO_SUGGESTION	
npk	8	Аппасова Найля Темиргалиевна	1980	kk	0					0	no-suggestion-above-threshold		NO_SUGGESTION	
npk	9	Аргумбаев Данияр Даулеткелдиевич	1983	ru	0					0	no-suggestion-above-threshold		NO_SUGGESTION	
npk	9	Аргумбаев Данияр Даулеткелдиевич	1983	kk	0					0	no-suggestion-above-threshold		NO_SUGGESTION	
npk	10	Аскарбекова Акбота Маратовна	1988	ru	0					0	no-suggestion-above-threshold		NO_SUGGESTION	
npk	10	Аскарбекова Акбота Маратовна	1988	kk	0					0	no-suggestion-above-threshold		NO_SUGGESTION	
npk	11	Ауезова Эльмира Тугелбаевна	1970	ru	0					0	no-suggestion-above-threshold		NO_SUGGESTION	
npk	11	Ауезова Эльмира Тугелбаевна	1970	kk	0					0	no-suggestion-above-threshold		NO_SUGGESTION	
npk	12	Аукенов Мирас Серикбекович	1985	ru	0					0	no-suggestion-above-threshold		NO_SUGGESTION	
npk	12	Аукенов Мирас Серикбекович	1985	kk	0					0	no-suggestion-above-threshold		NO_SUGGESTION	
npk	13	Ахметов Алмат Сагындыкұлы	1975	ru	0					0	no-suggestion-above-threshold		NO_SUGGESTION	
npk	13	Ахметов Алмат Сагындыкұлы	1975	kk	0					0	no-suggestion-above-threshold		NO_SUGGESTION	
npk	14	Балажанова Ардак Байдилхановна	1977	ru	0					0	no-suggestion-above-threshold		NO_SUGGESTION	
npk	14	Балажанова Ардак Байдилхановна	1977	kk	0					0	no-suggestion-above-threshold		NO_SUGGESTION	
npk	15	Балыкбаева Асемгуль Асылбековна	1987	ru	0					0	no-suggestion-above-threshold		NO_SUGGESTION	
npk	15	Балыкбаева Асемгуль Асылбековна	1987	kk	0					0	no-suggestion-above-threshold		NO_SUGGESTION	
npk	16	Бегалинов Алибек Серикбекович	1987	ru	0					0	no-suggestion-above-threshold		NO_SUGGESTION	
npk	16	Бегалинов Алибек Серикбекович	1987	kk	0					0	no-suggestion-above-threshold		NO_SUGGESTION	
npk	17	Беглова Александра Леонидовна	1995	ru	0					0	no-suggestion-above-threshold		NO_SUGGESTION	
npk	17	Беглова Александра Леонидовна	1995	kk	0					0	no-suggestion-above-threshold		NO_SUGGESTION	
npk	18	Беркамалов Серик Нуртазаевич	1977	ru	0					0	no-suggestion-above-threshold		NO_SUGGESTION	
npk	18	Беркамалов Серик Нуртазаевич	1977	kk	0					0	no-suggestion-above-threshold		NO_SUGGESTION	
npk	19	Бидайбеков Жандос Зарипович	1979	ru	0					0	no-suggestion-above-threshold		NO_SUGGESTION	
npk	19	Бидайбеков Жандос Зарипович	1979	kk	0					0	no-suggestion-above-threshold		NO_SUGGESTION	
npk	20	Биякаев Нуржан Темиргалиевич	1976	ru	0					0	no-suggestion-above-threshold		NO_SUGGESTION	
npk	20	Биякаев Нуржан Темиргалиевич	1976	kk	0					0	no-suggestion-above-threshold		NO_SUGGESTION	
npk	21	Біләл Уатхан Қабылтайұлы	1995	ru	0					0	no-suggestion-above-threshold		NO_SUGGESTION	
npk	21	Біләл Уатхан Қабылтайұлы	1995	kk	0					0	no-suggestion-above-threshold		NO_SUGGESTION	
npk	22	Газиз Джанибек Газизұлы	1997	ru	0					0	no-suggestion-above-threshold		NO_SUGGESTION	
npk	22	Газиз Джанибек Газизұлы	1997	kk	0					0	no-suggestion-above-threshold		NO_SUGGESTION	
npk	23	Гноевой Игорь Андреевич	1996	ru	0					0	no-suggestion-above-threshold		NO_SUGGESTION	
npk	23	Гноевой Игорь Андреевич	1996	kk	0					0	no-suggestion-above-threshold		NO_SUGGESTION	
npk	24	Дигай Дамир Анатольевич	1990	ru	0					0	no-suggestion-above-threshold		NO_SUGGESTION	
npk	24	Дигай Дамир Анатольевич	1990	kk	0					0	no-suggestion-above-threshold		NO_SUGGESTION	
npk	25	Досмухамбетова Балжан Ибатовна	1964	ru	0					0	no-suggestion-above-threshold		NO_SUGGESTION	
npk	25	Досмухамбетова Балжан Ибатовна	1964	kk	0					0	no-suggestion-above-threshold		NO_SUGGESTION	
npk	26	Дудабаев Еркебулан Бакытович	1983	ru	0					0	no-suggestion-above-threshold		NO_SUGGESTION	
npk	26	Дудабаев Еркебулан Бакытович	1983	kk	0					0	no-suggestion-above-threshold		NO_SUGGESTION	
npk	27	Едильбаева Лаура Ибрагимовна	1965	ru	0					0	no-suggestion-above-threshold		NO_SUGGESTION	
npk	27	Едильбаева Лаура Ибрагимовна	1965	kk	0					0	no-suggestion-above-threshold		NO_SUGGESTION	
npk	28	Ерназаров Кайрат Шаршыбекович	1965	ru	0					0	no-suggestion-above-threshold		NO_SUGGESTION	
npk	28	Ерназаров Кайрат Шаршыбекович	1965	kk	0					0	no-suggestion-above-threshold		NO_SUGGESTION	
npk	29	Жанқұл Тамараасар Қалниязқызы	1976	ru	0					0	no-suggestion-above-threshold		NO_SUGGESTION	
npk	29	Жанқұл Тамараасар Қалниязқызы	1976	kk	0					0	no-suggestion-above-threshold		NO_SUGGESTION	
npk	30	Жапарова Асель Абилхановна	1986	ru	0					0	no-suggestion-above-threshold		NO_SUGGESTION	
npk	30	Жапарова Асель Абилхановна	1986	kk	0					0	no-suggestion-above-threshold		NO_SUGGESTION	
npk	31	Ибраимов Олжас Бекдаулетович	1986	ru	0					0	no-suggestion-above-threshold		NO_SUGGESTION	
npk	31	Ибраимов Олжас Бекдаулетович	1986	kk	0					0	no-suggestion-above-threshold		NO_SUGGESTION	
npk	32	Илиев Фарух Абдувалиевич	1984	ru	0					0	no-suggestion-above-threshold		NO_SUGGESTION	
npk	32	Илиев Фарух Абдувалиевич	1984	kk	0					0	no-suggestion-above-threshold		NO_SUGGESTION	
npk	33	Инкарбеков Улан Аскербекович	1970	ru	0					0	no-suggestion-above-threshold		NO_SUGGESTION	
npk	33	Инкарбеков Улан Аскербекович	1970	kk	0					0	no-suggestion-above-threshold		NO_SUGGESTION	
npk	34	Исабаев Орынбасар Душанович	1955	ru	0					0	no-suggestion-above-threshold		NO_SUGGESTION	
npk	34	Исабаев Орынбасар Душанович	1955	kk	0					0	no-suggestion-above-threshold		NO_SUGGESTION	
npk	35	Исмаилов Жумагали Казыбаевич	1972	ru	0					0	no-suggestion-above-threshold		NO_SUGGESTION	
npk	35	Исмаилов Жумагали Казыбаевич	1972	kk	0					0	no-suggestion-above-threshold		NO_SUGGESTION	
npk	36	Кабаков Тениз Сайлауович	1991	ru	0					0	no-suggestion-above-threshold		NO_SUGGESTION	
npk	36	Кабаков Тениз Сайлауович	1991	kk	0					0	no-suggestion-above-threshold		NO_SUGGESTION	
npk	37	Кабдешев Дамир Каирович	1999	ru	0					0	no-suggestion-above-threshold		NO_SUGGESTION	
npk	37	Кабдешев Дамир Каирович	1999	kk	0					0	no-suggestion-above-threshold		NO_SUGGESTION	
npk	38	Кайдаров Айдын Серикказыевич	1973	ru	0					0	no-suggestion-above-threshold		NO_SUGGESTION	
npk	38	Кайдаров Айдын Серикказыевич	1973	kk	0					0	no-suggestion-above-threshold		NO_SUGGESTION	
npk	39	Каймаков Аскар Абаевич	1984	ru	0					0	no-suggestion-above-threshold		NO_SUGGESTION	
npk	39	Каймаков Аскар Абаевич	1984	kk	0					0	no-suggestion-above-threshold		NO_SUGGESTION	
npk	40	Камбарова Зухра Медеуовна	1967	ru	0					0	no-suggestion-above-threshold		NO_SUGGESTION	
npk	40	Камбарова Зухра Медеуовна	1967	kk	0					0	no-suggestion-above-threshold		NO_SUGGESTION	
npk	41	Каюмов Дамир Ирекович	1984	ru	0					0	no-suggestion-above-threshold		NO_SUGGESTION	
npk	41	Каюмов Дамир Ирекович	1984	kk	0					0	no-suggestion-above-threshold		NO_SUGGESTION	
npk	42	Куленова Лейла Искандеровна	1980	ru	0					0	no-suggestion-above-threshold		NO_SUGGESTION	
npk	42	Куленова Лейла Искандеровна	1980	kk	0					0	no-suggestion-above-threshold		NO_SUGGESTION	
npk	43	Курмангазин Бауржан Олжашевич	1986	ru	0					0	no-suggestion-above-threshold		NO_SUGGESTION	
npk	43	Курмангазин Бауржан Олжашевич	1986	kk	0					0	no-suggestion-above-threshold		NO_SUGGESTION	
npk	44	Курумбаев Надир Шамуратович	1984	ru	0					0	no-suggestion-above-threshold		NO_SUGGESTION	
npk	44	Курумбаев Надир Шамуратович	1984	kk	0					0	no-suggestion-above-threshold		NO_SUGGESTION	
npk	45	Кусаинов Бейбут Булатович	1985	ru	0					0	no-suggestion-above-threshold		NO_SUGGESTION	
npk	45	Кусаинов Бейбут Булатович	1985	kk	0					0	no-suggestion-above-threshold		NO_SUGGESTION	
npk	46	Қанатұлы Аман	1997	ru	0					0	no-suggestion-above-threshold		NO_SUGGESTION	
npk	46	Қанатұлы Аман	1997	kk	0					0	no-suggestion-above-threshold		NO_SUGGESTION	
npk	47	Лаврентьев Борис Георгиевич	1984	ru	0					0	no-suggestion-above-threshold		NO_SUGGESTION	
npk	47	Лаврентьев Борис Георгиевич	1984	kk	0					0	no-suggestion-above-threshold		NO_SUGGESTION	
npk	48	Максутов Калел Мухатаевич	1964	ru	0					0	no-suggestion-above-threshold		NO_SUGGESTION	
npk	48	Максутов Калел Мухатаевич	1964	kk	0					0	no-suggestion-above-threshold		NO_SUGGESTION	
npk	49	Маргулан Едиге Саулебекович	1988	ru	0					0	no-suggestion-above-threshold		NO_SUGGESTION	
npk	49	Маргулан Едиге Саулебекович	1988	kk	0					0	no-suggestion-above-threshold		NO_SUGGESTION	
npk	50	Маханов Муратбек Мамытханович	1982	ru	0					0	no-suggestion-above-threshold		NO_SUGGESTION	
npk	50	Маханов Муратбек Мамытханович	1982	kk	0					0	no-suggestion-above-threshold		NO_SUGGESTION	
npk	51	Миронов Евгений Николаевич	1986	ru	0					0	no-suggestion-above-threshold		NO_SUGGESTION	
npk	51	Миронов Евгений Николаевич	1986	kk	0					0	no-suggestion-above-threshold		NO_SUGGESTION	
npk	52	Нигматулина Венера Махаметовна	1962	ru	0					0	no-suggestion-above-threshold		NO_SUGGESTION	
npk	52	Нигматулина Венера Махаметовна	1962	kk	0					0	no-suggestion-above-threshold		NO_SUGGESTION	
npk	53	Нұралин Асылбек Жамашұлы	1959	ru	0					0	no-suggestion-above-threshold		NO_SUGGESTION	
npk	53	Нұралин Асылбек Жамашұлы	1959	kk	0					0	no-suggestion-above-threshold		NO_SUGGESTION	
npk	54	Нурсейтов Илияс Болатович	1984	ru	0					0	no-suggestion-above-threshold		NO_SUGGESTION	
npk	54	Нурсейтов Илияс Болатович	1984	kk	0					0	no-suggestion-above-threshold		NO_SUGGESTION	
npk	55	Оразханов Нурдаулет Амантаевич	1983	ru	0					0	no-suggestion-above-threshold		NO_SUGGESTION	
npk	55	Оразханов Нурдаулет Амантаевич	1983	kk	0					0	no-suggestion-above-threshold		NO_SUGGESTION	
npk	56	Пан Владислав Виссарионович	1987	ru	0					0	no-suggestion-above-threshold		NO_SUGGESTION	
npk	56	Пан Владислав Виссарионович	1987	kk	0					0	no-suggestion-above-threshold		NO_SUGGESTION	
npk	57	Поднебесный Виктор Викторович	1976	ru	0					0	no-suggestion-above-threshold		NO_SUGGESTION	
npk	57	Поднебесный Виктор Викторович	1976	kk	0					0	no-suggestion-above-threshold		NO_SUGGESTION	
npk	58	Рамазанов Дархан Булатович	1987	ru	0					0	no-suggestion-above-threshold		NO_SUGGESTION	
npk	58	Рамазанов Дархан Булатович	1987	kk	0					0	no-suggestion-above-threshold		NO_SUGGESTION	
npk	59	Рысбеков Марлен Жаксыбекович	1986	ru	0					0	no-suggestion-above-threshold		NO_SUGGESTION	
npk	59	Рысбеков Марлен Жаксыбекович	1986	kk	0					0	no-suggestion-above-threshold		NO_SUGGESTION	
npk	60	Сеитов Совет Саутович	1965	ru	0					0	no-suggestion-above-threshold		NO_SUGGESTION	
npk	60	Сеитов Совет Саутович	1965	kk	0					0	no-suggestion-above-threshold		NO_SUGGESTION	
npk	61	Сейтжан Кенжеғұл Социалұлы	1982	ru	1	Сейтжан, Кенжегул Социалулы	https://ru.wikipedia.org/wiki/%D0%A1%D0%B5%D0%B9%D1%82%D0%B6%D0%B0%D0%BD,_%D0%9A%D0%B5%D0%BD%D0%B6%D0%B5%D0%B3%D1%83%D0%BB_%D0%A1%D0%BE%D1%86%D0%B8%D0%B0%D0%BB%D1%83%D0%BB%D1%8B	10290432	Q124769456	85	surname-in-title,name-tokens:3/3,birth-year-match,context:viii,депутат,мажилиса,парламента,созыва	Кенжегул Социалулы Сейтжан (каз. Кенжеғұл Социалұлы Сейтжан; род. 29 июля 1982 года, Амангельды, Амангельдинский район, Кустанайская область, Казахская ССР) — казахстанский общественный деятель, спортсмен-паралимпиец, депутат мажилиса парламента Казахстана VIII созыва (2023—2026).	SUGGESTED	
npk	61	Сейтжан Кенжеғұл Социалұлы	1982	kk	1	Кенжеғұл Социалұлы Сейтжан	https://kk.wikipedia.org/wiki/%D0%9A%D0%B5%D0%BD%D0%B6%D0%B5%D2%93%D2%B1%D0%BB_%D0%A1%D0%BE%D1%86%D0%B8%D0%B0%D0%BB%D2%B1%D0%BB%D1%8B_%D0%A1%D0%B5%D0%B9%D1%82%D0%B6%D0%B0%D0%BD	740263	Q124769456	56	surname-in-title,name-tokens:3/3,context:viii,қазақстан	Кенжеғұл Социалұлы Сейтжан (29 шілде 1982, Амангелді ауылы, Амангелді ауданы, Қостанай облысы, Қазақ КСР) — қазақстандық қоғам қайраткер, паралимпиадалық спортшы, Қазақстан Парламенті Мәжілісінің VIII сайланым депутаты (2023 жылдан бастап).	SUGGESTED	
npk	62	Смагулов Болат Советович	1964	ru	0					0	no-suggestion-above-threshold		NO_SUGGESTION	
npk	62	Смагулов Болат Советович	1964	kk	0					0	no-suggestion-above-threshold		NO_SUGGESTION	
npk	63	Смирнова Ирина Владимировна	1960	ru	1	Смирнова, Ирина Владимировна	https://ru.wikipedia.org/wiki/%D0%A1%D0%BC%D0%B8%D1%80%D0%BD%D0%BE%D0%B2%D0%B0,_%D0%98%D1%80%D0%B8%D0%BD%D0%B0_%D0%92%D0%BB%D0%B0%D0%B4%D0%B8%D0%BC%D0%B8%D1%80%D0%BE%D0%B2%D0%BD%D0%B0	8291406	Q97316001	100	exact-title,name-tokens:3/3,birth-year-match,context:депутат,мажилиса,парламента,созыва	Смирнова, Ирина Владимировна: Смирнова, Ирина Владимировна (род. 1960) — депутат Мажилиса Парламента Казахстана VI созыва. Смирнова, Ирина Владимировна (род. 1981) — российская волейболистка сидя.	SUGGESTED	
npk	63	Смирнова Ирина Владимировна	1960	ru	2	Смирнова, Ирина Владимировна (политик)	https://ru.wikipedia.org/wiki/%D0%A1%D0%BC%D0%B8%D1%80%D0%BD%D0%BE%D0%B2%D0%B0,_%D0%98%D1%80%D0%B8%D0%BD%D0%B0_%D0%92%D0%BB%D0%B0%D0%B4%D0%B8%D0%BC%D0%B8%D1%80%D0%BE%D0%B2%D0%BD%D0%B0_(%D0%BF%D0%BE%D0%BB%D0%B8%D1%82%D0%B8%D0%BA)	8426792	Q97591795	85	surname-in-title,name-tokens:3/3,birth-year-match,context:viii,депутат,деятель,мажилиса,парламента	Ирина Владимировна Смирнова (род. 21 июля 1960 года, Иссык-Кульская область, Киргизская ССР) — казахстанский политический деятель, депутат мажилиса парламента Казахстана VI—VIII созывов (2016—2026). Заслуженный учитель Казахстана (2026).	SUGGESTED	
npk	63	Смирнова Ирина Владимировна	1960	kk	1	Ирина Владимировна Смирнова	https://kk.wikipedia.org/wiki/%D0%98%D1%80%D0%B8%D0%BD%D0%B0_%D0%92%D0%BB%D0%B0%D0%B4%D0%B8%D0%BC%D0%B8%D1%80%D0%BE%D0%B2%D0%BD%D0%B0_%D0%A1%D0%BC%D0%B8%D1%80%D0%BD%D0%BE%D0%B2%D0%B0	746472	Q97591795	50	surname-in-title,name-tokens:3/3	Ирина Владимировна Смирнова (21 шілде 1960 ,Ыстықкөл облысы, Қырғыз КСР) — қазақстандық мемлекеттік қайраткер, мәжілісмен (2016-).	SUGGESTED	
npk	64	Сүлеймен Ләззат Жаңылысқызы	1961	ru	0					0	no-suggestion-above-threshold		NO_SUGGESTION	
npk	64	Сүлеймен Ләззат Жаңылысқызы	1961	kk	1	Ләззат Жаңылысқызы Сүлеймен	https://kk.wikipedia.org/wiki/%D0%9B%D3%99%D0%B7%D0%B7%D0%B0%D1%82_%D0%96%D0%B0%D2%A3%D1%8B%D0%BB%D1%8B%D1%81%D2%9B%D1%8B%D0%B7%D1%8B_%D0%A1%D2%AF%D0%BB%D0%B5%D0%B9%D0%BC%D0%B5%D0%BD	117109	Q12552161	50	surname-in-title,name-tokens:3/3	Ләззат Жаңылысқызы Сүлеймен. 1961 жылы 10 ақпанда Талдықорған облысы Ақсу ауданы Жансүгіров ауылында туған. Қазақ. Әкесі - Сүлейменов Жаңылыс Қожаханұлы, бөлімше меңгерушісі болған. Анасы - Жексембекова Тұрарбану, жұмысшы болған. Абай атындағы Қазақ педагогикалық институтының математика факультетін (1983) математика пәнінің мұғалімі мамандығы бойынша; Ресей мемлекеттік әлеуметтік институтының экономика факультетін (Мәскеу қаласы, 1992) экономист-менеджер мамандығы бойынша бітірген. Қазақ және орыс тілдерін біледі. 1977-1979 жылдары - Талдықорған облысы Ақсу ауданы ҚҒЗИЗ-ы Ақсу Тәжірибе жасау шаруашылығының жұмысшысы. 1983 жылдан -Талдықорған облысы Ақсу ауданы Жансүгіров кентінде Чапаев атындағы...	SUGGESTED	
npk	65	Сұңқар Ислам Еркінұлы	1995	ru	0					0	no-suggestion-above-threshold		NO_SUGGESTION	
npk	65	Сұңқар Ислам Еркінұлы	1995	kk	0					0	no-suggestion-above-threshold		NO_SUGGESTION	
npk	66	Сыдыкова Карлыгаш Нурдаулетовна	1977	ru	0					0	no-suggestion-above-threshold		NO_SUGGESTION	
npk	66	Сыдыкова Карлыгаш Нурдаулетовна	1977	kk	0					0	no-suggestion-above-threshold		NO_SUGGESTION	
npk	67	Тулеугалиев Рашид Бектурович	1973	ru	0					0	no-suggestion-above-threshold		NO_SUGGESTION	
npk	67	Тулеугалиев Рашид Бектурович	1973	kk	0					0	no-suggestion-above-threshold		NO_SUGGESTION	
npk	68	Уалихан Жандос Шоханұлы	1999	ru	0					0	no-suggestion-above-threshold		NO_SUGGESTION	
npk	68	Уалихан Жандос Шоханұлы	1999	kk	0					0	no-suggestion-above-threshold		NO_SUGGESTION	
npk	69	Умаров Баймырза Абденбаевич	1965	ru	0					0	no-suggestion-above-threshold		NO_SUGGESTION	
npk	69	Умаров Баймырза Абденбаевич	1965	kk	0					0	no-suggestion-above-threshold		NO_SUGGESTION	
npk	70	Харбедия Омари Омианович	1967	ru	0					0	no-suggestion-above-threshold		NO_SUGGESTION	
npk	70	Харбедия Омари Омианович	1967	kk	0					0	no-suggestion-above-threshold		NO_SUGGESTION	
npk	71	Шоканов Нурсултан Нурланович	1986	ru	1	Шоканов, Нурсултан Нурланович	https://ru.wikipedia.org/wiki/%D0%A8%D0%BE%D0%BA%D0%B0%D0%BD%D0%BE%D0%B2,_%D0%9D%D1%83%D1%80%D1%81%D1%83%D0%BB%D1%82%D0%B0%D0%BD_%D0%9D%D1%83%D1%80%D0%BB%D0%B0%D0%BD%D0%BE%D0%B2%D0%B8%D1%87	11513606	Q140367191	100	exact-title,name-tokens:3/3,birth-year-match,context:алматы,депутат,казахстана,председатель	Нурсулта́н Нурла́нович Шока́нов (каз. Нұрсұлтан Нұрланұлы Шоқанов; род. 20 января 1986, Алматы, Казахская ССР, СССР) — казахстанский общественный деятель и предприниматель. Председатель Народной партии Казахстана с 2026 года. Депутат Маслихата Алматы с 2021 по 2025 годы.	SUGGESTED	
npk	71	Шоканов Нурсултан Нурланович	1986	kk	0					0	no-suggestion-above-threshold		NO_SUGGESTION	
npk	72	Шонаева Елена Геннадьевна	1983	ru	0					0	no-suggestion-above-threshold		NO_SUGGESTION	
npk	72	Шонаева Елена Геннадьевна	1983	kk	0					0	no-suggestion-above-threshold		NO_SUGGESTION	
osdp	1	Абенова Анаргул Жаксагалиевна	1973	ru	0					0	no-suggestion-above-threshold		NO_SUGGESTION	
osdp	1	Абенова Анаргул Жаксагалиевна	1973	kk	0					0	no-suggestion-above-threshold		NO_SUGGESTION	
osdp	2	Ақылбай Арман Серікұлы	1983	ru	0					0	no-suggestion-above-threshold		NO_SUGGESTION	
osdp	2	Ақылбай Арман Серікұлы	1983	kk	0					0	no-suggestion-above-threshold		NO_SUGGESTION	
osdp	3	Аленова Аружан Дарменовна	2000	ru	0					0	no-suggestion-above-threshold		NO_SUGGESTION	
osdp	3	Аленова Аружан Дарменовна	2000	kk	0					0	no-suggestion-above-threshold		NO_SUGGESTION	
osdp	4	Алшынбай Ару Мұратқызы	2000	ru	0					0	no-suggestion-above-threshold		NO_SUGGESTION	
osdp	4	Алшынбай Ару Мұратқызы	2000	kk	0					0	no-suggestion-above-threshold		NO_SUGGESTION	
osdp	5	Андрюшин Максим Валерьевич	1968	ru	0					0	no-suggestion-above-threshold		NO_SUGGESTION	
osdp	5	Андрюшин Максим Валерьевич	1968	kk	0					0	no-suggestion-above-threshold		NO_SUGGESTION	
osdp	6	Аубакиров Нурлан Какимович	1970	ru	0					0	no-suggestion-above-threshold		NO_SUGGESTION	
osdp	6	Аубакиров Нурлан Какимович	1970	kk	0					0	no-suggestion-above-threshold		NO_SUGGESTION	
osdp	7	Аубакирова Раушан Абдрахманқызы	1987	ru	0					0	no-suggestion-above-threshold		NO_SUGGESTION	
osdp	7	Аубакирова Раушан Абдрахманқызы	1987	kk	0					0	no-suggestion-above-threshold		NO_SUGGESTION	
osdp	8	Ауесбаев Нурлан Сатыбалдиевич	1957	ru	1	Ауесбаев, Нурлан Сатыбалдиевич	https://ru.wikipedia.org/wiki/%D0%90%D1%83%D0%B5%D1%81%D0%B1%D0%B0%D0%B5%D0%B2,_%D0%9D%D1%83%D1%80%D0%BB%D0%B0%D0%BD_%D0%A1%D0%B0%D1%82%D1%8B%D0%B1%D0%B0%D0%BB%D0%B4%D0%B8%D0%B5%D0%B2%D0%B8%D1%87	9915948	Q114569007	100	exact-title,name-tokens:3/3,birth-year-match,context:viii,депутат,мажилиса,парламента,созыва	Нурлан Сатыбалдиевич Ауесбаев (каз. Нұрлан Сатыбалдыұлы Әуесбаев; род. 17 мая 1957, Алгабас, Чаяновский район, Южно-Казахстанская область) — казахстанский политический деятель. Депутат Мажилиса парламента Казахстана VIII созыва от Общенациональной социал-демократической партии с 2023 до упразднения Парламента в 2026 году. Кандидат в президенты Казахстана на выборах 2022 года от ОСДП.	SUGGESTED	
osdp	8	Ауесбаев Нурлан Сатыбалдиевич	1957	kk	0					0	no-suggestion-above-threshold		NO_SUGGESTION	
osdp	9	Әбдиев Еркін Қайырбекұлы	1998	ru	0					0	no-suggestion-above-threshold		NO_SUGGESTION	
osdp	9	Әбдиев Еркін Қайырбекұлы	1998	kk	0					0	no-suggestion-above-threshold		NO_SUGGESTION	
osdp	10	Баекенов Камбар Абдысатарович	1979	ru	0					0	no-suggestion-above-threshold		NO_SUGGESTION	
osdp	10	Баекенов Камбар Абдысатарович	1979	kk	0					0	no-suggestion-above-threshold		NO_SUGGESTION	
osdp	11	Балтабайқызы Нурия	1975	ru	0					0	no-suggestion-above-threshold		NO_SUGGESTION	
osdp	11	Балтабайқызы Нурия	1975	kk	0					0	no-suggestion-above-threshold		NO_SUGGESTION	
osdp	12	Бугабаев Сапарбай Дуйсенович	1959	ru	0					0	no-suggestion-above-threshold		NO_SUGGESTION	
osdp	12	Бугабаев Сапарбай Дуйсенович	1959	kk	0					0	no-suggestion-above-threshold		NO_SUGGESTION	
osdp	13	Дауренбеков Ержан Каханович	1982	ru	0					0	no-suggestion-above-threshold		NO_SUGGESTION	
osdp	13	Дауренбеков Ержан Каханович	1982	kk	0					0	no-suggestion-above-threshold		NO_SUGGESTION	
osdp	14	Джаканов Дамир Сатпаевич	1990	ru	0					0	no-suggestion-above-threshold		NO_SUGGESTION	
osdp	14	Джаканов Дамир Сатпаевич	1990	kk	0					0	no-suggestion-above-threshold		NO_SUGGESTION	
osdp	15	Джусупова Роза Кенженовна	1967	ru	0					0	no-suggestion-above-threshold		NO_SUGGESTION	
osdp	15	Джусупова Роза Кенженовна	1967	kk	0					0	no-suggestion-above-threshold		NO_SUGGESTION	
osdp	16	Жабаев Нурлан Койшыбаевич	1979	ru	0					0	no-suggestion-above-threshold		NO_SUGGESTION	
osdp	16	Жабаев Нурлан Койшыбаевич	1979	kk	0					0	no-suggestion-above-threshold		NO_SUGGESTION	
osdp	17	Жанғали Ілияс Әбілқазыұлы	1993	ru	0					0	no-suggestion-above-threshold		NO_SUGGESTION	
osdp	17	Жанғали Ілияс Әбілқазыұлы	1993	kk	0					0	no-suggestion-above-threshold		NO_SUGGESTION	
osdp	18	Калгин Виктор Евгеньевич	1981	ru	0					0	no-suggestion-above-threshold		NO_SUGGESTION	
osdp	18	Калгин Виктор Евгеньевич	1981	kk	0					0	no-suggestion-above-threshold		NO_SUGGESTION	
osdp	19	Камалова Нурайнаш Балтабаевна	1977	ru	0					0	no-suggestion-above-threshold		NO_SUGGESTION	
osdp	19	Камалова Нурайнаш Балтабаевна	1977	kk	0					0	no-suggestion-above-threshold		NO_SUGGESTION	
osdp	20	Кульмагамбетов Аслан Мухтарович	1978	ru	0					0	no-suggestion-above-threshold		NO_SUGGESTION	
osdp	20	Кульмагамбетов Аслан Мухтарович	1978	kk	0					0	no-suggestion-above-threshold		NO_SUGGESTION	
osdp	21	Кусаинова Анара Бахытовна	1974	ru	0					0	no-suggestion-above-threshold		NO_SUGGESTION	
osdp	21	Кусаинова Анара Бахытовна	1974	kk	0					0	no-suggestion-above-threshold		NO_SUGGESTION	
osdp	22	Ли Лариса Юрьевна	1978	ru	0					0	no-suggestion-above-threshold		NO_SUGGESTION	
osdp	22	Ли Лариса Юрьевна	1978	kk	0					0	no-suggestion-above-threshold		NO_SUGGESTION	
osdp	23	Мукаманов Жасулан Мирзахметович	1978	ru	0					0	no-suggestion-above-threshold		NO_SUGGESTION	
osdp	23	Мукаманов Жасулан Мирзахметович	1978	kk	0					0	no-suggestion-above-threshold		NO_SUGGESTION	
osdp	24	Мынбаев Сакен Саламатович	1988	ru	0					0	no-suggestion-above-threshold		NO_SUGGESTION	
osdp	24	Мынбаев Сакен Саламатович	1988	kk	0					0	no-suggestion-above-threshold		NO_SUGGESTION	
osdp	25	Насибулов Мақсұт Бейбитұлы	1992	ru	0					0	no-suggestion-above-threshold		NO_SUGGESTION	
osdp	25	Насибулов Мақсұт Бейбитұлы	1992	kk	0					0	no-suggestion-above-threshold		NO_SUGGESTION	
osdp	26	Нурлыбеков Нурым Комекович	1980	ru	0					0	no-suggestion-above-threshold		NO_SUGGESTION	
osdp	26	Нурлыбеков Нурым Комекович	1980	kk	0					0	no-suggestion-above-threshold		NO_SUGGESTION	
osdp	27	Нұржау Қуандық Оңдасынұлы	1979	ru	0					0	no-suggestion-above-threshold		NO_SUGGESTION	
osdp	27	Нұржау Қуандық Оңдасынұлы	1979	kk	0					0	no-suggestion-above-threshold		NO_SUGGESTION	
osdp	28	Рахимжанов Асхат Нурмагамбетович	1983	ru	1	Рахимжанов, Асхат Нурмагамбетович	https://ru.wikipedia.org/wiki/%D0%A0%D0%B0%D1%85%D0%B8%D0%BC%D0%B6%D0%B0%D0%BD%D0%BE%D0%B2,_%D0%90%D1%81%D1%85%D0%B0%D1%82_%D0%9D%D1%83%D1%80%D0%BC%D0%B0%D0%B3%D0%B0%D0%BC%D0%B1%D0%B5%D1%82%D0%BE%D0%B2%D0%B8%D1%87	11297583	Q100429767	100	exact-title,name-tokens:3/3,birth-year-match,context:viii,депутат,казахстан,мажилиса,парламента	Асхат Нурмагамбетович Рахимжанов (каз. Асхат Нұрмағамбетұлы Рақымжанов, род. 10 июня 1983) — казахстанский государственный деятель, депутат, член Комитета по международным делам, обороне и безопасности Мажилиса Парламента Республики Казахстан VIII созыва с 2023 до до упразднения Парламента в 2026 году. Председатель Общенациональной социал-демократической партии.	SUGGESTED	
osdp	28	Рахимжанов Асхат Нурмагамбетович	1983	kk	0					0	no-suggestion-above-threshold		NO_SUGGESTION	
osdp	29	Сагандыкова Ажар Бахитовна	1971	ru	1	Сагандыкова, Ажар Бахитовна	https://ru.wikipedia.org/wiki/%D0%A1%D0%B0%D0%B3%D0%B0%D0%BD%D0%B4%D1%8B%D0%BA%D0%BE%D0%B2%D0%B0,_%D0%90%D0%B6%D0%B0%D1%80_%D0%91%D0%B0%D1%85%D0%B8%D1%82%D0%BE%D0%B2%D0%BD%D0%B0	11334351	Q137383873	100	exact-title,name-tokens:3/3,birth-year-match,context:viii,депутат,казахстан,мажилиса,парламента	Ажар Бахитовна Сагандыкова (каз. Ажар Бақытқызы Сағандықова; род. 16 августа 1971, Павлодар) — казахстанский государственный деятель. Депутат Мажилиса Парламента Республики Казахстан VIII созыва от «Общенациональной социал-демократической партии» с 2023 до упразднения Парламента в 2026 году.	SUGGESTED	
osdp	29	Сагандыкова Ажар Бахитовна	1971	kk	0					0	no-suggestion-above-threshold		NO_SUGGESTION	
osdp	30	Сайлаубай Наурыз Саятұлы	1994	ru	1	Сайлаубай, Наурыз Саятулы	https://ru.wikipedia.org/wiki/%D0%A1%D0%B0%D0%B9%D0%BB%D0%B0%D1%83%D0%B1%D0%B0%D0%B9,_%D0%9D%D0%B0%D1%83%D1%80%D1%8B%D0%B7_%D0%A1%D0%B0%D1%8F%D1%82%D1%83%D0%BB%D1%8B	11356624	Q138609495	82	surname-in-title,name-tokens:3/3,birth-year-match,context:депутат,казахстан,мажилиса,парламента	Науры́з Сая́тович Сайлауба́й (каз. Наурыз Саятұлы Сайлаубай; род. 4 марта 1994, село Кокжайдак, Аксуский район, Алматинская область, Казахстан) — казахстанский общественный деятель. Депутат Мажилиса Парламента Казахстана с 2023 до упразднения Парламента в 2026 году.	SUGGESTED	
osdp	30	Сайлаубай Наурыз Саятұлы	1994	kk	0					0	no-suggestion-above-threshold		NO_SUGGESTION	
osdp	31	Самбетбай Тазабек Дакенайұлы	1980	ru	0					0	no-suggestion-above-threshold		NO_SUGGESTION	
osdp	31	Самбетбай Тазабек Дакенайұлы	1980	kk	0					0	no-suggestion-above-threshold		NO_SUGGESTION	
osdp	32	Сарманов Рустем Сабитович	1989	ru	0					0	no-suggestion-above-threshold		NO_SUGGESTION	
osdp	32	Сарманов Рустем Сабитович	1989	kk	0					0	no-suggestion-above-threshold		NO_SUGGESTION	
osdp	33	Татиков Талгат Кайруллович	1961	ru	0					0	no-suggestion-above-threshold		NO_SUGGESTION	
osdp	33	Татиков Талгат Кайруллович	1961	kk	0					0	no-suggestion-above-threshold		NO_SUGGESTION	
adilet	1	Абдикешов Алмат Жанболатович	1984	ru	0					0	no-suggestion-above-threshold		NO_SUGGESTION	
adilet	1	Абдикешов Алмат Жанболатович	1984	kk	0					0	no-suggestion-above-threshold		NO_SUGGESTION	
adilet	2	Абенов Мурат Абдуламитович	1965	ru	1	Абенов, Мурат Абдуламитович	https://ru.wikipedia.org/wiki/%D0%90%D0%B1%D0%B5%D0%BD%D0%BE%D0%B2,_%D0%9C%D1%83%D1%80%D0%B0%D1%82_%D0%90%D0%B1%D0%B4%D1%83%D0%BB%D0%B0%D0%BC%D0%B8%D1%82%D0%BE%D0%B2%D0%B8%D1%87	3894723	Q4054687	100	exact-title,name-tokens:3/3,birth-year-match,context:viii,депутат,мажилиса	Мура́т Абдулами́тович Абе́нов (каз. Мұрат Абдуламитұлы Әбенов; род. 20 августа 1965 года, село Томенарык, Жанакорганский район, Кзылординская область, Казахская ССР) — казахстанский общественный деятель, депутат Мажилиса IV (2007–2012), V (2012–2026) и VIII созывов, экс вице-министр Министерства образования и науки Республики Казахстана. 1 июля 2026 года депутатские полномочия Абенова были прекращены в связи со вступлением в силу новой Конституции, упразднившей Парламент.	SUGGESTED	
adilet	2	Абенов Мурат Абдуламитович	1965	ru	2	Абенов	https://ru.wikipedia.org/wiki/%D0%90%D0%B1%D0%B5%D0%BD%D0%BE%D0%B2	3894794	Q18510535	79	surname-in-title,name-tokens:3/3,birth-year-match,context:депутат,мажилиса,парламента	Абенов — восточная фамилия; имеет женскую форму Абенова: Абенов, Абдулла Андамасович — аким города Актобе 01.07.1993 — 11.11.1996 г. Абенов, Мурат Абдуламитович (род. 1965) — вице-министр образования и науки Казахстана, депутат мажилиса парламента Казахстана IV—V созывов. Абенов, Нигмет Конуржанович — председатель Восточно-Казахстанского облисполкома (1982—1985) Абенов, Шакир (1900 или 1901 — 1994) — казахский советский писатель, поэт, акын, фольклорист, композитор.	SUGGESTED	
adilet	2	Абенов Мурат Абдуламитович	1965	kk	0					0	no-suggestion-above-threshold		NO_SUGGESTION	
adilet	3	Абилева Айымгул Акылбаевна	1990	ru	0					0	no-suggestion-above-threshold		NO_SUGGESTION	
adilet	3	Абилева Айымгул Акылбаевна	1990	kk	0					0	no-suggestion-above-threshold		NO_SUGGESTION	
adilet	4	Авершин Константин Викторович	1976	ru	1	Авершин, Константин Викторович	https://ru.wikipedia.org/wiki/%D0%90%D0%B2%D0%B5%D1%80%D1%88%D0%B8%D0%BD,_%D0%9A%D0%BE%D0%BD%D1%81%D1%82%D0%B0%D0%BD%D1%82%D0%B8%D0%BD_%D0%92%D0%B8%D0%BA%D1%82%D0%BE%D1%80%D0%BE%D0%B2%D0%B8%D1%87	9270016	Q112991657	100	exact-title,name-tokens:3/3,birth-year-match,context:viii,депутат,мажилиса,парламента	Константин Викторович Авершин (род. 7 октября 1976 года, Талды-Курган, Казахская ССР) — казахстанский предприниматель, общественно-политический деятель. Депутат Мажилиса Парламента Казахстана VII-VIII созывов с 2022 года до упразднения Парламента в 2026 году.	SUGGESTED	
adilet	4	Авершин Константин Викторович	1976	kk	1	Константин Викторович Авершин	https://kk.wikipedia.org/wiki/%D0%9A%D0%BE%D0%BD%D1%81%D1%82%D0%B0%D0%BD%D1%82%D0%B8%D0%BD_%D0%92%D0%B8%D0%BA%D1%82%D0%BE%D1%80%D0%BE%D0%B2%D0%B8%D1%87_%D0%90%D0%B2%D0%B5%D1%80%D1%88%D0%B8%D0%BD	709022	Q112991657	56	surname-in-title,name-tokens:3/3,context:viii,қазақстан	Константин Викторович Авершин (7 қазан 1976 жыл, Талдықорған, Қазақ КСР) — қазақстандық кәсіпкер, қоғамдық-саяси қайраткер. 2022 жылғы наурыздан бастап Қазақстан Республикасы Парламенті Мәжілісінің VII–VIII шақырылымдарының депутаты.	SUGGESTED	
adilet	5	Адаев Ербол Даненович	1978	ru	0					0	no-suggestion-above-threshold		NO_SUGGESTION	
adilet	5	Адаев Ербол Даненович	1978	kk	0					0	no-suggestion-above-threshold		NO_SUGGESTION	
adilet	6	Адамбаева Алия Раймкуловна	1984	ru	0					0	no-suggestion-above-threshold		NO_SUGGESTION	
adilet	6	Адамбаева Алия Раймкуловна	1984	kk	0					0	no-suggestion-above-threshold		NO_SUGGESTION	
adilet	7	Адамбек Кендебай Сарыбайұлы	1965	ru	0					0	no-suggestion-above-threshold		NO_SUGGESTION	
adilet	7	Адамбек Кендебай Сарыбайұлы	1965	kk	0					0	no-suggestion-above-threshold		NO_SUGGESTION	
adilet	8	Адамбеков Тилектес Серикбайулы	1989	ru	1	Адамбеков, Тилектес Серикбайулы	https://ru.wikipedia.org/wiki/%D0%90%D0%B4%D0%B0%D0%BC%D0%B1%D0%B5%D0%BA%D0%BE%D0%B2,_%D0%A2%D0%B8%D0%BB%D0%B5%D0%BA%D1%82%D0%B5%D1%81_%D0%A1%D0%B5%D1%80%D0%B8%D0%BA%D0%B1%D0%B0%D0%B9%D1%83%D0%BB%D1%8B	8679781	Q105692468	100	exact-title,name-tokens:3/3,birth-year-match,context:депутат,мажилиса,парламента	Тилектес Серикбайулы Адамбеков (каз. Тілектес Серікбайұлы Адамбеков; род. 1 января 1989, Актогай, Карагандинская область) — казахстанский общественный деятель. Депутат Мажилиса Парламента Казахстана с 2021 до упразднения Парламента в 2026 году.	SUGGESTED	
adilet	8	Адамбеков Тилектес Серикбайулы	1989	kk	0					0	no-suggestion-above-threshold		NO_SUGGESTION	
adilet	9	Аймагамбетов Асхат Канатович	1982	ru	1	Аймагамбетов, Асхат Канатович	https://ru.wikipedia.org/wiki/%D0%90%D0%B9%D0%BC%D0%B0%D0%B3%D0%B0%D0%BC%D0%B1%D0%B5%D1%82%D0%BE%D0%B2,_%D0%90%D1%81%D1%85%D0%B0%D1%82_%D0%9A%D0%B0%D0%BD%D0%B0%D1%82%D0%BE%D0%B2%D0%B8%D1%87	7923633	Q65129668	100	exact-title,name-tokens:3/3,birth-year-match,context:депутат,мажилиса,парламента	Асха́т Кана́тович Аймагамбе́тов (каз. Асхат Қанатұлы Аймағамбетов; род. 14 июня 1982, село Аксу-Аюлы, Шетский район, Карагандинская область, Казахская ССР, СССР) — казахстанский государственный и общественный деятель. Депутат Мажилиса Парламента Казахстана с 2023 до упразднения Парламента в 2026 году. Министр просвещения с 2019 по 2023 годы.	SUGGESTED	
adilet	9	Аймагамбетов Асхат Канатович	1982	ru	2	Аймагамбетов	https://ru.wikipedia.org/wiki/%D0%90%D0%B9%D0%BC%D0%B0%D0%B3%D0%B0%D0%BC%D0%B1%D0%B5%D1%82%D0%BE%D0%B2	7918762	Q65130550	79	surname-in-title,name-tokens:3/3,birth-year-match,context:депутат,казахстан,созыва	Аймагамбетов: Аймагамбетов, Асхат Канатович (род. 1982) — министр образования и науки Казахстана с 13 июня 2019 года. Аймагамбетов, Избаскан Нуритдинович (1941—2019) — депутат Верховного Совета Республики Казахстан XII созыва, главный врач Актюбинской областной клинической больницы, член КПСС, г. Актюбинск. От Октябрьского избирательного округа № 46 Актюбинской области.	SUGGESTED	
adilet	9	Аймагамбетов Асхат Канатович	1982	kk	0					0	no-suggestion-above-threshold		NO_SUGGESTION	
adilet	10	Аймаганова Айжан Талгатовна	1987	ru	0					0	no-suggestion-above-threshold		NO_SUGGESTION	
adilet	10	Аймаганова Айжан Талгатовна	1987	kk	0					0	no-suggestion-above-threshold		NO_SUGGESTION	
adilet	11	Алимкулов Бекжан Мухидинұлы	1989	ru	0					0	no-suggestion-above-threshold		NO_SUGGESTION	
adilet	11	Алимкулов Бекжан Мухидинұлы	1989	kk	0					0	no-suggestion-above-threshold		NO_SUGGESTION	
adilet	12	Алтай Абай	1991	ru	1	Абай (Республика Алтай)	https://ru.wikipedia.org/wiki/%D0%90%D0%B1%D0%B0%D0%B9_(%D0%A0%D0%B5%D1%81%D0%BF%D1%83%D0%B1%D0%BB%D0%B8%D0%BA%D0%B0_%D0%90%D0%BB%D1%82%D0%B0%D0%B9)	7833458	Q18364314	53	surname-in-title,name-tokens:2/2,context:республики	Аба́й (алт. Абай) — село в Амурском сельском поселении Усть-Коксинского района Республики Алтай России.	SUGGESTED	
adilet	12	Алтай Абай	1991	kk	0					0	no-suggestion-above-threshold		NO_SUGGESTION	
adilet	13	Амантай Жаркынбек	1988	ru	1	Амантай, Жаркынбек	https://ru.wikipedia.org/wiki/%D0%90%D0%BC%D0%B0%D0%BD%D1%82%D0%B0%D0%B9,_%D0%96%D0%B0%D1%80%D0%BA%D1%8B%D0%BD%D0%B1%D0%B5%D0%BA	11313694	Q136996072	100	exact-title,name-tokens:2/2,birth-year-match,context:viii,депутат,казахстан,мажилиса,парламента	Жаркынбек Амантай (каз. Жарқынбек Амантай; род. 20 ноября 1988, Улгий) — казахстанский филолог, журналист, общественный и государственный деятель. Депутат Мажилиса Парламента Республики Казахстан VIII созыва от партии «Аманат» с 2023 до упразднения Парламента в 2026 году.	SUGGESTED	
adilet	13	Амантай Жаркынбек	1988	kk	0					0	no-suggestion-above-threshold		NO_SUGGESTION	
adilet	14	Амиргалиев Мадияр Орынтаевич	1986	ru	0					0	no-suggestion-above-threshold		NO_SUGGESTION	
adilet	14	Амиргалиев Мадияр Орынтаевич	1986	kk	0					0	no-suggestion-above-threshold		NO_SUGGESTION	
adilet	15	Аскеров Эмин Халилович	1983	ru	0					0	no-suggestion-above-threshold		NO_SUGGESTION	
adilet	15	Аскеров Эмин Халилович	1983	kk	0					0	no-suggestion-above-threshold		NO_SUGGESTION	
adilet	16	Атабаева Гульзира Нуржановна	1994	ru	0					0	no-suggestion-above-threshold		NO_SUGGESTION	
adilet	16	Атабаева Гульзира Нуржановна	1994	kk	0					0	no-suggestion-above-threshold		NO_SUGGESTION	
adilet	17	Атамкулова Гульназ Турехановна	1968	ru	0					0	no-suggestion-above-threshold		NO_SUGGESTION	
adilet	17	Атамкулова Гульназ Турехановна	1968	kk	0					0	no-suggestion-above-threshold		NO_SUGGESTION	
adilet	18	Ахмедиев Дархан Мейрамулы	1990	ru	0					0	no-suggestion-above-threshold		NO_SUGGESTION	
adilet	18	Ахмедиев Дархан Мейрамулы	1990	kk	0					0	no-suggestion-above-threshold		NO_SUGGESTION	
adilet	19	Ахметов Сабит Мейрамович	1979	ru	0					0	no-suggestion-above-threshold		NO_SUGGESTION	
adilet	19	Ахметов Сабит Мейрамович	1979	kk	0					0	no-suggestion-above-threshold		NO_SUGGESTION	
adilet	20	Ахметов Съезбек Рахышевич	1971	ru	0					0	no-suggestion-above-threshold		NO_SUGGESTION	
adilet	20	Ахметов Съезбек Рахышевич	1971	kk	0					0	no-suggestion-above-threshold		NO_SUGGESTION	
adilet	21	Ашимжанов Жанарбек Садыканович	1976	ru	0					0	no-suggestion-above-threshold		NO_SUGGESTION	
adilet	21	Ашимжанов Жанарбек Садыканович	1976	kk	0					0	no-suggestion-above-threshold		NO_SUGGESTION	
adilet	22	Ашимова Аяужан Турсынбековна	1982	ru	0					0	no-suggestion-above-threshold		NO_SUGGESTION	
adilet	22	Ашимова Аяужан Турсынбековна	1982	kk	0					0	no-suggestion-above-threshold		NO_SUGGESTION	
adilet	23	Ашимова Ульяна Жумагалиевна	1984	ru	0					0	no-suggestion-above-threshold		NO_SUGGESTION	
adilet	23	Ашимова Ульяна Жумагалиевна	1984	kk	0					0	no-suggestion-above-threshold		NO_SUGGESTION	
adilet	24	Әбілов Алпамыс Сұнгатұлы	1999	ru	0					0	no-suggestion-above-threshold		NO_SUGGESTION	
adilet	24	Әбілов Алпамыс Сұнгатұлы	1999	kk	0					0	no-suggestion-above-threshold		NO_SUGGESTION	
adilet	25	Баденова Асель Жанбулатовна	1989	ru	0					0	no-suggestion-above-threshold		NO_SUGGESTION	
adilet	25	Баденова Асель Жанбулатовна	1989	kk	0					0	no-suggestion-above-threshold		NO_SUGGESTION	
adilet	26	Базенов Айрат Базенович	1976	ru	0					0	no-suggestion-above-threshold		NO_SUGGESTION	
adilet	26	Базенов Айрат Базенович	1976	kk	0					0	no-suggestion-above-threshold		NO_SUGGESTION	
adilet	27	Байбеков Шалкар Заманбекович	1967	ru	0					0	no-suggestion-above-threshold		NO_SUGGESTION	
adilet	27	Байбеков Шалкар Заманбекович	1967	kk	0					0	no-suggestion-above-threshold		NO_SUGGESTION	
adilet	28	Байсакова Зульфия Мухамедбековна	1966	ru	0					0	no-suggestion-above-threshold		NO_SUGGESTION	
adilet	28	Байсакова Зульфия Мухамедбековна	1966	kk	0					0	no-suggestion-above-threshold		NO_SUGGESTION	
adilet	29	Байтурсынов Ғиззат Сейдахметұлы	1994	ru	0					0	no-suggestion-above-threshold		NO_SUGGESTION	
adilet	29	Байтурсынов Ғиззат Сейдахметұлы	1994	kk	0					0	no-suggestion-above-threshold		NO_SUGGESTION	
adilet	30	Бақытбекұлы Нұркен	1978	ru	0					0	no-suggestion-above-threshold		NO_SUGGESTION	
adilet	30	Бақытбекұлы Нұркен	1978	kk	0					0	no-suggestion-above-threshold		NO_SUGGESTION	
adilet	31	Балтабаев Адиль Серикулы	1997	ru	0					0	no-suggestion-above-threshold		NO_SUGGESTION	
adilet	31	Балтабаев Адиль Серикулы	1997	kk	0					0	no-suggestion-above-threshold		NO_SUGGESTION	
adilet	32	Балташева Айнагуль Кыдырбаевна	1972	ru	0					0	no-suggestion-above-threshold		NO_SUGGESTION	
adilet	32	Балташева Айнагуль Кыдырбаевна	1972	kk	0					0	no-suggestion-above-threshold		NO_SUGGESTION	
adilet	33	Басин Вадим Борисович	1962	ru	1	Басин, Вадим Борисович	https://ru.wikipedia.org/wiki/%D0%91%D0%B0%D1%81%D0%B8%D0%BD,_%D0%92%D0%B0%D0%B4%D0%B8%D0%BC_%D0%91%D0%BE%D1%80%D0%B8%D1%81%D0%BE%D0%B2%D0%B8%D1%87	8616349	Q105822118	92	exact-title,name-tokens:3/3,context:qarmet,ао,директор,темиртау	Вадим Борисович Басин (23 ноября 1962; Семипалатинск, Казахская ССР, СССР) — казахстанский работник промышленности, металлург. Герой Труда Казахстана (2020), лауреат Государственной премии РК в области науки и техники имени аль-Фараби (2017). Исполнительный директор АО «АрселорМиттал Темиртау» (с 2017 года по февраль 2021). АО «Qarmet» с 8 декабря 2023 года	SUGGESTED	
adilet	33	Басин Вадим Борисович	1962	kk	0					0	no-suggestion-above-threshold		NO_SUGGESTION	
adilet	34	Батырбеков Эрлан Гадлетович	1961	ru	1	Батырбеков, Эрлан Гадлетович	https://ru.wikipedia.org/wiki/%D0%91%D0%B0%D1%82%D1%8B%D1%80%D0%B1%D0%B5%D0%BA%D0%BE%D0%B2,_%D0%AD%D1%80%D0%BB%D0%B0%D0%BD_%D0%93%D0%B0%D0%B4%D0%BB%D0%B5%D1%82%D0%BE%D0%B2%D0%B8%D1%87	7741135	Q60838161	92	exact-title,name-tokens:3/3,context:генеральный,директор,казахстан,республики	Эрлан Гадлетович Батырбеков (каз. Ерлан Ғаділетұлы Батырбеков; 15 февраля 1961, Алматы, КазССР, СССР) — советский и казахстанский учёный, физик-ядерщик,, генеральный директор Национального ядерного центра Республики Казахстан, профессор, доктор физико-математических наук, академик Национальной академии наук РК при Президенте Республики Казахстан, Казахстанской национальной академии естественных наук и Национальной инженерной академии Республики Казахстан. Лауреат государственной премии Республики Казахстан в области науки и техники имени аль-Фараби 2023 года. Является экспертом по вопросу о конверсии Семипалатинского ядерного полигона, членом группы правительственных экспертов — советников Генерального...	SUGGESTED	
adilet	34	Батырбеков Эрлан Гадлетович	1961	ru	2	Батырбеков	https://ru.wikipedia.org/wiki/%D0%91%D0%B0%D1%82%D1%8B%D1%80%D0%B1%D0%B5%D0%BA%D0%BE%D0%B2	7840244	Q65156920	62	surname-in-title,name-tokens:3/3,context:генеральный,директор,казахстан,республики	Батырбеков: Батырбеков, Гадлет Андиянович (1934—2019) — советский и казахстанский учёный, первый генеральный директор Национального ядерного центра РК. Батырбеков, Оразай Батырбекович (1927-2014) — советский хозяйственный, государственный и политический деятель. Батырбеков, Эрлан Гадлетович (род. 1961) - физик-ядерщик, генеральный директор Национального ядерного центра Республики Казахстан.	SUGGESTED	
adilet	34	Батырбеков Эрлан Гадлетович	1961	kk	0					0	no-suggestion-above-threshold		NO_SUGGESTION	
adilet	35	Батырхан Жолдас Нұрланұлы	1978	ru	0					0	no-suggestion-above-threshold		NO_SUGGESTION	
adilet	35	Батырхан Жолдас Нұрланұлы	1978	kk	0					0	no-suggestion-above-threshold		NO_SUGGESTION	
adilet	36	Башимов Марат Советович	1966	ru	1	Башимов, Марат Советович	https://ru.wikipedia.org/wiki/%D0%91%D0%B0%D1%88%D0%B8%D0%BC%D0%BE%D0%B2,_%D0%9C%D0%B0%D1%80%D0%B0%D1%82_%D0%A1%D0%BE%D0%B2%D0%B5%D1%82%D0%BE%D0%B2%D0%B8%D1%87	10981534	Q133797759	55	exact-title,name-tokens:3/3,birth-year-conflict:1963,context:viii,казахстан,мажилиса,парламента,республики	Марат Советович Башимов (каз. Марат Советұлы Башимов, род. 11 августа 1963, Караганда) — казахстанский государственный деятель, член Комитета по законодательству и судебно-правовой реформе Мажилиса Парламента Республики Казахстан VIII созыва с 2023 до упразднения Парламента в 2026 году.	SUGGESTED	
adilet	36	Башимов Марат Советович	1966	kk	0					0	no-suggestion-above-threshold		NO_SUGGESTION	
adilet	37	Баялиев Рустам Ахатханович	1975	ru	0					0	no-suggestion-above-threshold		NO_SUGGESTION	
adilet	37	Баялиев Рустам Ахатханович	1975	kk	0					0	no-suggestion-above-threshold		NO_SUGGESTION	
adilet	38	Баялышбаев Елдос Кайыркенұлы	1992	ru	0					0	no-suggestion-above-threshold		NO_SUGGESTION	
adilet	38	Баялышбаев Елдос Кайыркенұлы	1992	kk	0					0	no-suggestion-above-threshold		NO_SUGGESTION	
adilet	39	Бежецкий Сергей Владимирович	1969	ru	0					0	no-suggestion-above-threshold		NO_SUGGESTION	
adilet	39	Бежецкий Сергей Владимирович	1969	kk	0					0	no-suggestion-above-threshold		NO_SUGGESTION	
adilet	40	Бекназаров Нурлан Кудиярович	1964	ru	1	Бекназаров, Нурлан Кудиярович	https://ru.wikipedia.org/wiki/%D0%91%D0%B5%D0%BA%D0%BD%D0%B0%D0%B7%D0%B0%D1%80%D0%BE%D0%B2,_%D0%9D%D1%83%D1%80%D0%BB%D0%B0%D0%BD_%D0%9A%D1%83%D0%B4%D0%B8%D1%8F%D1%80%D0%BE%D0%B2%D0%B8%D1%87	8009103	Q70253224	100	exact-title,name-tokens:3/3,birth-year-match,context:депутат,казахстан,парламента,республики,сената	Нурлан Кудиярович Бекназаров (каз. Нұрлан Құдиярұлы Бекназаров, род. 12 июня 1964 года, город Чимкент, Казахская ССР, СССР) — казахстанский государственный и общественный деятель, депутат Сената Парламента Республики Казахстан от города Шымкента (с 2018 года).	SUGGESTED	
adilet	40	Бекназаров Нурлан Кудиярович	1964	kk	0					0	no-suggestion-above-threshold		NO_SUGGESTION	
adilet	41	Бектуров Ренат Нурмолдаевич	1984	ru	0					0	no-suggestion-above-threshold		NO_SUGGESTION	
adilet	41	Бектуров Ренат Нурмолдаевич	1984	kk	0					0	no-suggestion-above-threshold		NO_SUGGESTION	
adilet	42	Беркимбаев Берик Серикович	1980	ru	0					0	no-suggestion-above-threshold		NO_SUGGESTION	
adilet	42	Беркимбаев Берик Серикович	1980	kk	0					0	no-suggestion-above-threshold		NO_SUGGESTION	
adilet	43	Беспалинов Берген Маратович	1975	ru	0					0	no-suggestion-above-threshold		NO_SUGGESTION	
adilet	43	Беспалинов Берген Маратович	1975	kk	0					0	no-suggestion-above-threshold		NO_SUGGESTION	
adilet	44	Бирмагамбетов Наурызбек Мерекешевич	1992	ru	0					0	no-suggestion-above-threshold		NO_SUGGESTION	
adilet	44	Бирмагамбетов Наурызбек Мерекешевич	1992	kk	0					0	no-suggestion-above-threshold		NO_SUGGESTION	
adilet	45	Битемиров Даурен Мухтарович	1984	ru	0					0	no-suggestion-above-threshold		NO_SUGGESTION	
adilet	45	Битемиров Даурен Мухтарович	1984	kk	0					0	no-suggestion-above-threshold		NO_SUGGESTION	
adilet	46	Больгерт Евгений Андреевич	1984	ru	1	Больгерт, Евгений Андреевич	https://ru.wikipedia.org/wiki/%D0%91%D0%BE%D0%BB%D1%8C%D0%B3%D0%B5%D1%80%D1%82,_%D0%95%D0%B2%D0%B3%D0%B5%D0%BD%D0%B8%D0%B9_%D0%90%D0%BD%D0%B4%D1%80%D0%B5%D0%B5%D0%B2%D0%B8%D1%87	11220048	Q136816523	100	exact-title,name-tokens:3/3,birth-year-match,context:депутат,казахстан,парламента,республики,сената	Евгений Андреевич Больгерт (род. 21 июня 1984, Целиноград) — казахстанский политик, предприниматель. Депутат Сената Парламента Республики Казахстан с 24 января 2023 года.	SUGGESTED	
adilet	46	Больгерт Евгений Андреевич	1984	kk	0					0	no-suggestion-above-threshold		NO_SUGGESTION	
adilet	47	Буршаков Сатыбалды Ересович	1968	ru	0					0	no-suggestion-above-threshold		NO_SUGGESTION	
adilet	47	Буршаков Сатыбалды Ересович	1968	kk	0					0	no-suggestion-above-threshold		NO_SUGGESTION	
adilet	48	Газдиева Белла Асланбековна	1982	ru	0					0	no-suggestion-above-threshold		NO_SUGGESTION	
adilet	48	Газдиева Белла Асланбековна	1982	kk	0					0	no-suggestion-above-threshold		NO_SUGGESTION	
adilet	49	Годунова Наталья Николаевна	1972	ru	0					0	no-suggestion-above-threshold		NO_SUGGESTION	
adilet	49	Годунова Наталья Николаевна	1972	kk	1	Наталья Николаевна Годунова	https://kk.wikipedia.org/wiki/%D0%9D%D0%B0%D1%82%D0%B0%D0%BB%D1%8C%D1%8F_%D0%9D%D0%B8%D0%BA%D0%BE%D0%BB%D0%B0%D0%B5%D0%B2%D0%BD%D0%B0_%D0%93%D0%BE%D0%B4%D1%83%D0%BD%D0%BE%D0%B2%D0%B0	733197		53	surname-in-title,name-tokens:3/3,context:қазақстан	Наталья Николаевна Годунова (24 мамыр 1972 жыл, Орал) — қазақстандық саясаткер, 2018–2024 жылдары Республикалық бюджеттің атқарылуын бақылау жөніндегі есеп комитеті мен Жоғары аудиторлық палата Төрайымы. 2024 жылдан бастап «Қазақстан темір жолы» Ұлттық компаниясы» АҚ тәуелсіз директоры.	SUGGESTED	
adilet	50	Данағұлов Ербол Жеткергенұлы	1981	ru	0					0	no-suggestion-above-threshold		NO_SUGGESTION	
adilet	50	Данағұлов Ербол Жеткергенұлы	1981	kk	0					0	no-suggestion-above-threshold		NO_SUGGESTION	
adilet	51	Данбаева Жулдыз Сейткамзиновна	1965	ru	0					0	no-suggestion-above-threshold		NO_SUGGESTION	
adilet	51	Данбаева Жулдыз Сейткамзиновна	1965	kk	0					0	no-suggestion-above-threshold		NO_SUGGESTION	
adilet	52	Данилов Александр Сергеевич	1991	ru	0					0	no-suggestion-above-threshold		NO_SUGGESTION	
adilet	52	Данилов Александр Сергеевич	1991	kk	0					0	no-suggestion-above-threshold		NO_SUGGESTION	
adilet	53	Дауталиев Казыбек Нурсеитович	1983	ru	0					0	no-suggestion-above-threshold		NO_SUGGESTION	
adilet	53	Дауталиев Казыбек Нурсеитович	1983	kk	0					0	no-suggestion-above-threshold		NO_SUGGESTION	
adilet	54	Дәдебай Айбек Арқабайұлы	1980	ru	0					0	no-suggestion-above-threshold		NO_SUGGESTION	
adilet	54	Дәдебай Айбек Арқабайұлы	1980	kk	1	Айбек Арқабайұлы Дәдебай	https://kk.wikipedia.org/wiki/%D0%90%D0%B9%D0%B1%D0%B5%D0%BA_%D0%90%D1%80%D2%9B%D0%B0%D0%B1%D0%B0%D0%B9%D2%B1%D0%BB%D1%8B_%D0%94%D3%99%D0%B4%D0%B5%D0%B1%D0%B0%D0%B9	696570	Q116873624	53	surname-in-title,name-tokens:3/3,context:әділет	Айбек Арқабайұлы Дәдебай (бұрын — Дәдебаев; 1 сәуір 1980 жыл, Алматы) — Қазақстанның мемлекет қайраткері, дипломат, 2026 жылдан бастап «Әділет» партиясының төрағасы. Президент Әкімшілігінің басшысы (2024–2026), Президенттің Іс Басқарушысы (2022–2024). ІІ класты кеңесші дипломатиялық дәрежесіне ие.	SUGGESTED	
adilet	55	Джамалов Бауыржан Салдарович	1971	ru	0					0	no-suggestion-above-threshold		NO_SUGGESTION	
adilet	55	Джамалов Бауыржан Салдарович	1971	kk	0					0	no-suggestion-above-threshold		NO_SUGGESTION	
adilet	56	Джаманкулова Карлыгаш Калибековна	1982	ru	0					0	no-suggestion-above-threshold		NO_SUGGESTION	
adilet	56	Джаманкулова Карлыгаш Калибековна	1982	kk	0					0	no-suggestion-above-threshold		NO_SUGGESTION	
adilet	57	Джансенгиров Арман Серикович	1985	ru	0					0	no-suggestion-above-threshold		NO_SUGGESTION	
adilet	57	Джансенгиров Арман Серикович	1985	kk	0					0	no-suggestion-above-threshold		NO_SUGGESTION	
adilet	58	Ділдәбек Дидарбек Жұмағалиұлы	1997	ru	0					0	no-suggestion-above-threshold		NO_SUGGESTION	
adilet	58	Ділдәбек Дидарбек Жұмағалиұлы	1997	kk	0					0	no-suggestion-above-threshold		NO_SUGGESTION	
adilet	59	Дулатбеков Нурлан Орынбасарович	1962	ru	1	Дулатбеков, Нурлан Орынбасарович	https://ru.wikipedia.org/wiki/%D0%94%D1%83%D0%BB%D0%B0%D1%82%D0%B1%D0%B5%D0%BA%D0%BE%D0%B2,_%D0%9D%D1%83%D1%80%D0%BB%D0%B0%D0%BD_%D0%9E%D1%80%D1%8B%D0%BD%D0%B1%D0%B0%D1%81%D0%B0%D1%80%D0%BE%D0%B2%D0%B8%D1%87	2399627	Q4170429	100	exact-title,name-tokens:3/3,birth-year-match,context:а,букетова,депутат,е,казахстан	Нурлан Орынбасарович Дулатбеков (каз. Нұрлан Орынбасарұлы Дулатбеков; род. 5 мая 1962, Караганда) — казахстанский учёный в области уголовного права и криминологии, деятель системы образования Республики Казахстан. Ректор карагандинского университета «Болашак» с 1996 по 2013 год. Доктор юридических наук (2003), профессор (2004), член-корреспондент Национальной академии наук Республики Казахстан (2012), академик Национальной академии наук Республики Казахстан (2025). С апреля 2016 года — депутат Мажилиса парламента Казахстана. С 26 августа 2020 года по настоящее время — Председатель правления — ректор НАО «Карагандинский национальный исследовательский университет имени академика Е. А. Букетова...	SUGGESTED	
adilet	59	Дулатбеков Нурлан Орынбасарович	1962	kk	0					0	no-suggestion-above-threshold		NO_SUGGESTION	
adilet	60	Егамбердиева Динара Асиловна	1988	ru	0					0	no-suggestion-above-threshold		NO_SUGGESTION	
adilet	60	Егамбердиева Динара Асиловна	1988	kk	0					0	no-suggestion-above-threshold		NO_SUGGESTION	
adilet	61	Елеусизова Бота Сериковна	1975	ru	0					0	no-suggestion-above-threshold		NO_SUGGESTION	
adilet	61	Елеусизова Бота Сериковна	1975	kk	0					0	no-suggestion-above-threshold		NO_SUGGESTION	
adilet	62	Ералиев Бегалы Ералиевич	1970	ru	0					0	no-suggestion-above-threshold		NO_SUGGESTION	
adilet	62	Ералиев Бегалы Ералиевич	1970	kk	0					0	no-suggestion-above-threshold		NO_SUGGESTION	
adilet	63	Ералиев Магжан Абзалович	1989	ru	1	Ералиев, Абзал Жумашович	https://ru.wikipedia.org/wiki/%D0%95%D1%80%D0%B0%D0%BB%D0%B8%D0%B5%D0%B2,_%D0%90%D0%B1%D0%B7%D0%B0%D0%BB_%D0%96%D1%83%D0%BC%D0%B0%D1%88%D0%BE%D0%B2%D0%B8%D1%87	5891329	Q20482521	45	surname-in-title,name-tokens:1/3,context:абзал,депутат,и,казахстан	Абзал Жумашович Ералиев — (каз. Абзал Жұмашұлы Ералиев, 28 марта 1960г, Кызылординская область) — государственный и общественный деятель Казахстана, Герой Труда Казахстана (2013 г.), Почетный гражданин Кызылординской области (2014 г), Президент Ассоциации производителей и переработчиков риса Кызылординской области на общественных началах (с 2008 г), Депутат Кызылординского областного маслихата (2012—2016), Депутат Мажилиса Парламента Республики Казахстан (с 24 марта 2016 г.), член партии «Нур Отан».	SUGGESTED	
adilet	63	Ералиев Магжан Абзалович	1989	kk	0					0	no-suggestion-above-threshold		NO_SUGGESTION	
adilet	64	Ергарин Даурен Тлекович	1982	ru	0					0	no-suggestion-above-threshold		NO_SUGGESTION	
adilet	64	Ергарин Даурен Тлекович	1982	kk	0					0	no-suggestion-above-threshold		NO_SUGGESTION	
adilet	65	Ергешбек Нұрсадық	1972	ru	0					0	no-suggestion-above-threshold		NO_SUGGESTION	
adilet	65	Ергешбек Нұрсадық	1972	kk	0					0	no-suggestion-above-threshold		NO_SUGGESTION	
adilet	66	Ерназар Шынасыл Жеңісұлы	1992	ru	0					0	no-suggestion-above-threshold		NO_SUGGESTION	
adilet	66	Ерназар Шынасыл Жеңісұлы	1992	kk	0					0	no-suggestion-above-threshold		NO_SUGGESTION	
adilet	67	Ерниязова Айсулу Алимжановна	1994	ru	0					0	no-suggestion-above-threshold		NO_SUGGESTION	
adilet	67	Ерниязова Айсулу Алимжановна	1994	kk	0					0	no-suggestion-above-threshold		NO_SUGGESTION	
adilet	68	Есимханов Сунгат Куатович	1973	ru	0					0	no-suggestion-above-threshold		NO_SUGGESTION	
adilet	68	Есимханов Сунгат Куатович	1973	kk	0					0	no-suggestion-above-threshold		NO_SUGGESTION	
adilet	69	Есматов Серик Аманжолулы	1998	ru	0					0	no-suggestion-above-threshold		NO_SUGGESTION	
adilet	69	Есматов Серик Аманжолулы	1998	kk	0					0	no-suggestion-above-threshold		NO_SUGGESTION	
adilet	70	Жакселекова Ботагоз Шаймардановна	1980	ru	0					0	no-suggestion-above-threshold		NO_SUGGESTION	
adilet	70	Жакселекова Ботагоз Шаймардановна	1980	kk	0					0	no-suggestion-above-threshold		NO_SUGGESTION	
adilet	71	Жукебаев Алмат Отаубаевич	1983	ru	0					0	no-suggestion-above-threshold		NO_SUGGESTION	
adilet	71	Жукебаев Алмат Отаубаевич	1983	kk	0					0	no-suggestion-above-threshold		NO_SUGGESTION	
adilet	72	Жумагазиев Эльдар Тынышбаевич	1973	ru	0					0	no-suggestion-above-threshold		NO_SUGGESTION	
adilet	72	Жумагазиев Эльдар Тынышбаевич	1973	kk	0					0	no-suggestion-above-threshold		NO_SUGGESTION	
adilet	73	Жылкыбаева Ляззат Ауесхановна	1975	ru	0					0	no-suggestion-above-threshold		NO_SUGGESTION	
adilet	73	Жылкыбаева Ляззат Ауесхановна	1975	kk	0					0	no-suggestion-above-threshold		NO_SUGGESTION	
adilet	74	Закиева Динара Болатовна	1982	ru	1	Закиева, Динара Болатовна	https://ru.wikipedia.org/wiki/%D0%97%D0%B0%D0%BA%D0%B8%D0%B5%D0%B2%D0%B0,_%D0%94%D0%B8%D0%BD%D0%B0%D1%80%D0%B0_%D0%91%D0%BE%D0%BB%D0%B0%D1%82%D0%BE%D0%B2%D0%BD%D0%B0	9217160	Q112992906	100	exact-title,name-tokens:3/3,birth-year-match,context:депутат,казахстан	Динара Болатовна Закиева (каз. Динара Болатқызы Зәкиева, род. 22 декабря 1982 года, Восточно-Казахстанская область) — казахстанский государственный и общественный деятель. С 16 июня 2023 года Уполномоченный по правам ребёнка в Республике Казахстан. С 2021 по 2023 депутат Мажилиса Парламента Республики Казахстан.	SUGGESTED	
adilet	74	Закиева Динара Болатовна	1982	kk	0					0	no-suggestion-above-threshold		NO_SUGGESTION	
adilet	75	Зенченко Геннадий Геннадьевич	1964	ru	1	Зенченко, Геннадий Геннадьевич	https://ru.wikipedia.org/wiki/%D0%97%D0%B5%D0%BD%D1%87%D0%B5%D0%BD%D0%BA%D0%BE,_%D0%93%D0%B5%D0%BD%D0%BD%D0%B0%D0%B4%D0%B8%D0%B9_%D0%93%D0%B5%D0%BD%D0%BD%D0%B0%D0%B4%D1%8C%D0%B5%D0%B2%D0%B8%D1%87	10959445	Q133797589	95	exact-title,name-tokens:3/3,context:директор,зенченко,и,казахстанская,область	Геннадий Геннадьевич Зенченко (24 сентября 1964; Советский район, Северо-Казахстанская область, СССР) — казахстанский организатор сельскохозяйственного производства. Директор сельхозпредприятия «Зенченко и К» в Северо-Казахстанской области. Герой Труда Казахстана (2024).	SUGGESTED	
adilet	75	Зенченко Геннадий Геннадьевич	1964	ru	2	Зенченко, Геннадий	https://ru.wikipedia.org/wiki/%D0%97%D0%B5%D0%BD%D1%87%D0%B5%D0%BD%D0%BA%D0%BE,_%D0%93%D0%B5%D0%BD%D0%BD%D0%B0%D0%B4%D0%B8%D0%B9	4791450		82	surname-in-title,name-tokens:3/3,birth-year-match,context:директор,зенченко,и,компания	Зенченко, Геннадий: Зенченко, Геннадий Геннадьевич (род. 1964) — казахстанский организатор сельскохозяйственного производства, директор товарищества «Зенченко и компания», Герой Труда Казахстана. Зенченко, Геннадий Иванович (1937—2016) — казахстанский организатор сельскохозяйственного производства, генеральный директор товарищества «Зенченко и компания», Герой Труда Казахстана.	SUGGESTED	
adilet	75	Зенченко Геннадий Геннадьевич	1964	ru	3	Зенченко, Геннадий Иванович	https://ru.wikipedia.org/wiki/%D0%97%D0%B5%D0%BD%D1%87%D0%B5%D0%BD%D0%BA%D0%BE,_%D0%93%D0%B5%D0%BD%D0%BD%D0%B0%D0%B4%D0%B8%D0%B9_%D0%98%D0%B2%D0%B0%D0%BD%D0%BE%D0%B2%D0%B8%D1%87	2510204	Q4191470	54	surname-in-title,name-tokens:2/3,context:директор,зенченко,и,компания	Геннадий Иванович Зенченко (4 мая 1937, совхоз «Приишимский» — 18 декабря 2016) — советский казахстанский организатор сельскохозяйственного производства, генеральный директор коммандитного товарищества «Зенченко и компания», Герой Труда Казахстана (2008).	SUGGESTED	
adilet	75	Зенченко Геннадий Геннадьевич	1964	kk	0					0	no-suggestion-above-threshold		NO_SUGGESTION	
adilet	76	Ильясов Еркебулан Сайдуллаевич	1985	ru	0					0	no-suggestion-above-threshold		NO_SUGGESTION	
adilet	76	Ильясов Еркебулан Сайдуллаевич	1985	kk	0					0	no-suggestion-above-threshold		NO_SUGGESTION	
adilet	77	Имашева Снежанна Валерьевна	1981	ru	1	Имашева, Снежанна Валерьевна	https://ru.wikipedia.org/wiki/%D0%98%D0%BC%D0%B0%D1%88%D0%B5%D0%B2%D0%B0,_%D0%A1%D0%BD%D0%B5%D0%B6%D0%B0%D0%BD%D0%BD%D0%B0_%D0%92%D0%B0%D0%BB%D0%B5%D1%80%D1%8C%D0%B5%D0%B2%D0%BD%D0%B0	11248067	Q136816781	100	exact-title,name-tokens:3/3,birth-year-match,context:депутат,мажилиса,парламента	Снежа́нна Вале́рьевна Има́шева (каз. Снежанна Валерьевна Имашева, бел. Сняжанна Валер'еўна Імашава; род. 20 апреля 1981, село Бекет, Теректинский район, Западно-Казахстанская область, Казахская ССР, СССР) — казахстанский государственный деятель. Депутат Мажилиса Парламента Казахстана с 2016 года до упразднения Парламента в 2026 году. Уполномоченный по вопросам семьи в Казахстане — заместитель председателя Национальной комиссии по делам женщин и семейно-демографической политике с 13 марта 2026 года.	SUGGESTED	
adilet	77	Имашева Снежанна Валерьевна	1981	kk	0					0	no-suggestion-above-threshold		NO_SUGGESTION	
adilet	78	Искандерова Ақерке Нұрғалиқызы	1997	ru	0					0	no-suggestion-above-threshold		NO_SUGGESTION	
adilet	78	Искандерова Ақерке Нұрғалиқызы	1997	kk	0					0	no-suggestion-above-threshold		NO_SUGGESTION	
adilet	79	Кажибаева Раушан Жанабергеновна	1978	ru	0					0	no-suggestion-above-threshold		NO_SUGGESTION	
adilet	79	Кажибаева Раушан Жанабергеновна	1978	kk	0					0	no-suggestion-above-threshold		NO_SUGGESTION	
adilet	80	Каипов Даурен Айтасович	1985	ru	0					0	no-suggestion-above-threshold		NO_SUGGESTION	
adilet	80	Каипов Даурен Айтасович	1985	kk	0					0	no-suggestion-above-threshold		NO_SUGGESTION	
adilet	81	Кайдарова Диляра Радиковна	1967	ru	1	Кайдарова, Диляра Радиковна	https://ru.wikipedia.org/wiki/%D0%9A%D0%B0%D0%B9%D0%B4%D0%B0%D1%80%D0%BE%D0%B2%D0%B0,_%D0%94%D0%B8%D0%BB%D1%8F%D1%80%D0%B0_%D0%A0%D0%B0%D0%B4%D0%B8%D0%BA%D0%BE%D0%B2%D0%BD%D0%B0	8873811	Q109492781	95	exact-title,name-tokens:3/3,context:асфендиярова,казахского,медицинского,национального,первый	Диляра Радиковна Кайдарова (каз. Диляра Радикқызы Қайдарова; 24 июля 1967; Алма-Ата, КазССР, СССР) — казахстанский учёный, гинеколог-онколог, доктор медицинских наук (2010), профессор, академик НАН РК (2017). Иностранный член РАН (2022). С января 2025 года первый проректор-провост Казахского национального медицинского университета им. Санжара Асфендиярова	SUGGESTED	
adilet	81	Кайдарова Диляра Радиковна	1967	kk	0					0	no-suggestion-above-threshold		NO_SUGGESTION	
adilet	82	Калижанова Сандугаш Каиргельдиновна	1973	ru	0					0	no-suggestion-above-threshold		NO_SUGGESTION	
adilet	82	Калижанова Сандугаш Каиргельдиновна	1973	kk	0					0	no-suggestion-above-threshold		NO_SUGGESTION	
adilet	83	Калыков Арман Кобыландынович	1973	ru	1	Калыков, Арман Кобыландынович	https://ru.wikipedia.org/wiki/%D0%9A%D0%B0%D0%BB%D1%8B%D0%BA%D0%BE%D0%B2,_%D0%90%D1%80%D0%BC%D0%B0%D0%BD_%D0%9A%D0%BE%D0%B1%D1%8B%D0%BB%D0%B0%D0%BD%D0%B4%D1%8B%D0%BD%D0%BE%D0%B2%D0%B8%D1%87	10984491	Q133797819	100	exact-title,name-tokens:3/3,birth-year-match,context:viii,депутат,караганда,мажилиса,парламента	Арман Кобыландынович Калыков (каз. Арман Қобыландыұлы Қалықов, род. 30 ноября 1973, Караганда) — казахстанский государственный деятель, член Комитета по вопросам экологии и природопользованию и депутат Мажилиса Парламента Казахстана VIII созыва с 2023 до упразднения Парламента в 2026 году.	SUGGESTED	
adilet	83	Калыков Арман Кобыландынович	1973	kk	0					0	no-suggestion-above-threshold		NO_SUGGESTION	
adilet	84	Карабасова Лаура Чапаевна	1987	ru	0					0	no-suggestion-above-threshold		NO_SUGGESTION	
adilet	84	Карабасова Лаура Чапаевна	1987	kk	0					0	no-suggestion-above-threshold		NO_SUGGESTION	
adilet	85	Кариева Шолпан Кайратовна	1991	ru	0					0	no-suggestion-above-threshold		NO_SUGGESTION	
adilet	85	Кариева Шолпан Кайратовна	1991	kk	0					0	no-suggestion-above-threshold		NO_SUGGESTION	
adilet	86	Карин Ерлан Тынымбайұлы	1976	ru	1	Карин, Ерлан Тынымбайулы	https://ru.wikipedia.org/wiki/%D0%9A%D0%B0%D1%80%D0%B8%D0%BD,_%D0%95%D1%80%D0%BB%D0%B0%D0%BD_%D0%A2%D1%8B%D0%BD%D1%8B%D0%BC%D0%B1%D0%B0%D0%B9%D1%83%D0%BB%D1%8B	3544869	Q4215062	79	surname-in-title,name-tokens:3/3,birth-year-match,context:заместитель,казахстан,республики	Ерлан Тынымбайулы Карин (каз. Ерлан Тынымбайұлы Қарин; род. 26 мая 1976 года, Белые Воды, Чимкентская область, Казахская ССР) — казахстанский политический и общественный деятель, учёный. Государственный советник Республики Казахстан (2022—2026). Председатель Государственной комиссии по полной реабилитации жертв политических репрессий (2020—2023), заместитель председателя Национального курултая (с 2022 года), председатель редакционной коллегии по подготовке многотомного академического издания «История Казахстана с древнейших времён до наших дней», председатель Национальной комиссии по делам ЮНЕСКО и ИСЕСКО в Казахстане. Руководитель рабочей группы по парламентской реформе (2025—2026), заместитель...	SUGGESTED	
adilet	86	Карин Ерлан Тынымбайұлы	1976	kk	0					0	no-suggestion-above-threshold		NO_SUGGESTION	
adilet	87	Каринова Шолпан Танаткызы	1972	ru	0					0	no-suggestion-above-threshold		NO_SUGGESTION	
adilet	87	Каринова Шолпан Танаткызы	1972	kk	0					0	no-suggestion-above-threshold		NO_SUGGESTION	
adilet	88	Кәрібек Дәулет Жамаубайұлы	1990	ru	0					0	no-suggestion-above-threshold		NO_SUGGESTION	
adilet	88	Кәрібек Дәулет Жамаубайұлы	1990	kk	1	Дәулет Жамаубайұлы Кәрібек	https://kk.wikipedia.org/wiki/%D0%94%D3%99%D1%83%D0%BB%D0%B5%D1%82_%D0%96%D0%B0%D0%BC%D0%B0%D1%83%D0%B1%D0%B0%D0%B9%D2%B1%D0%BB%D1%8B_%D0%9A%D3%99%D1%80%D1%96%D0%B1%D0%B5%D0%BA	760436		50	surname-in-title,name-tokens:3/3	Дәулет Жамаубайұлы Кәрібек (12 қыркүйек 1990 жыл, Жаңаарық, Сарысу ауданы, Жамбыл облысы) — Қазақстанның мемлекет және қоғам қайраткері, саясаттанушы, 2023–2026 жылдары «Аманат» партиясының соңғы атқарушы хатшысы.	SUGGESTED	
adilet	89	Кемалов Мейрамбай Тамабаевич	1969	ru	0					0	no-suggestion-above-threshold		NO_SUGGESTION	
adilet	89	Кемалов Мейрамбай Тамабаевич	1969	kk	0					0	no-suggestion-above-threshold		NO_SUGGESTION	
adilet	90	Кенжеханұлы Рауан	1979	ru	0					0	no-suggestion-above-threshold		NO_SUGGESTION	
adilet	90	Кенжеханұлы Рауан	1979	kk	1	Рауан Кенжеханұлы	https://kk.wikipedia.org/wiki/%D0%A0%D0%B0%D1%83%D0%B0%D0%BD_%D0%9A%D0%B5%D0%BD%D0%B6%D0%B5%D1%85%D0%B0%D0%BD%D2%B1%D0%BB%D1%8B	666293	Q17525059	53	surname-in-title,name-tokens:2/2,context:қазақстан	Рауан Кенжеханұлы (1 мамыр 1979 жыл, Тарбағатай ауданы, Шығыс Қазақстан облысы) — қазақстандық қоғам қайраткері, журналист, дипломат және әлеуметтік кәсіпкер, 2011 жылғы «Жыл Уикипедияшысы». Кенжеханұлы — «Халықаралық «Қазақ тілі» қоғамы» қоғамдық бірлестігінің президенті (2023), халықаралық Young President Organization ұйымының Қазақстандық бөлімшесінің төрағасы (2024–2025).	SUGGESTED	
adilet	91	Керимбаева Наргиза Абайдуллаевна	1981	ru	0					0	no-suggestion-above-threshold		NO_SUGGESTION	
adilet	91	Керимбаева Наргиза Абайдуллаевна	1981	kk	0					0	no-suggestion-above-threshold		NO_SUGGESTION	
adilet	92	Кисикова Актоты Жанараловна	1975	ru	0					0	no-suggestion-above-threshold		NO_SUGGESTION	
adilet	92	Кисикова Актоты Жанараловна	1975	kk	0					0	no-suggestion-above-threshold		NO_SUGGESTION	
adilet	93	Кобеева Алтынай Орманкалиевна	1972	ru	0					0	no-suggestion-above-threshold		NO_SUGGESTION	
adilet	93	Кобеева Алтынай Орманкалиевна	1972	kk	0					0	no-suggestion-above-threshold		NO_SUGGESTION	
adilet	94	Кожаев Марат Шадетханович	1964	ru	1	Кожаев, Марат Шадетханович	https://ru.wikipedia.org/wiki/%D0%9A%D0%BE%D0%B6%D0%B0%D0%B5%D0%B2,_%D0%9C%D0%B0%D1%80%D0%B0%D1%82_%D0%A8%D0%B0%D0%B4%D0%B5%D1%82%D1%85%D0%B0%D0%BD%D0%BE%D0%B2%D0%B8%D1%87	11219211	Q136816517	86	exact-title,name-tokens:3/3,context:казахстан,республики	Марат Шадетханович Кожаев (каз. Марат Шәдетханұлы Қожаев; 23 февраля 1964, Алматинская область) — казахстанский государственный деятель, сотрудник правоохранительных органов и юрист. С 4 октября 2024 года сенатор Республики Казахстан. Ранее занимал должность первого заместителя Министра внутренних дел Республики Казахстан с 8 апреля 2019 по 4 октября 2024 года. Генерал-лейтенант полиции.	SUGGESTED	
adilet	94	Кожаев Марат Шадетханович	1964	kk	0					0	no-suggestion-above-threshold		NO_SUGGESTION	
adilet	95	Кожаниязов Серик Салаватович	1965	ru	1	Кожаниязов, Серик Салаватович	https://ru.wikipedia.org/wiki/%D0%9A%D0%BE%D0%B6%D0%B0%D0%BD%D0%B8%D1%8F%D0%B7%D0%BE%D0%B2,_%D0%A1%D0%B5%D1%80%D0%B8%D0%BA_%D0%A1%D0%B0%D0%BB%D0%B0%D0%B2%D0%B0%D1%82%D0%BE%D0%B2%D0%B8%D1%87	11014227	Q133798104	80	exact-title,name-tokens:3/3	Серик Салаватович Кожаниязов (каз. Серік Салауатұлы Қожаниязов) — казахстанский политический и государственный деятель. Аким города Кызылорды (2007—2008; с 10 января по 1 августа 2024).	SUGGESTED	
adilet	95	Кожаниязов Серик Салаватович	1965	kk	0					0	no-suggestion-above-threshold		NO_SUGGESTION	
adilet	96	Кожахметова Лаззат Таймыровна	1976	ru	0					0	no-suggestion-above-threshold		NO_SUGGESTION	
adilet	96	Кожахметова Лаззат Таймыровна	1976	kk	0					0	no-suggestion-above-threshold		NO_SUGGESTION	
adilet	97	Кузиева Замира Закиржановна	1996	ru	0					0	no-suggestion-above-threshold		NO_SUGGESTION	
adilet	97	Кузиева Замира Закиржановна	1996	kk	0					0	no-suggestion-above-threshold		NO_SUGGESTION	
adilet	98	Куйкабаев Аскар Нуртуганович	1987	ru	0					0	no-suggestion-above-threshold		NO_SUGGESTION	
adilet	98	Куйкабаев Аскар Нуртуганович	1987	kk	0					0	no-suggestion-above-threshold		NO_SUGGESTION	
adilet	99	Кучинская Юлия Владимировна	1982	ru	1	Кучинская, Юлия Владимировна	https://ru.wikipedia.org/wiki/%D0%9A%D1%83%D1%87%D0%B8%D0%BD%D1%81%D0%BA%D0%B0%D1%8F,_%D0%AE%D0%BB%D0%B8%D1%8F_%D0%92%D0%BB%D0%B0%D0%B4%D0%B8%D0%BC%D0%B8%D1%80%D0%BE%D0%B2%D0%BD%D0%B0	10177220	Q120277711	100	exact-title,name-tokens:3/3,birth-year-match,context:viii,депутат,мажилиса,парламента	Юлия Владимировна Кучинская (род. 3 февраля 1982 года, Целиноград, Казахская ССР, СССР) — казахстанский политический деятель, социолог. Депутат Мажилиса Парламента Казахстана VII—VIII созывов с 2021 до упразднения Парламента в 2026 году.	SUGGESTED	
adilet	99	Кучинская Юлия Владимировна	1982	kk	0					0	no-suggestion-above-threshold		NO_SUGGESTION	
adilet	100	Қамзабекұлы Дихан	1966	ru	0					0	no-suggestion-above-threshold		NO_SUGGESTION	
adilet	100	Қамзабекұлы Дихан	1966	kk	1	Дихан Қамзабекұлы	https://kk.wikipedia.org/wiki/%D0%94%D0%B8%D1%85%D0%B0%D0%BD_%D2%9A%D0%B0%D0%BC%D0%B7%D0%B0%D0%B1%D0%B5%D0%BA%D2%B1%D0%BB%D1%8B	43187	Q4211543	56	surname-in-title,name-tokens:2/2,context:газеттері,қазақ	Дихан Қамзабекұлы (19 маусым 1966(19660619), Жиынбай ауылы, Түлкібас ауданы, Түркістан облысы) – филолог, әдебиет тарихшысы, алаштанушы, филология ғылымдарының докторы (2003), профессор (2004), ҚР ҰҒА академигі. «Қазақ газеттері» ЖШС бас директоры.	SUGGESTED	
adilet	101	Құрмансейіт Ақжол Ахатұлы	1990	ru	0					0	no-suggestion-above-threshold		NO_SUGGESTION	
adilet	101	Құрмансейіт Ақжол Ахатұлы	1990	kk	0					0	no-suggestion-above-threshold		NO_SUGGESTION	
adilet	102	Құрметұлы Абылай	1994	ru	0					0	no-suggestion-above-threshold		NO_SUGGESTION	
adilet	102	Құрметұлы Абылай	1994	kk	0					0	no-suggestion-above-threshold		NO_SUGGESTION	
adilet	103	Лаврентьев Андрей Сергеевич	1979	ru	1	Лаврентьев, Андрей Сергеевич	https://ru.wikipedia.org/wiki/%D0%9B%D0%B0%D0%B2%D1%80%D0%B5%D0%BD%D1%82%D1%8C%D0%B5%D0%B2,_%D0%90%D0%BD%D0%B4%D1%80%D0%B5%D0%B9_%D0%A1%D0%B5%D1%80%D0%B3%D0%B5%D0%B5%D0%B2%D0%B8%D1%87	4624377	Q15070876	100	exact-title,name-tokens:3/3,birth-year-match,context:ао,группа,директоров,компаний,председатель	Андрей Сергеевич Лаврентьев (род. 29 июня 1979 года, Алма-Ата, Казахская ССР) — казахстанский предприниматель, председатель совета директоров АО «Qarmet», АО «Группа Компаний Allur».	SUGGESTED	
adilet	103	Лаврентьев Андрей Сергеевич	1979	ru	2	Лаврентьев, Андрей	https://ru.wikipedia.org/wiki/%D0%9B%D0%B0%D0%B2%D1%80%D0%B5%D0%BD%D1%82%D1%8C%D0%B5%D0%B2,_%D0%90%D0%BD%D0%B4%D1%80%D0%B5%D0%B9	4748385	Q16669722	70	surname-in-title,name-tokens:3/3,birth-year-match	Андре́й Лавре́нтьев: Лаврентьев, Андрей Алексеевич (1818—1889) — русский врач, тайный советник. Лаврентьев, Андрей Николаевич (1882—1935) — актёр и театральный режиссёр. Лаврентьев, Андрей Сергеевич (род. 1979) — казахстанский предприниматель.	SUGGESTED	
adilet	103	Лаврентьев Андрей Сергеевич	1979	kk	0					0	no-suggestion-above-threshold		NO_SUGGESTION	
adilet	104	Маралов Даурен Адилмырзаевич	1980	ru	0					0	no-suggestion-above-threshold		NO_SUGGESTION	
adilet	104	Маралов Даурен Адилмырзаевич	1980	kk	0					0	no-suggestion-above-threshold		NO_SUGGESTION	
adilet	105	Матжани Нурбек Сеилханулы	1989	ru	0					0	no-suggestion-above-threshold		NO_SUGGESTION	
adilet	105	Матжани Нурбек Сеилханулы	1989	kk	0					0	no-suggestion-above-threshold		NO_SUGGESTION	
adilet	106	Медеуова Дана Теміртайқызы	1978	ru	0					0	no-suggestion-above-threshold		NO_SUGGESTION	
adilet	106	Медеуова Дана Теміртайқызы	1978	kk	0					0	no-suggestion-above-threshold		NO_SUGGESTION	
adilet	107	Мекеева Жанат Жумагазиновна	1979	ru	0					0	no-suggestion-above-threshold		NO_SUGGESTION	
adilet	107	Мекеева Жанат Жумагазиновна	1979	kk	0					0	no-suggestion-above-threshold		NO_SUGGESTION	
adilet	108	Мусин Багдат Батырбекович	1983	ru	1	Мусин, Багдат Батырбекович	https://ru.wikipedia.org/wiki/%D0%9C%D1%83%D1%81%D0%B8%D0%BD,_%D0%91%D0%B0%D0%B3%D0%B4%D0%B0%D1%82_%D0%91%D0%B0%D1%82%D1%8B%D1%80%D0%B1%D0%B5%D0%BA%D0%BE%D0%B2%D0%B8%D1%87	8428665	Q98103179	100	exact-title,name-tokens:3/3,birth-year-match,context:ао,казахстан,правления,председатель	Багдат Батырбекович Мусин (каз. Бағдат Батырбекұлы Мусин; род. 3 марта 1983, Экибастуз, Павлодарская область, Казахская ССР, СССР) — казахстанский государственный деятель. Министр цифрового развития, инноваций и аэрокосмической промышленности Республики Казахстан (2020—2024). Председатель правления АО «Қазақтелеком» с 10 июня 2024 года.	SUGGESTED	
adilet	108	Мусин Багдат Батырбекович	1983	kk	0					0	no-suggestion-above-threshold		NO_SUGGESTION	
adilet	109	Муталип Шахмурат	1990	ru	1	Муталип, Шахмурат	https://ru.wikipedia.org/wiki/%D0%9C%D1%83%D1%82%D0%B0%D0%BB%D0%B8%D0%BF,_%D0%A8%D0%B0%D1%85%D0%BC%D1%83%D1%80%D0%B0%D1%82	11263774	Q136445437	100	exact-title,name-tokens:2/2,birth-year-match,context:бокса,казахстана,президент,федерации	Шахмурат Муталип (каз. Шахмұрат Мүтәліп; род. 18 сентября 1990 года, село Аскара Токпанова (до 2024 года село КазЦИК), Алматинская область, Казахская ССР) — казахстанский бизнесмен, Президент федерации бокса Казахстана.	SUGGESTED	
adilet	109	Муталип Шахмурат	1990	kk	0					0	no-suggestion-above-threshold		NO_SUGGESTION	
adilet	110	Мухамбедиев Муратбек Кайрсапиевич	1987	ru	0					0	no-suggestion-above-threshold		NO_SUGGESTION	
adilet	110	Мухамбедиев Муратбек Кайрсапиевич	1987	kk	0					0	no-suggestion-above-threshold		NO_SUGGESTION	
adilet	111	Муханбетжанова Алия Бигазиевна	1978	ru	0					0	no-suggestion-above-threshold		NO_SUGGESTION	
adilet	111	Муханбетжанова Алия Бигазиевна	1978	kk	0					0	no-suggestion-above-threshold		NO_SUGGESTION	
adilet	112	Мухтарова Назгуль Батыржановна	1990	ru	0					0	no-suggestion-above-threshold		NO_SUGGESTION	
adilet	112	Мухтарова Назгуль Батыржановна	1990	kk	0					0	no-suggestion-above-threshold		NO_SUGGESTION	
adilet	113	Мұсылманбек Ерқанат Серікұлы	1992	ru	0					0	no-suggestion-above-threshold		NO_SUGGESTION	
adilet	113	Мұсылманбек Ерқанат Серікұлы	1992	kk	0					0	no-suggestion-above-threshold		NO_SUGGESTION	
adilet	114	Мырзағараев Мади Жомартұлы	1975	ru	0					0	no-suggestion-above-threshold		NO_SUGGESTION	
adilet	114	Мырзағараев Мади Жомартұлы	1975	kk	0					0	no-suggestion-above-threshold		NO_SUGGESTION	
adilet	115	Наимбекова Айжан Избасхановна	1972	ru	0					0	no-suggestion-above-threshold		NO_SUGGESTION	
adilet	115	Наимбекова Айжан Избасхановна	1972	kk	0					0	no-suggestion-above-threshold		NO_SUGGESTION	
adilet	116	Нарымбетов Бахадыр Мадалиевич	1972	ru	0					0	no-suggestion-above-threshold		NO_SUGGESTION	
adilet	116	Нарымбетов Бахадыр Мадалиевич	1972	kk	0					0	no-suggestion-above-threshold		NO_SUGGESTION	
adilet	117	Нахбаева Гүлісхан Сайфулинқызы	1991	ru	1	Нахбаева, Гулисхан Сайфуллиновна	https://ru.wikipedia.org/wiki/%D0%9D%D0%B0%D1%85%D0%B1%D0%B0%D0%B5%D0%B2%D0%B0,_%D0%93%D1%83%D0%BB%D0%B8%D1%81%D1%85%D0%B0%D0%BD_%D0%A1%D0%B0%D0%B9%D1%84%D1%83%D0%BB%D0%BB%D0%B8%D0%BD%D0%BE%D0%B2%D0%BD%D0%B0	5660262	Q16225599	70	surname-in-title,name-tokens:3/3,birth-year-match	Гулисхан Сайфуллиновна Нахбаева (каз. Гүлісхан Сайфулинқызы Нахбаева; род. 20 июня 1991, Шымкент) — казахстанская шахматистка, гроссмейстер среди женщин (2012). Лидер и капитан женской сборной Казахстана по шахматам.	SUGGESTED	
adilet	117	Нахбаева Гүлісхан Сайфулинқызы	1991	kk	0					0	no-suggestion-above-threshold		NO_SUGGESTION	
adilet	118	Ниязалиев Нуржан Ауезович	1989	ru	0					0	no-suggestion-above-threshold		NO_SUGGESTION	
adilet	118	Ниязалиев Нуржан Ауезович	1989	kk	0					0	no-suggestion-above-threshold		NO_SUGGESTION	
adilet	119	Нургалиев Ербол Жолдаспекович	1975	ru	0					0	no-suggestion-above-threshold		NO_SUGGESTION	
adilet	119	Нургалиев Ербол Жолдаспекович	1975	kk	0					0	no-suggestion-above-threshold		NO_SUGGESTION	
adilet	120	Нурмухамедов Бурихан Жолбарисович	1963	ru	0					0	no-suggestion-above-threshold		NO_SUGGESTION	
adilet	120	Нурмухамедов Бурихан Жолбарисович	1963	kk	0					0	no-suggestion-above-threshold		NO_SUGGESTION	
adilet	121	Осин Кирилл Владимирович	1986	ru	0					0	no-suggestion-above-threshold		NO_SUGGESTION	
adilet	121	Осин Кирилл Владимирович	1986	kk	0					0	no-suggestion-above-threshold		NO_SUGGESTION	
adilet	122	Оспанбеков Амирбек Канатбекович	1982	ru	0					0	no-suggestion-above-threshold		NO_SUGGESTION	
adilet	122	Оспанбеков Амирбек Канатбекович	1982	kk	0					0	no-suggestion-above-threshold		NO_SUGGESTION	
adilet	123	Оспанов Шота Сабитбекович	1968	ru	0					0	no-suggestion-above-threshold		NO_SUGGESTION	
adilet	123	Оспанов Шота Сабитбекович	1968	kk	0					0	no-suggestion-above-threshold		NO_SUGGESTION	
adilet	124	Павленко Дмитрий Иванович	1971	ru	0					0	no-suggestion-above-threshold		NO_SUGGESTION	
adilet	124	Павленко Дмитрий Иванович	1971	kk	0					0	no-suggestion-above-threshold		NO_SUGGESTION	
adilet	125	Парсегова Анжелика Борисовна	1987	ru	0					0	no-suggestion-above-threshold		NO_SUGGESTION	
adilet	125	Парсегова Анжелика Борисовна	1987	kk	0					0	no-suggestion-above-threshold		NO_SUGGESTION	
adilet	126	Перепечина Ольга Валентиновна	1967	ru	1	Перепечина, Ольга Валентиновна	https://ru.wikipedia.org/wiki/%D0%9F%D0%B5%D1%80%D0%B5%D0%BF%D0%B5%D1%87%D0%B8%D0%BD%D0%B0,_%D0%9E%D0%BB%D1%8C%D0%B3%D0%B0_%D0%92%D0%B0%D0%BB%D0%B5%D0%BD%D1%82%D0%B8%D0%BD%D0%BE%D0%B2%D0%BD%D0%B0	7867258	Q12557154	100	exact-title,name-tokens:3/3,birth-year-match,context:депутат,парламента,сената	Ольга Валентиновна Перепечина (род. 23 августа 1967, Новоникольское, Северо-Казахстанская область) — казахстанский общественный и политический деятель. С 2014 года депутат и с 2023 года заместитель председателя Сената Парламента Казахстана до упразднения Парламента в 2026 году.	SUGGESTED	
adilet	126	Перепечина Ольга Валентиновна	1967	kk	1	Ольга Валентиновна Перепечина	https://kk.wikipedia.org/wiki/%D0%9E%D0%BB%D1%8C%D0%B3%D0%B0_%D0%92%D0%B0%D0%BB%D0%B5%D0%BD%D1%82%D0%B8%D0%BD%D0%BE%D0%B2%D0%BD%D0%B0_%D0%9F%D0%B5%D1%80%D0%B5%D0%BF%D0%B5%D1%87%D0%B8%D0%BD%D0%B0	103949	Q12557154	53	surname-in-title,name-tokens:3/3,context:қазақстан	Ольга Валентиновна Перепечина (23 тамыз 1957, Солтүстік Қазақстан облысы) — қазақстандық саясаткер, қаржыгер және экономист. 2014–2026 жылдары Парламент Сенатының депутаты және 2022–2026 жылдары Парламент Сенаты төрағасының орынбасары.	SUGGESTED	
adilet	127	Петров Константин Викторович	1969	ru	0					0	no-suggestion-above-threshold		NO_SUGGESTION	
adilet	127	Петров Константин Викторович	1969	kk	0					0	no-suggestion-above-threshold		NO_SUGGESTION	
adilet	128	Пономарёв Сергей Михайлович	1961	ru	1	Пономарёв, Сергей Михайлович	https://ru.wikipedia.org/wiki/%D0%9F%D0%BE%D0%BD%D0%BE%D0%BC%D0%B0%D1%80%D1%91%D0%B2,_%D0%A1%D0%B5%D1%80%D0%B3%D0%B5%D0%B9_%D0%9C%D0%B8%D1%85%D0%B0%D0%B9%D0%BB%D0%BE%D0%B2%D0%B8%D1%87	10523376	Q124771340	100	exact-title,name-tokens:3/3,birth-year-match,context:viii,депутат,мажилиса,парламента,созыва	Сергей Михайлович Пономарёв (род. 5 апреля 1961, Алма-Ата, Казахская ССР, СССР) — казахстанский журналист, общественный деятель. Депутат Мажилиса Парламента Казахстана VIII созыва.	SUGGESTED	
adilet	128	Пономарёв Сергей Михайлович	1961	kk	0					0	no-suggestion-above-threshold		NO_SUGGESTION	
adilet	129	Пулатов Шерзод Аббозович	1978	ru	0					0	no-suggestion-above-threshold		NO_SUGGESTION	
adilet	129	Пулатов Шерзод Аббозович	1978	kk	0					0	no-suggestion-above-threshold		NO_SUGGESTION	
adilet	130	Разбекова Ляззат Муратовна	1974	ru	0					0	no-suggestion-above-threshold		NO_SUGGESTION	
adilet	130	Разбекова Ляззат Муратовна	1974	kk	0					0	no-suggestion-above-threshold		NO_SUGGESTION	
adilet	131	Рамазанова Наталья Сергеевна	1991	ru	0					0	no-suggestion-above-threshold		NO_SUGGESTION	
adilet	131	Рамазанова Наталья Сергеевна	1991	kk	0					0	no-suggestion-above-threshold		NO_SUGGESTION	
adilet	132	Рахметова Айзада Нурлановна	1991	ru	0					0	no-suggestion-above-threshold		NO_SUGGESTION	
adilet	132	Рахметова Айзада Нурлановна	1991	kk	0					0	no-suggestion-above-threshold		NO_SUGGESTION	
adilet	133	Рожин Максим Николаевич	1983	ru	1	Рожин, Максим Николаевич	https://ru.wikipedia.org/wiki/%D0%A0%D0%BE%D0%B6%D0%B8%D0%BD,_%D0%9C%D0%B0%D0%BA%D1%81%D0%B8%D0%BC_%D0%9D%D0%B8%D0%BA%D0%BE%D0%BB%D0%B0%D0%B5%D0%B2%D0%B8%D1%87	10173163	Q120281214	100	exact-title,name-tokens:3/3,birth-year-match,context:viii,депутат,мажилиса,парламента,созыва	Максим Николаевич Рожин (род. 11 октября 1983 года, Каскелен, Алма-Атинская область, Казахская ССР, СССР) — казахстанский общественно-политический деятель. Депутат Мажилиса Парламента Казахстана VIII созыва с 2023 до упразднения Парламента в 2026 году.	SUGGESTED	
adilet	133	Рожин Максим Николаевич	1983	kk	0					0	no-suggestion-above-threshold		NO_SUGGESTION	
adilet	134	Рымжанов Мади Рысбекович	1978	ru	0					0	no-suggestion-above-threshold		NO_SUGGESTION	
adilet	134	Рымжанов Мади Рысбекович	1978	kk	0					0	no-suggestion-above-threshold		NO_SUGGESTION	
adilet	135	Сабитова Айнур Алимхановна	1975	ru	0					0	no-suggestion-above-threshold		NO_SUGGESTION	
adilet	135	Сабитова Айнур Алимхановна	1975	kk	0					0	no-suggestion-above-threshold		NO_SUGGESTION	
adilet	136	Савельева Татьяна Михайловна	1976	ru	1	Савельева, Татьяна Михайловна	https://ru.wikipedia.org/wiki/%D0%A1%D0%B0%D0%B2%D0%B5%D0%BB%D1%8C%D0%B5%D0%B2%D0%B0,_%D0%A2%D0%B0%D1%82%D1%8C%D1%8F%D0%BD%D0%B0_%D0%9C%D0%B8%D1%85%D0%B0%D0%B9%D0%BB%D0%BE%D0%B2%D0%BD%D0%B0	11249409	Q136816795	100	exact-title,name-tokens:3/3,birth-year-match,context:депутат,мажилиса,парламента	Татья́на Миха́йловна Саве́льева (каз. Татьяна Михайловна Савельева; род. 11 апреля 1976, Акмолинская область, Казахская ССР, СССР) — казахстанский государственный деятель и экономист. Депутат Мажилиса Парламента Казахстана с 2023 до упразднения Парламента в 2026 году.	SUGGESTED	
adilet	136	Савельева Татьяна Михайловна	1976	kk	0					0	no-suggestion-above-threshold		NO_SUGGESTION	
adilet	137	Сагимбаева Жулдуз Абдипулатовна	1992	ru	0					0	no-suggestion-above-threshold		NO_SUGGESTION	
adilet	137	Сагимбаева Жулдуз Абдипулатовна	1992	kk	0					0	no-suggestion-above-threshold		NO_SUGGESTION	
adilet	138	Сагинов Замир Садыкович	1966	ru	0					0	no-suggestion-above-threshold		NO_SUGGESTION	
adilet	138	Сагинов Замир Садыкович	1966	kk	0					0	no-suggestion-above-threshold		NO_SUGGESTION	
adilet	139	Садвакасова Динара Тайбасаровна	1988	ru	0					0	no-suggestion-above-threshold		NO_SUGGESTION	
adilet	139	Садвакасова Динара Тайбасаровна	1988	kk	0					0	no-suggestion-above-threshold		NO_SUGGESTION	
adilet	140	Сайланбаев Алибек Айдосулы	1995	ru	0					0	no-suggestion-above-threshold		NO_SUGGESTION	
adilet	140	Сайланбаев Алибек Айдосулы	1995	kk	0					0	no-suggestion-above-threshold		NO_SUGGESTION	
adilet	141	Сайыр Ерлан Биахметұлы	1970	ru	0					0	no-suggestion-above-threshold		NO_SUGGESTION	
adilet	141	Сайыр Ерлан Биахметұлы	1970	kk	0					0	no-suggestion-above-threshold		NO_SUGGESTION	
adilet	142	Сапарова Эльмира Карифуллаевна	1978	ru	0					0	no-suggestion-above-threshold		NO_SUGGESTION	
adilet	142	Сапарова Эльмира Карифуллаевна	1978	kk	0					0	no-suggestion-above-threshold		NO_SUGGESTION	
adilet	143	Сартбаева Әсем Бахытқызы	1995	ru	0					0	no-suggestion-above-threshold		NO_SUGGESTION	
adilet	143	Сартбаева Әсем Бахытқызы	1995	kk	0					0	no-suggestion-above-threshold		NO_SUGGESTION	
adilet	144	Сарым Айдос Әміроллаұлы	1975	ru	1	Сарым, Айдос Амироллаулы	https://ru.wikipedia.org/wiki/%D0%A1%D0%B0%D1%80%D1%8B%D0%BC,_%D0%90%D0%B9%D0%B4%D0%BE%D1%81_%D0%90%D0%BC%D0%B8%D1%80%D0%BE%D0%BB%D0%BB%D0%B0%D1%83%D0%BB%D1%8B	8974045	Q12527422	82	surname-in-title,name-tokens:3/3,birth-year-match,context:viii,депутат,мажилиса,парламента	Айдос Амироллаулы Сарым (каз. Айдос Әміроллаұлы Сарым; род. 10 сентября 1975) — казахстанский политический деятель, депутат мажилиса парламента Казахстана VII—VIII созывов (2021—2026).	SUGGESTED	
adilet	144	Сарым Айдос Әміроллаұлы	1975	kk	1	Айдос Әміроллаұлы Сарым	https://kk.wikipedia.org/wiki/%D0%90%D0%B9%D0%B4%D0%BE%D1%81_%D3%98%D0%BC%D1%96%D1%80%D0%BE%D0%BB%D0%BB%D0%B0%D2%B1%D0%BB%D1%8B_%D0%A1%D0%B0%D1%80%D1%8B%D0%BC	483609	Q12527422	50	surname-in-title,name-tokens:3/3	Айдос Әміроллаұлы Сарым (10-қыркүйек, 1975 жыл, Алматы қаласы) - мемлекет және қоғам қайраткері, саясаттанушы.	SUGGESTED	
adilet	145	Себасов Марат Бакбергенович	1981	ru	0					0	no-suggestion-above-threshold		NO_SUGGESTION	
adilet	145	Себасов Марат Бакбергенович	1981	kk	0					0	no-suggestion-above-threshold		NO_SUGGESTION	
adilet	146	Семидоцких Елена Александровна	1984	ru	0					0	no-suggestion-above-threshold		NO_SUGGESTION	
adilet	146	Семидоцких Елена Александровна	1984	kk	0					0	no-suggestion-above-threshold		NO_SUGGESTION	
adilet	147	Скакова Айжан Амангельдиевна	1977	ru	1	Скакова, Айжан Амангельдиевна	https://ru.wikipedia.org/wiki/%D0%A1%D0%BA%D0%B0%D0%BA%D0%BE%D0%B2%D0%B0,_%D0%90%D0%B9%D0%B6%D0%B0%D0%BD_%D0%90%D0%BC%D0%B0%D0%BD%D0%B3%D0%B5%D0%BB%D1%8C%D0%B4%D0%B8%D0%B5%D0%B2%D0%BD%D0%B0	9184014	Q112992801	100	exact-title,name-tokens:3/3,birth-year-match,context:депутат,казахстан	Айжан Амангельдиевна Скакова (каз. Айжан Амангелдіқызы Сқақова, род. 8 мая 1977 года, Алма-Ата, Казахская ССР) — казахстанский государственный деятель. С 15 января 2021 года — депутат Мажилиса Парламента Республики Казахстан VІI созыва, избрана по партийному списку партии «НПК», член Комитета по вопросам экологии и природопользованию Мажилиса Парламента Республики Казахстан.	SUGGESTED	
adilet	147	Скакова Айжан Амангельдиевна	1977	kk	0					0	no-suggestion-above-threshold		NO_SUGGESTION	
adilet	148	Смышляева Екатерина Васильевна	1982	ru	1	Смышляева, Екатерина Васильевна	https://ru.wikipedia.org/wiki/%D0%A1%D0%BC%D1%8B%D1%88%D0%BB%D1%8F%D0%B5%D0%B2%D0%B0,_%D0%95%D0%BA%D0%B0%D1%82%D0%B5%D1%80%D0%B8%D0%BD%D0%B0_%D0%92%D0%B0%D1%81%D0%B8%D0%BB%D1%8C%D0%B5%D0%B2%D0%BD%D0%B0	9229240	Q112991646	100	exact-title,name-tokens:3/3,birth-year-match,context:viii,депутат,мажилиса,парламента	Екатерина Васильевна Смышляева (род. 8 февраля 1982 года, Кустанай, Кустанайская область, Казахская ССР) — казахстанский общественный деятель. Депутат Мажилиса Парламента Казахстана VII—VIII созывов (2021—2026).	SUGGESTED	
adilet	148	Смышляева Екатерина Васильевна	1982	kk	0					0	no-suggestion-above-threshold		NO_SUGGESTION	
adilet	149	Соловьёва Ирина Анатольевна	1970	ru	0					0	no-suggestion-above-threshold		NO_SUGGESTION	
adilet	149	Соловьёва Ирина Анатольевна	1970	kk	0					0	no-suggestion-above-threshold		NO_SUGGESTION	
adilet	150	Солтабаева Эльзира Ауесхановна	1982	ru	0					0	no-suggestion-above-threshold		NO_SUGGESTION	
adilet	150	Солтабаева Эльзира Ауесхановна	1982	kk	0					0	no-suggestion-above-threshold		NO_SUGGESTION	
adilet	151	Сулаймонова Русана Руслановна	1999	ru	0					0	no-suggestion-above-threshold		NO_SUGGESTION	
adilet	151	Сулаймонова Русана Руслановна	1999	kk	0					0	no-suggestion-above-threshold		NO_SUGGESTION	
adilet	152	Сулейменова Айсулу Канатовна	1991	ru	0					0	no-suggestion-above-threshold		NO_SUGGESTION	
adilet	152	Сулейменова Айсулу Канатовна	1991	kk	0					0	no-suggestion-above-threshold		NO_SUGGESTION	
adilet	153	Сулейменова Жулдыз Досбергеновна	1983	ru	1	Сулейменова, Жулдыз Досбергеновна	https://ru.wikipedia.org/wiki/%D0%A1%D1%83%D0%BB%D0%B5%D0%B9%D0%BC%D0%B5%D0%BD%D0%BE%D0%B2%D0%B0,_%D0%96%D1%83%D0%BB%D0%B4%D1%8B%D0%B7_%D0%94%D0%BE%D1%81%D0%B1%D0%B5%D1%80%D0%B3%D0%B5%D0%BD%D0%BE%D0%B2%D0%BD%D0%B0	8973988	Q109493950	100	exact-title,name-tokens:3/3,birth-year-match,context:депутат,и,казахстан,министр,образования	Жулдыз Досбергеновна Сулейменова (каз. Жұлдыз Досбергенқызы Сүлейменова; род. 25 августа 1983, Актюбинск, Казахская ССР, СССР) — казахстанский государственный деятель, историк и философ. Министр просвещения Казахстана с 2025 года. Депутат Мажилиса Парламента Казахстана с 2021 по 2025 годы. В рамках своей парламентской деятельности Жулдыз Сулейменова занимается вопросами социальной защиты населения, развития системы образования и науки, а также защитой прав женщин. Она возглавляла рабочую группу по разработке и обсуждению Закона Республики Казахстан «Об общественном контроле», направленного на повышение прозрачности в работе государственных органов и усиление участия гражданского общества в процессе...	SUGGESTED	
adilet	153	Сулейменова Жулдыз Досбергеновна	1983	ru	2	Сулейменова	https://ru.wikipedia.org/wiki/%D0%A1%D1%83%D0%BB%D0%B5%D0%B9%D0%BC%D0%B5%D0%BD%D0%BE%D0%B2%D0%B0	6661758	Q109072927	73	surname-in-title,name-tokens:3/3,birth-year-match,context:депутат	Сулейменова, Жулдыз Досбергеновна (род. 1983) — депутат мажилиса парламента Казахстана VII созыва. Сулейменова, Зульфия Булатовна (род. 1990) — депутат мажилиса парламента Казахстана VII созыва.	SUGGESTED	
adilet	153	Сулейменова Жулдыз Досбергеновна	1983	kk	0					0	no-suggestion-above-threshold		NO_SUGGESTION	
adilet	154	Сүгірбай Аят Исатайұлы	1982	ru	0					0	no-suggestion-above-threshold		NO_SUGGESTION	
adilet	154	Сүгірбай Аят Исатайұлы	1982	kk	0					0	no-suggestion-above-threshold		NO_SUGGESTION	
adilet	155	Талаева Таттыгуль Жаксыбаевна	1967	ru	0					0	no-suggestion-above-threshold		NO_SUGGESTION	
adilet	155	Талаева Таттыгуль Жаксыбаевна	1967	kk	0					0	no-suggestion-above-threshold		NO_SUGGESTION	
adilet	156	Талғатбекова Нұргүл Ахатқызы	2000	ru	0					0	no-suggestion-above-threshold		NO_SUGGESTION	
adilet	156	Талғатбекова Нұргүл Ахатқызы	2000	kk	0					0	no-suggestion-above-threshold		NO_SUGGESTION	
adilet	157	Тамабек Әбілхайыр Ғалымұлы	1994	ru	0					0	no-suggestion-above-threshold		NO_SUGGESTION	
adilet	157	Тамабек Әбілхайыр Ғалымұлы	1994	kk	0					0	no-suggestion-above-threshold		NO_SUGGESTION	
adilet	158	Тауан Мухамедкали Эдуардович	1987	ru	0					0	no-suggestion-above-threshold		NO_SUGGESTION	
adilet	158	Тауан Мухамедкали Эдуардович	1987	kk	0					0	no-suggestion-above-threshold		NO_SUGGESTION	
adilet	159	Темербаева Айжан Маратовна	1990	ru	0					0	no-suggestion-above-threshold		NO_SUGGESTION	
adilet	159	Темербаева Айжан Маратовна	1990	kk	0					0	no-suggestion-above-threshold		NO_SUGGESTION	
adilet	160	Тен Ирина Сергеевна	1992	ru	0					0	no-suggestion-above-threshold		NO_SUGGESTION	
adilet	160	Тен Ирина Сергеевна	1992	kk	0					0	no-suggestion-above-threshold		NO_SUGGESTION	
adilet	161	Теңізбаев Нұрбақыт Молдахметұлы	1983	ru	0					0	no-suggestion-above-threshold		NO_SUGGESTION	
adilet	161	Теңізбаев Нұрбақыт Молдахметұлы	1983	kk	1	Нұрбақыт Молдахметұлы Теңізбаев	https://kk.wikipedia.org/wiki/%D0%9D%D2%B1%D1%80%D0%B1%D0%B0%D2%9B%D1%8B%D1%82_%D0%9C%D0%BE%D0%BB%D0%B4%D0%B0%D1%85%D0%BC%D0%B5%D1%82%D2%B1%D0%BB%D1%8B_%D0%A2%D0%B5%D2%A3%D1%96%D0%B7%D0%B1%D0%B0%D0%B5%D0%B2	104220	Q2502828	50	surname-in-title,name-tokens:3/3	Нұрбақыт Молдахметұлы Теңізбаев — Кеген ауданының әкімі. 1983 жылы 10 сәуірде Алматы облысы Панфилов ауданы Үшарал ауылында туған. Қазақ. Әкесі - Теңізбаев Молдахмет, зейнеткер. Анасы - Теңізбаева Рысжан, зейнеткер. Орыс және қазақ тілдерін біледі. 1995 жылдан грек-рим күресімен айналыса бастады. Спортшы, нұсқаушы. Грек-рим күресінен жастар арасындағы әлем чемпионы (Стамбұл, 2003); Әлем кубогының күміс жүлдегері (Иран, 2005); Азия чемпионатының қола жүлдегері (Ухань, 2005); Олимпиада ойындарының 60 кг дейінгі салмақтағы күміс жүлдегері (Пекин, 2008). Грек-рим күресінен халықаралық санаттағы спорт шебері. «Құрмет» орденімөн (2008) марапатталған. Хоббиі - ат спортының ұлттық түрлері. Үйленген...	SUGGESTED	
adilet	162	Теренченко Илья Сергеевич	1983	ru	0					0	no-suggestion-above-threshold		NO_SUGGESTION	
adilet	162	Теренченко Илья Сергеевич	1983	kk	0					0	no-suggestion-above-threshold		NO_SUGGESTION	
adilet	163	Тлемисов Турарбек Тлемисович	1972	ru	0					0	no-suggestion-above-threshold		NO_SUGGESTION	
adilet	163	Тлемисов Турарбек Тлемисович	1972	kk	0					0	no-suggestion-above-threshold		NO_SUGGESTION	
adilet	164	Тойлыбаева Гулнар Кожагуловна	1967	ru	0					0	no-suggestion-above-threshold		NO_SUGGESTION	
adilet	164	Тойлыбаева Гулнар Кожагуловна	1967	kk	0					0	no-suggestion-above-threshold		NO_SUGGESTION	
adilet	165	Тоқтамұрат Армангүл	1985	ru	0					0	no-suggestion-above-threshold		NO_SUGGESTION	
adilet	165	Тоқтамұрат Армангүл	1985	kk	0					0	no-suggestion-above-threshold		NO_SUGGESTION	
adilet	166	Тоқшалық Ерлан Бейсенұлы	1977	ru	0					0	no-suggestion-above-threshold		NO_SUGGESTION	
adilet	166	Тоқшалық Ерлан Бейсенұлы	1977	kk	0					0	no-suggestion-above-threshold		NO_SUGGESTION	
adilet	167	Толыбаев Нурлан Алишерович	1986	ru	0					0	no-suggestion-above-threshold		NO_SUGGESTION	
adilet	167	Толыбаев Нурлан Алишерович	1986	kk	0					0	no-suggestion-above-threshold		NO_SUGGESTION	
adilet	168	Төлегенов Асылжан Қанатұлы	1994	ru	0					0	no-suggestion-above-threshold		NO_SUGGESTION	
adilet	168	Төлегенов Асылжан Қанатұлы	1994	kk	0					0	no-suggestion-above-threshold		NO_SUGGESTION	
adilet	169	Тулеушин Каныш Аманбаевич	1983	ru	0					0	no-suggestion-above-threshold		NO_SUGGESTION	
adilet	169	Тулеушин Каныш Аманбаевич	1983	kk	0					0	no-suggestion-above-threshold		NO_SUGGESTION	
adilet	170	Туренова Калия Батталовна	1966	ru	0					0	no-suggestion-above-threshold		NO_SUGGESTION	
adilet	170	Туренова Калия Батталовна	1966	kk	0					0	no-suggestion-above-threshold		NO_SUGGESTION	
adilet	171	Урисбаев Аббат Жангирханович	1981	ru	0					0	no-suggestion-above-threshold		NO_SUGGESTION	
adilet	171	Урисбаев Аббат Жангирханович	1981	kk	0					0	no-suggestion-above-threshold		NO_SUGGESTION	
adilet	172	Усанова Руфина Касымовна	1984	ru	0					0	no-suggestion-above-threshold		NO_SUGGESTION	
adilet	172	Усанова Руфина Касымовна	1984	kk	0					0	no-suggestion-above-threshold		NO_SUGGESTION	
adilet	173	Фазылжан Анар Мұратқызы	1974	ru	0					0	no-suggestion-above-threshold		NO_SUGGESTION	
adilet	173	Фазылжан Анар Мұратқызы	1974	kk	0					0	no-suggestion-above-threshold		NO_SUGGESTION	
adilet	174	Хаирова Асель Ануаровна	1972	ru	0					0	no-suggestion-above-threshold		NO_SUGGESTION	
adilet	174	Хаирова Асель Ануаровна	1972	kk	0					0	no-suggestion-above-threshold		NO_SUGGESTION	
adilet	175	Хайруллиев Мұса Қарашаұлы	1984	ru	0					0	no-suggestion-above-threshold		NO_SUGGESTION	
adilet	175	Хайруллиев Мұса Қарашаұлы	1984	kk	0					0	no-suggestion-above-threshold		NO_SUGGESTION	
adilet	176	Хайруллин Арман Габидуллаевич	1984	ru	0					0	no-suggestion-above-threshold		NO_SUGGESTION	
adilet	176	Хайруллин Арман Габидуллаевич	1984	kk	0					0	no-suggestion-above-threshold		NO_SUGGESTION	
adilet	177	Хамза Еділ Талғатұлы	1996	ru	0					0	no-suggestion-above-threshold		NO_SUGGESTION	
adilet	177	Хамза Еділ Талғатұлы	1996	kk	0					0	no-suggestion-above-threshold		NO_SUGGESTION	
adilet	178	Чинкисбаева Лаззат Алтынбековна	1977	ru	0					0	no-suggestion-above-threshold		NO_SUGGESTION	
adilet	178	Чинкисбаева Лаззат Алтынбековна	1977	kk	0					0	no-suggestion-above-threshold		NO_SUGGESTION	
adilet	179	Шагиртаев Имамзада Куанышбаевич	1969	ru	1	Шагиртаев, Имамзада Куанышбаевич	https://ru.wikipedia.org/wiki/%D0%A8%D0%B0%D0%B3%D0%B8%D1%80%D1%82%D0%B0%D0%B5%D0%B2,_%D0%98%D0%BC%D0%B0%D0%BC%D0%B7%D0%B0%D0%B4%D0%B0_%D0%9A%D1%83%D0%B0%D0%BD%D1%8B%D1%88%D0%B1%D0%B0%D0%B5%D0%B2%D0%B8%D1%87	10959392	Q133797586	92	exact-title,name-tokens:3/3,context:директор,кызылординская,лтд,область	Имамзада Куанышбаевич Шагиртаев (каз. Имамзада Қуанышбайұлы Шағыртаев; 20 августа 1969; Джалагашский район, Кзыл-Ординская область, КазССР) — казахстанский хозяйственный деятель, рисовод, директор ТОО «Таң ЛТД», Кызылординская область. Герой Труда Казахстана (2023).	SUGGESTED	
adilet	179	Шагиртаев Имамзада Куанышбаевич	1969	kk	0					0	no-suggestion-above-threshold		NO_SUGGESTION	
adilet	180	Шалбаева Айгуль Дуйсеновна	1973	ru	0					0	no-suggestion-above-threshold		NO_SUGGESTION	
adilet	180	Шалбаева Айгуль Дуйсеновна	1973	kk	0					0	no-suggestion-above-threshold		NO_SUGGESTION	
adilet	181	Шапак Унзила	1973	ru	1	Шапак, Унзила	https://ru.wikipedia.org/wiki/%D0%A8%D0%B0%D0%BF%D0%B0%D0%BA,_%D0%A3%D0%BD%D0%B7%D0%B8%D0%BB%D0%B0	11272484	Q136817049	100	exact-title,name-tokens:2/2,birth-year-match,context:депутат,казахстан,мажилиса,парламента,республики	Унзила́ Шапа́к (каз. Үнзила Шапақ; род. 30 апреля 1973, Улан-Батор, Монголия) — казахстанский юрист и деятель в сфере юриспруденции. С 28 марта 2023 депутат Мажилиса Парламента Республики Казахстан до упразднения Парламента в 2026 году. С 3 марта 2016 до 5 ноября 2022 член Конституционного совета Республики Казахстан. Доктор юридических наук (2010).	SUGGESTED	
adilet	181	Шапак Унзила	1973	kk	0					0	no-suggestion-above-threshold		NO_SUGGESTION	
adilet	182	Шаталов Никита Сергеевич	1992	ru	1	Шаталов, Никита Сергеевич	https://ru.wikipedia.org/wiki/%D0%A8%D0%B0%D1%82%D0%B0%D0%BB%D0%BE%D0%B2,_%D0%9D%D0%B8%D0%BA%D0%B8%D1%82%D0%B0_%D0%A1%D0%B5%D1%80%D0%B3%D0%B5%D0%B5%D0%B2%D0%B8%D1%87	10988763	Q133797851	100	exact-title,name-tokens:3/3,birth-year-match,context:viii,депутат,казахстан,мажилиса,парламента	Никита Сергеевич Шаталов (каз. Никита Сергеевич Шаталов, род. 27 февраля 1992 Шахтинск) — казахстанский журналист и политик, член Комитета по экономической реформе и региональному развитию и депутат Мажилиса Парламента Республики Казахстан VIII созыва с 2023 до упразднения Парламента в 2026 году.	SUGGESTED	
adilet	182	Шаталов Никита Сергеевич	1992	kk	0					0	no-suggestion-above-threshold		NO_SUGGESTION	
adilet	183	Шермағанбет Мейрамбек Зинабдинұлы	1972	ru	0					0	no-suggestion-above-threshold		NO_SUGGESTION	
adilet	183	Шермағанбет Мейрамбек Зинабдинұлы	1972	kk	1	Мейрамбек Зинабдинұлы Шермағанбет	https://kk.wikipedia.org/wiki/%D0%9C%D0%B5%D0%B9%D1%80%D0%B0%D0%BC%D0%B1%D0%B5%D0%BA_%D0%97%D0%B8%D0%BD%D0%B0%D0%B1%D0%B4%D0%B8%D0%BD%D2%B1%D0%BB%D1%8B_%D0%A8%D0%B5%D1%80%D0%BC%D0%B0%D2%93%D0%B0%D0%BD%D0%B1%D0%B5%D1%82	103676	Q12553504	50	surname-in-title,name-tokens:3/3	Шермағанбет Мейрамбек Зинабдинұлы - Қызылорда облысы әкімінің орынбасары. 1972 жылы 25 желтоқсанда Қызылорда облысы, Жаңақорған ауданы, Кеңес ауылында дүниеге келген. Ұлты қазақ. Әкесі - Шермағанбетов Зинабдин №3 мектеп-интернаттың, № 239 және 54 мектептерінің директоры, аудандық халыққа білім беру бөлімінің меңгерушісі, Қызылорда облысы, Жаңақорған ауданы әкімінің орынбасары қызметтерін атқарған. Анасы - Сапабекова Зорегүл, зейнеткер, ағылшын тілінің мұғалімі, мектеп директоры болып жұмыс істеген. Мейрамбет Шермағанбет Қорқыт Ата атындағы Қызылорда мемлекеттік университетін (1994 ж.) «тарих», «экономика», Қожа Ахмет Яссауи атындағы Халықаралық Қазақ-түрік университетін (2000 ж.) «құқықтану»...	SUGGESTED	
adilet	184	Шибутов Марат Максумович	1977	ru	0					0	no-suggestion-above-threshold		NO_SUGGESTION	
adilet	184	Шибутов Марат Максумович	1977	kk	0					0	no-suggestion-above-threshold		NO_SUGGESTION	
adilet	185	Щербаков Станислав Александрович	1987	ru	0					0	no-suggestion-above-threshold		NO_SUGGESTION	
adilet	185	Щербаков Станислав Александрович	1987	kk	0					0	no-suggestion-above-threshold		NO_SUGGESTION	
adilet	186	Юлдашев Мамирхан Муталибович	1979	ru	0					0	no-suggestion-above-threshold		NO_SUGGESTION	
adilet	186	Юлдашев Мамирхан Муталибович	1979	kk	0					0	no-suggestion-above-threshold		NO_SUGGESTION	
