party_id	list_order	candidate_name	birth_year	position_ru	search_query	rank	video_id	video_url	title	description	channel_id	channel_title	published_at	duration	view_count	like_count	comment_count	score	signals	review_status	review_note	collected_at
ak_zhol	5	Барлыбаев Ерлан Хайланович	1967	заместитель Председателя ДПК «Ак жол», депутат Мажилиса Парламента РК VII, VIII созыва	"""Барлыбаев Ерлан Хайланович"" Казахстан"	1	xlvqEkzXO5M	https://www.youtube.com/watch?v=xlvqEkzXO5M	У кого в основном берёт в долг Казахстан	"У кого в основном берёт в долг Казахстан

Депутат Ерлан Барлыбаев спросил у министрв финансов Мади Такиева о том, почему Казахстан берёт в долг в йенах. Чиновник также поинтересовался причинами выбора валютных банков, с которыми сотрудничает наша страна. По словам Мади Такиева, причина этому – льготные проценты, льготный период и длительный период займа. Что касается валютных рисков, министр финансов считает, что даже при укреплении японской йены ссуды в этой валюте всё равно останутся выгодными для Казахстана."	UCnenVZrhlC2nJzxbHoBVUyg	BESmedia	2026-06-17T06:54:02Z	PT2M	8168	178	40	52	surname-in-metadata,name-tokens:2/3,context:депутат	SUGGESTED		2026-08-16T21:59:28Z
ak_zhol	5	Барлыбаев Ерлан Хайланович	1967	заместитель Председателя ДПК «Ак жол», депутат Мажилиса Парламента РК VII, VIII созыва	"""Барлыбаев Ерлан Хайланович"" Казахстан"	2	0auOfBxsrY4	https://www.youtube.com/watch?v=0auOfBxsrY4	В Казахстане предлагают смягчить условия для трудовых мигрантов	"Пока Штаты тратят миллиарды на выдворение, мы – намерены ПРИВЛЕКАТЬ иностранцев. Сейчас речь не об инвестициях, а о рабочей силе. В ближайшие годы в Казахстане будет не хватать 3 миллионов специалистов. Так, Мажилисмен Ерлан Барлыбаев предложил улучшить для них условия. 

Telegram Qaz - t.me/atamekenbusiness_qaz 
Telegram Rus - t.me/atamekenbusiness 
Telegram Sport - t.me/atamekenbusiness_sport
Telegram Auto - t.me/atamekenbusiness_auto
Telegram Silk Way - t.me/atamekenbusiness_silkway
Instagram - https://instagram.com/atameken.business/ 
Instagram - https://www.instagram.com/inbusinesskz/
Facebook - https://www.facebook.com/atamekentv.kz  
Facebook - https://www.facebook.com/inbusiness.kz 
Tik-Tok - https://www.tiktok.com/@atamekenbusiness


 «Atameken Business» online: https://inbusiness.kz/ru/tv 
Cайт - https://inbusiness.kz 

#AtamekenBusiness #бастыжаңалықтар #НовостиКазахстана 
#Inbusinesskz #новостиказахстана #қазақстанжаңалықтары #atamekenbusiness #новости"	UCTI_-Eu_ZUQyYR4DwyD5odw	Atameken Business	2025-12-24T14:07:03Z	PT52S	144	2	2	48	surname-in-metadata,name-tokens:2/3	SUGGESTED		2026-08-16T21:59:28Z
ak_zhol	14	Ерубаев Серик Сарсенович	1968	заместитель председателя ДПК «Ак жол», депутат Мажилиса Парламента РК VII, VIII созыва	"""Ерубаев Серик Сарсенович"" Казахстан"	0												0	no-video-results	NO_RESULT		2026-08-16T21:59:35Z
ak_zhol	15	Еспаева Дания Мадиевна	1961	председатель ДПК «Ақ жол», депутат Мажилиса Парламента РК VII, VIII созыва	"""Еспаева Дания Мадиевна"" Казахстан"	1	ll0MPMlmgqc	https://www.youtube.com/watch?v=ll0MPMlmgqc	Депутатский запрос. Фракция Ак Жол. Автор Еспаева Дания Мадиевна		UCCcFFrm5oCGznjhNJB1DwIw	Демократическая Партия Ак жол	2021-01-27T06:00:35Z	PT3M8S	27	0	0	84	surname-in-title,name-tokens:3/3,context:жол	SUGGESTED		2026-08-16T21:59:35Z
ak_zhol	15	Еспаева Дания Мадиевна	1961	председатель ДПК «Ақ жол», депутат Мажилиса Парламента РК VII, VIII созыва	"""Еспаева Дания Мадиевна"" Казахстан"	2	w5Gmm1omy28	https://www.youtube.com/watch?v=w5Gmm1omy28	Депутатский запрос. Фракция Ак жол. Автор Еспаева Дания Мадиевна.		UCCcFFrm5oCGznjhNJB1DwIw	Демократическая Партия Ак жол	2021-01-20T11:37:39Z	PT4M17S	35	0	0	84	surname-in-title,name-tokens:3/3,context:жол	SUGGESTED		2026-08-16T21:59:35Z
ak_zhol	15	Еспаева Дания Мадиевна	1961	председатель ДПК «Ақ жол», депутат Мажилиса Парламента РК VII, VIII созыва	"""Еспаева Дания Мадиевна"" Казахстан"	3	gdv4baRW3QU	https://www.youtube.com/watch?v=gdv4baRW3QU	Права оппозиции, сексизм в политике, инициативы Aq Jol // Дания Еспаева	"00:00 - Вступление
00:45 - Снижение популярности Aq Jol
02:26 - Сексизм в политике
04:36 - Рейтингы партии Aq Jol
10:52 - Приоритеты в избирательном списке
12:34 - Квалификационные требования для мигрантов
14:56 - Переход к парламентской республике
23:23 - Выборность акимов
26:13 - Закон об оппозиции
30:02 - Финансирование наказов избирателей
35:28 - Наследие ""Алаш"" и национал-патриотизм
40:20 - Ребрендинг партий
42:52 - Принципиальные соперники на выборах
44:59 - Честность выборов
48:22 - Призыв Аблязова вступать в Aq Jol
49:58 - Прогноз на результаты выборов
50:52 - Конец"	UCzS5H3B7s25iSIZzw2SHphA	НеКурултай	2020-12-10T12:00:07Z	PT51M18S	1331	168	348	68	surname-in-title,name-tokens:2/3	SUGGESTED		2026-08-16T21:59:35Z
ak_zhol	15	Еспаева Дания Мадиевна	1961	председатель ДПК «Ақ жол», депутат Мажилиса Парламента РК VII, VIII созыва	"""Еспаева Дания Мадиевна"" Казахстан"	4	SZUCYWYmu0E	https://www.youtube.com/watch?v=SZUCYWYmu0E	Ак жол не удовлетворены полученным от МОН ответом о расходовании $67 млн от Всемирного банка	"Депутат Мажилиса Парламента Казахстана от фракции ""Ак жол"" Дания Еспаева сообщила, что в партии не удовлетворены ответом Министерства образовании и науки о неосвоенных 67 млн долларов от Всемирного банка.

По словам Дании Еспаевой, в своём ответе Министерство ссылается на то, что этот заём не был освоен за три года по техническим причинам.

""То надо было провести тендеры, то опять этот же карантин. Правда, я не понимаю, как может пандемия или карантин отразиться на составлении законов или технического задания. В конечном итоге МОН заявляет, что те суммы денег внутри 67 млн долларов, это 38 млн долларов, они не будут осваивать, потому что эти деньги были предназначены на компьютеризацию и на покупку медийного оборудования. В этом же письме министр говорит, что мы собираемся деньги Всемирного банка использовать на улучшение качества учебников, совершенствование информационного содержания, педагогического образования, изменение образовательных программ. Ну, извините, разве можно международные деньги использовать на те текущие вопросы, на которые МОН получает в рамках бюджетных средств? Поэтому этот ответ нас не удовлетворил"", – сказала Дания Еспаева."	UChb3pz3wO4bayig14fCdSTw	Ақ жол Time	2020-09-28T05:55:11Z	PT4M28S	166	6	1	64	surname-in-metadata,name-tokens:2/3,context:депутат,жол,мажилиса,парламента	SUGGESTED		2026-08-16T21:59:35Z
ak_zhol	15	Еспаева Дания Мадиевна	1961	председатель ДПК «Ақ жол», депутат Мажилиса Парламента РК VII, VIII созыва	"""Еспаева Дания Мадиевна"" Казахстан"	5	jRN6WrIvnIo	https://www.youtube.com/watch?v=jRN6WrIvnIo	«Ак жол» требует принять конкретные меры поддержки бизнеса в связи с задержкой грузоперевозок из КНР	"Депутатский запрос фракции Демократической партии «Ак жол» первому Вице-Премьеру Алихану Смаилову о ситуации с перевозками на казахско-китайской границе

Озвучила депутат Мажилиса Дания Еспаева"	UChb3pz3wO4bayig14fCdSTw	Ақ жол Time	2021-11-03T10:21:42Z	PT4M20S	593	22	18	60	surname-in-metadata,name-tokens:2/3,context:депутат,жол,мажилиса	SUGGESTED		2026-08-16T21:59:35Z
ak_zhol	21	Иса Қазыбек Жарылқасынұлы	1962	заместитель Председателя ДПК «Ак жол», депутат Мажилиса Парламента РК VII, VIII созыва	"""Иса Қазыбек Жарылқасынұлы"" Казахстан"	1	rjKmtiqbZfI	https://www.youtube.com/watch?v=rjKmtiqbZfI	Қазақстанда Азаматтық соғыс қаупі болды | Қазыбек ИСА | ADYRNA ULTTYQ PORTALY	"«Адырна» ұлттық порталының төл жобасы ""Таразының"" кезекті саны эфирде. Қонағымыз – Иса Қызыбек Жарылқасынұлы. 

Қазыбек Иса – Ақын, Халықаралық «Алаш» әдеби сыйлығының лауреаты. «ҚР Мәдениет қайраткері», «ҚР Ақпарат саласының үздігі», «Қазақ журналистикасының қайраткері», «Ұлт қайраткері», «Тіл жанашыры» құрметті атақтарының иегері.

Депутат, Қазақстан Республикасы Парламенті Мәжілісінің әлеуметтік-мәдени даму Комитетінің мүшесі;
#adyrna  #Жаңа қазақстан#Қазыбек ИСА"	UCP5lDuFEFUU3KvzKibnnhNg	ADYRNA ULTTYQ PORTALY	2022-10-03T04:44:44Z	PT30M59S	4422	107	25	84	surname-in-title,name-tokens:3/3,context:депутат	SUGGESTED		2026-08-16T21:59:37Z
ak_zhol	21	Иса Қазыбек Жарылқасынұлы	1962	заместитель Председателя ДПК «Ак жол», депутат Мажилиса Парламента РК VII, VIII созыва	"""Иса Қазыбек Жарылқасынұлы"" Казахстан"	2	EYHVG179Ino	https://www.youtube.com/watch?v=EYHVG179Ino	Қазыбек Иса. ҚАЗАҚСТАН СОТЫНА ҚАЗАҚ ТІЛІНІҢ ҚҰНЫ БІР ТИЫН!	"""Тентектің айтқаны келмейді сандырағы келеді"" дегендей, ""қазақ тілін білмегені үшін сотты жүргізуге сенімсіздік білдірілген судья түстен кейін қайтып келуі мүмкін"" деген сөзді қайдан жаза қалып едім, тура солай болды...

Иә, түске дейін мен фейсбук парақшамда: ""Ол судья К. Мекемтас енді қазақ тілін үйрену курсына кетті ме, әлде қазақ тілін мазақ тілге айналдырғаны үшін өз еркімен орнын босатуға арыз беруге кетті ме, ол жағы әзірге белгісіз... Түстен кейін ""Елордада қазақ тілін менен артық білетін сот жоқ""-деп, қайтып келіп сотты жүргізе беруі де әбден мүмкін... Өйткені біз Қазақстанда өмір сүреміз ғой, ал бізде бәрі де бола береді.""-деп жазған болатынмын.

Сонымен судья К.Мекемтастың 2 беттік шешімінен Қазақ тілінен табылған 76 қатеге көз жұма қараған сот судья К. Мекемтас сот жүргізуге құқы бар деп шешім қабылдады.

Сонымен, алдын ала біз жазғанымыздай, Қазақстан астанасында екі бет қағаздан 76 қате жіберетін, жарымжан сөйлемдерін адам түсінуі қиын судья К. Мекемтастан артық қазақ тілін білетін сот жоқ болып шықты!..

Бұл шешім - ҚАЗАҚСТАН СОТЫНА ҚАЗАҚ ТІЛІНІҢ ҚҰНЫ БІР ТИЫН деген сөз!

Мұндай масқараға да куә болдық біз пақыр!..

Иә, бізде бәрі де болады...

Қазыбек Иса"	UCE9NaduM_7-tspzW26gvMiQ	Qazaq Uni	2019-10-17T11:43:24Z	PT1M37S	13054	133	20	68	surname-in-title,name-tokens:2/3	SUGGESTED		2026-08-16T21:59:37Z
osdp	28	Рахимжанов Асхат Нурмагамбетович	1983	председатель партии «ОСДП», Депутат Мажилиса Парламента VIII созыва	"""Рахимжанов Асхат Нурмагамбетович"" Казахстан"	0												0	no-video-results	NO_RESULT		2026-08-16T21:59:38Z
osdp	29	Сагандыкова Ажар Бахитовна	1971	руководитель Женского крыла «ОСДП», Депутат Мажилиса Парламента VIII созыва	"""Сагандыкова Ажар Бахитовна"" Казахстан"	1	cM8Lx_EZd4M	https://www.youtube.com/watch?v=cM8Lx_EZd4M	АП-КНБ требуют от руководства ОСДП бойкота выборов и объявить на Съезде. Народ, идем к Съезду ОСДП	"#шындық #нарымбай #назарбаевКЕТ 
Присылайте видео, фото и аудио. Все желающие выйти в эфир на дебаты, дискуссии, поговорить о насущных проблемах либо если есть вопросы по моей деятельности и биографии, прошу написать мне. Всегда готов к конструктивному диалогу и дебатам.
+380 63 639 38 49 Ватсап, Телеграм, Вайбер, Сигнал
Скайп: narymbayev.ermek70
Большие видео скидывайте на имейл:
sunwud02@gmail.com
ermek.shantimes@gmail.com
Пожалуйста, делайте описание (где, когда, и кто снимал, ссылку на первоисточник, в случае если вы пересылали) к каждому видео.
Ермек Нарымбай в Фейсбуке 
https://www.facebook.com/profile.php?id=100011569305686


ОСДП Телефоны
АСТАНА
Нурлыбеков Нурым Комекович
 г. Нур-Султан, ул. Шевченко 10/1, офис 203
 +7 707 527-07-54
-------------------------------------------
АЛМАТЫ
Самбетбай Тазабек Дакенайулы
 +7 747 869-16-12
--------------------------------
ШЫМКЕНТ
Кожаханов Нуртай Тыныштыханович
 +7 702 499-06-06
--------------------------------
АКМОЛИНСКАЯ ОБЛАСТЬ
Смоквин Валерий Леонидович
 +7 705 533-99-66
--------------------------------------
АЛМАТИНСКАЯ ОБЛАСТЬ
Кунболатов Куат Куанышевич
 +7 701 161-80-30
------------------------
АТЫРАУСКАЯ ОБЛАСТЬ
Камалова Нурайнаш Балтабаевна
Председатель Атырауского областного филиала
 +7 701 84-27790
------------------------
АКТЮБИНСКАЯ ОБЛАСТЬ
Камалов Мирамбек Аманжолович
 +7 701 732-85-56
________________________
ЖАМБЫЛСКАЯ ОБЛАСТЬ
Нугуманов Дамир Маратович
Председатель Жамбылского областного филиала
 +7 700 957-15-37
_______________________
ЗАПАДНО-КАЗАХСТАНСКАЯ ОБЛАСТЬ
Муканова Кадиша Халиковна
Председатель Западно-Казахстанского областного филиала
 +7 701 444-67-37
---------------------------------
КАРАГАНДИНСКАЯ ОБЛАСТЬ
Токсамбаева Макиля Алтаевна
 +7 775 373-60-04
______________________________
КОСТАНАЙСКАЯ ОБЛАСТЬ
Богатырев Сергей Алексеевич
 +7 7142 53-25-76
 +7 705 450-30-81
__________________________
КЫЗЫЛОРДИНСКАЯ ОБЛАСТЬ
Бактыбаева Ляззат Шайзадаевна
 +7 775 000-50-82
-------------------------------
МАНГЫСТАУСКАЯ ОБЛАСТЬ
Мынбаев Сакен Саламатович
 +7 775 322-88-88
______________________
ПАВЛОДАРСКАЯ ОБЛАСТЬ
Сагандыкова Ажар Бахитовна
 +7 701 707-87-16
______________________
СЕВЕР-КАЗАХСТАНСКАЯ ОБЛАСТЬ
Андриевский Владимир Тадеушевич
 +7 777 363-55-00
_______________________
ВОСТОЧНО-КАЗАХСТАНСКАЯ ОБЛАСТЬ
Булгаков Иван Михайлович
 г.Усть-Каменогорск
 +7 705 530-92-13
_______________________
ТУРКЕСТАНСКАЯ ОБЛАСТЬ
Ашимбеков Абдукамал
 +7 778 500-88-23
---------------------
СЕМЕЙ
Машпиев Роллан Мухтарович
 +7 747 371-74-50"	UCaxLFsyo424jgM01zYLw3vA	Ермек Нарымбай	2020-11-26T15:52:55Z	PT14M26S	8294	259	77	64	surname-in-metadata,name-tokens:3/3,context:осдп	SUGGESTED		2026-08-16T21:59:38Z
osdp	30	Сайлаубай Наурыз Саятұлы	1994	руководитель молодежного крыла «ОСДП», Депутат Мажилиса Парламента VIII созыва	"""Сайлаубай Наурыз Саятұлы"" Казахстан"	1	0Z6treqjm1g	https://www.youtube.com/watch?v=0Z6treqjm1g	Берілген қаражат жаңа үй алуға жетпейді, суға кеткен үйіміз жөндеуге келмейді	"ҚР Парламенті Мәжілісінің депутаты Сайлаубай Наурыз Саятұлы ЖСДП Ақтөбе облыстық филиалының кеңсесінде көктем мезгілінде үйлерін су басқан бір топ бау-бақша ұжымдарының тұрғындарымен кездесті. Кездесуге келгендердің арасында көпбалалы аналар, зейнеткерлер, мүгедек және ерекше балалардың аналары да бар. Барлығының үйлері суға кетіп, берілген өтемақы көлеміне көңілдері толмайтынын жеткізді. 
#жсдп #оппозиция #казахстан #осдп #қазақстан #партия #жаңалықтар #мажилис #парламент #aqtobe"	UCdgYhhKdFPKwE0y0Nc_cnUA	OSDP MEDIA	2024-08-06T11:06:11Z	PT2M26S	59	2	0	72	surname-in-metadata,name-tokens:3/3,context:мажилис,осдп,партия	SUGGESTED		2026-08-16T21:59:39Z
osdp	30	Сайлаубай Наурыз Саятұлы	1994	руководитель молодежного крыла «ОСДП», Депутат Мажилиса Парламента VIII созыва	"""Сайлаубай Наурыз Саятұлы"" Казахстан"	2	u_2oVbYpews	https://www.youtube.com/watch?v=u_2oVbYpews	AnyqTIMES: Мәжіліс мінберіндегі маңызды мәселе	"#anyqtimes #анықтаймс #саясат #реформа #заң #мәжіліс #депутат #qyzylordatv 
«Анықтаймс» хабарының бұл шығарылымы еліміздегі саяси һәм экономикалық реформалар мен заң шығарушы органның жұмысы туралы болды. Студия қонағы Қазақстан Республикасы Парламенті Мәжілісінің депутаты, Жалпыұлттық социал-демократиялық партиясы фракциясының мүшесі Сайлаубай Наурыз Саятұлы. 
 
Сайт - https://qyzylordatv.kz/ru/live
Facebook - https://www.facebook.com/qyzylordatv/ 
Instagram - https://www.instagram.com/qyzylordatv/
Telegram - https://t.me/qyzylorda_tv
Tiktok -https://www.tiktok.com/@qyzylorda_tv/"	UCuWBC_t5WjTOmM-prJS9tVA	QYZYLORDA TV / Қызылорда телеарнасы	2025-01-09T14:56:43Z	PT12M30S	68	3	1	64	surname-in-metadata,name-tokens:3/3,context:депутат	SUGGESTED		2026-08-16T21:59:39Z
adilet	2	Абенов Мурат Абдуламитович	1965	депутат Мажилиса Парламента РК VIII созыва	"""Абенов Мурат Абдуламитович"" Казахстан"	1	9fjiELsUC1k	https://www.youtube.com/watch?v=9fjiELsUC1k	Мурат Абенов | Про состояние и перспективы языковой политики в РК | #OiQozgau	"Экспертно-аналитический подкаст «Ой қозғау»
Цель нашего подкаста - обсуждение  актуальных вопросов духовного развития казахстанского общества, Концепции развития языковой политики в РК на 2023-2029 годы, экспертный анализ и совместный поиск путей решения имеющихся проблемных вопросов.
Гость подкаста - Абенов Мурат  Абдуламитович -депутат  5-го 6-го  и 8-го созывов Мажилиса Парламента РК, Член Комитета по экономической реформе и региональному развитию  

 00:00Тизер
00:47 Представление
02:19 Как оцениваете  состояние и перспективы  языковой политики в РК?  
08:17 В какой части Ваш комитет будет участвовать в реализации Концепции языковой политики?
17:59 На Ваш взгляд, как меняется статус казахского языка в обществе?
26:03  Какие меры нужно принимать для расширения и актививизации ипользования казахскоязычного цифрового контента?
36:27  Когда законы в Казахстане начнут писать на государственном  языке?
46:35 Итоги"	UCKJpIwFVcN5rtCyTcMkVhcA	KUN KZ	2024-03-13T14:57:32Z	PT50M17S	47	1	0	96	surname-in-title,name-tokens:3/3,context:депутат,мажилиса,парламента,рк	SUGGESTED		2026-08-16T21:59:41Z
adilet	2	Абенов Мурат Абдуламитович	1965	депутат Мажилиса Парламента РК VIII созыва	"""Абенов Мурат Абдуламитович"" Казахстан"	2	HsI4HWttyNA	https://www.youtube.com/watch?v=HsI4HWttyNA	Проект новой Конституции. Мурат Абенов	"Абенов Мурат Абдуламитович, депутат Мажилиса Парламента РК, член Конституционной комиссии.

#жаңалықтар #новости #24KZ #хабар24 #казахстан"	UCnAFKvDuqBGkIfV8Vn0J_CQ	Телеканал 24kz	2026-02-27T15:50:56Z	PT11M	413	5	6	96	surname-in-title,name-tokens:3/3,context:депутат,мажилиса,парламента,рк	SUGGESTED		2026-08-16T21:59:41Z
adilet	2	Абенов Мурат Абдуламитович	1965	депутат Мажилиса Парламента РК VIII созыва	"""Абенов Мурат Абдуламитович"" Казахстан"	3	vc0QP3bLrlM	https://www.youtube.com/watch?v=vc0QP3bLrlM	Мурат Абенов - ВИДЕОРОЛИК Социального харатера	Видеоролик снята по заказу МИНИСТЕРСТВО ЗДРАВООХРАНЕНИЯ И СОЦИАЛЬНОГО РАЗВИТИЯ РЕСПУБЛИКИ КАЗАХСТАН С участьем Мурат Абенов.	UCt3CCqiNTj3-AUGYRwz3fdA	Продюсерский Центр Media Astana	2015-02-12T13:51:09Z	PT31S	347	1	0	68	surname-in-title,name-tokens:2/3	SUGGESTED		2026-08-16T21:59:41Z
adilet	2	Абенов Мурат Абдуламитович	1965	депутат Мажилиса Парламента РК VIII созыва	"""Абенов Мурат Абдуламитович"" Казахстан"	4	_0QyjayCyPY	https://www.youtube.com/watch?v=_0QyjayCyPY	Олег Хрупин. Прием граждан по земельным вопросам	"Практикующий юрист Олег Хрупин из Петропавловска поднял острые земельные вопросы на приеме граждан комиссии «Жер Аманаты», приехавшей 
в Северо-Казахстанскую область 5 августа 2022 года.

Он попросил провести амнистию по земельным участкам, отданным предпринимателям без торгов, чтобы избежать социального взрыва и провести проверки по ряду фактов, нарушающих права предпринимателей, чтобы все были равны перед законом.

Также он попросил разобраться по частному случаю - ИП Егоров, молодая семья занимается прокатом детских электромобилей в городском парке, и аким области Кумар Аксакалов два года назад обещал решить этот вопрос. Однако и по сей день дело не сдвинулось с мёртвой точки по надуманному поводу, что якобы земли общего пользования нельзя предоставлять в аренду для выездной торговли. Замакима области Марат Тасмаганбетов пообещал разобраться.

Автор видео: Екатерина Назаренко

Состав комиссии «Жер Аманаты»

1. КӘРІБЕК 
Дәулет Жамаубайұлы
 - Секретарь партии «AMANAT», председатель комиссии
2. БАЗАРБЕК 
Бакытжан Жумабекулы - Директор ТОО «Bazarbek & Partners», юрист, блогер, независимый эксперт по земельным вопросам, заместитель председателя комиссии

3.  ТЕМИРЖАНОВ 
Мурат Баритович - Председатель Комитета по управлению земельными ресурсами Министерства сельского хозяйства РК - главный государственный инспектор по использованию и охране земель Республики Казахстан, заместитель председателя комиссии

4. АБЕНОВ
Мурат Абдуламитович
 - член Национального совета общественного доверия при Президенте РК, председатель Коалиции защиты прав потребителей РК, общественный деятель, член комиссии 

5. БАЙТУК 
Галым Симбекович - Проректор по социально-культурному развитию НАО «Кокшетауский государственный университет им. Шокана Уалиханова», общественный деятель, блогер, член комиссии

6. КАЖЕНОВ
Марат Абубакирович - Руководитель Управления развития земельных отношений и землеустройства Комитета по управлению земельными ресурсами Министерства сельского хозяйства РК

7. АБДРАХМАНОВ
Айдос Рахымжанович - Руководитель управления государственного контроля за использованием и охраной земель Комитета по управлению земельными ресурсами Министерства сельского хозяйства РК.

Подробный материал читайте на нашем сайте.

Наш сайт: http://www.pkzsk.info/  
Наш Телеграм: https://t.me/skonews 
WhatsApp: 8-777-384-25-92

Паблики в соцсетях:
https://vk.com/rexkz 
https://www.facebook.com/pkzsk.info 
https://www.instagram.com/pkzsk/ 
https://ok.ru/pkzsk  
https://twitter.com/pkzsk  
https://www.youtube.com/channel/UCNrZfkNSjWwTIxQpkHJD4_w"	UCNrZfkNSjWwTIxQpkHJD4_w	Петропавловск news	2022-08-07T13:49:32Z	PT27M1S	772	25	5	64	surname-in-metadata,name-tokens:3/3,context:рк	SUGGESTED		2026-08-16T21:59:41Z
adilet	4	Авершин Константин Викторович	1976	депутат Мажилиса Парламента РК VIII созыва	"""Авершин Константин Викторович"" Казахстан"	1	HPTRPpRGldo	https://www.youtube.com/watch?v=HPTRPpRGldo	Национал-патриот Авершин. Я - алматинец. Часть 1.	"АВЕРШИН КОНСТАНТИН ВИКТОРОВИЧ, общественный деятель, экс-депутат Мажилиса Парламента

Таймкоды:

00:00 – Начало  
1:47 - Коренной алматинец
2:18 - На половину казах
3:18 - Внутрений конфликт - ключевой вызов для Казахстана.
6:00 - Национальный патриотизм
7:07 - Как живется неказахам в Казахстане? 
9:38 - Этнонационализм путь к развалу страны
10:40 - Территориальная целостность Казахстана
10:37 - Единная национальная идентиченость
14:08 - Как сохранить общую гражданскую идентичность?

#выборы2023 


___
Facebook - https://www.facebook.com/rakhim.oshakbayev
Подписывайся на наш канал TALAP talks - https://www.youtube.com/channel/UCxgUKnCZ8v_PEm9x1VbUrQg?sub_confirmation=1"	UCxgUKnCZ8v_PEm9x1VbUrQg	TALAP Talks	2023-02-03T11:37:56Z	PT16M3S	5563	177	28	92	surname-in-title,name-tokens:3/3,context:депутат,мажилиса,парламента	SUGGESTED		2026-08-16T21:59:42Z
adilet	4	Авершин Константин Викторович	1976	депутат Мажилиса Парламента РК VIII созыва	"""Авершин Константин Викторович"" Казахстан"	2	Gl2UFKrlyrw	https://www.youtube.com/watch?v=Gl2UFKrlyrw	«Әскери қызмет қауіпсіздігін қамтамасыз ету: қабылданған шаралар және құқық бұзушылықтың алдын алу»	"Тақырыбы/Тема:
«Әскери қызмет қауіпсіздігін қамтамасыз ету: қабылданған шаралар және құқық бұзушылықтың алдын алу»

/«Обеспечение  безопасности воинской службы: принимаемые меры и профилактика правонарушений»

Спикерлер/Спикеры:
«ҚР ҚОРҒАНЫС МИНИСТРІНІҢ ТӘРБИЕ ЖӘНЕ ИДЕОЛОГИЯЛЫҚ ЖҰМЫС ЖӨНІНДЕГІ ОРЫНБАСАРЫ, ГЕНЕРАЛ-МАЙОР ЖАЗЫҚБАЕВ ШАЙХ-ХАСАН САТАРҚҰЛҰЛЫ;»
«ҚР ІШКІ ІСТЕР МИНИСТРЛІГІ ҰЛТТЫҚ ҰЛАН БАС ҚОЛБАСШЫСЫНЫҢ ТӘРБИЕ ЖӘНЕ ӘЛЕУМЕТТІК-ҚҰҚЫҚТЫҚ ЖҰМЫС ЖӨНІНДЕГІ ОРЫНБАСАРЫ, ХАЛЫҚ ҚАҺАРМАНЫ, ГЕНЕРАЛ-МАЙОР  ҮМБЕТОВ ҚАЙРАТ ЖАРЫЛҚАСЫНҰЛЫ;»
«ҚР ҚОРҒАНЫС МИНИСТРЛІГІ ТӘРБИЕ ЖӘНЕ ИДЕОЛОГИЯЛЫҚ ЖҰМЫС ДЕПАРТАМЕНТІНІҢ БАСТЫҒЫ, ӘДІЛЕТ ПОЛКОВНИГІ БАСХОЖАЕВ ТІЛЕУХАН ҚАЛИЛАҰЛЫ;»
«ҚР ПАРЛАМЕНТІНІҢ МӘЖІЛІС ДЕПУТАТЫ АВЕРШИН  КОНСТАНТИН ВИКТОРОВИЧ;»
«ҚР ҚОРҒАНЫС МИНИСТІРЛІГІНІҢ РЕСМИ ӨКІЛІ ЖАНГУЛИН РУСЛАН ТҰРҒЫМБАЙҰЛЫ;»

/«ЗАМЕСТИТЕЛЬ МИНИСТРА ОБОРОНЫ РК ПО ВОСПИТАТЕЛЬНОЙ И ИДЕОЛОГИЧЕСКОЙ РАБОТЕ, ГЕНЕРАЛ-МАЙОР ЖАЗЫКБАЕВ ШАЙХ-ХАСАН САТАРКУЛУЛЫ;»
«ЗАМЕСТИТЕЛЬ ГЛАВНОКОМАНДУЮЩЕГО НАЦИОНАЛЬНОЙ ГВАРДИЕЙ МВД РК ПО ВОСПИТАТЕЛЬНОЙ И СОЦИАЛЬНО-ПРАВОВОЙ РАБОТЕ, ХАЛЫҚ ҚАHАРМАНЫ ГЕНЕРАЛ-МАЙОР УМБЕТОВ КАЙРАТ ЖАРЫЛКАСЫНОВИЧ;»
«НАЧАЛЬНИК ДЕПАРТАМЕНТА ВОСПИТАТЕЛЬНОЙ И ИДЕОЛОГИЧЕСКОЙ РАБОТЫ МО РК, ПОЛКОВНИК ЮСТИЦИИ  БАСХОЖАЕВ ТЛЕУХАН КАЛИЛАЕВИЧ;»
«ДЕПУТАТ МАЖИЛИСА ПАРЛАМЕНТА РК АВЕРШИН КОНСТАНТИН ВИКТОРОВИЧ;»
«ОФИЦИАЛЬНЫЙ ОРЕДСТАВИТЕЛЬ МО РК ЖАНГУЛИН РУСЛАН ТУРГУМБАЕВИЧ;»

Ведущая: Гүлден Сапиолла"	UCB8Fk28jdzWpemE2hl2PYMA	ОРТАЛЫҚ КОММУНИКАЦИЯЛАР ҚЫЗМЕТІ	2024-09-21T00:18:00Z	PT2H6S	3293	33		76	surname-in-metadata,name-tokens:3/3,context:депутат,мажилиса,парламента,рк	SUGGESTED		2026-08-16T21:59:42Z
adilet	4	Авершин Константин Викторович	1976	депутат Мажилиса Парламента РК VIII созыва	"""Авершин Константин Викторович"" Казахстан"	3	IyzxRDnA2dI	https://www.youtube.com/watch?v=IyzxRDnA2dI	ТОКАЕВСКИЙ НОВЫЙ КАЗАХСТАН	"ТОКАЕВСКИЙ НОВЫЙ КАЗАХСТАН
 
Складывается ощущение, что в панике Токаев просто переназначает чиновников, чтобы создать картину бурной деятельности. Так, сегодня был назначен депутат мажилиса от партии “Нуротан” - экс-депутат маслихата г. Алматы Авершин Константин Викторович. Сын полковника КГБ и КНБ Авершина Виктора (""ликвидатор"").
 
Депутаты в Казахстане не знают в чем заключается их главная задача. Главная задача депутата это - представление интересов народа во властных структурах, защита прав избирателей. Однако как депутаты могут представлять интересы народа, если они не говорят правду, о реальном положении дел и наглым образом врут и занимаются подменой понятий?
 
Что можно сказать о депутате, который не знает, кто такой Дикий Арман и пытается его выставить авторитетом, хотя все в курсе, что он является криминальным элементом и провокатором КНБ, который участвовал в вооруженных нападениях, погромах во время январских событий. 

Авершин депутат, который не собирается критиковать работу акимов и быть на стороне народа тогда, когда именно он должен прислушаться к тому, что народ недоволен назначением Досаева или работой Сагинтаева. Вместо этого он процитировал пост о том, что алматинцы капризные. 

Также Авершин считает, что на протестах были в основном безработные и необразованные люди. В реальности на митинге были люди из разных слоев населения. Их привело не только общее недовольство финансовым положением, но и потребность в серьезных политических реформах. 
 
На примере Авершина мы хотим показать, что ничего не меняется. Во власти те же люди, которые не в состоянии говорить о правду. До тех пор пока во власти не начнут говорить правду, не будет объективности - не будут решаться народные проблемы. 
 
Что касательно акимов, то мы за выборность акимов на всех уровнях. Существующая власть не переходит на выборность акимов, судей и прокуроров, так как боятся потерять свою власть. Они продолжают строить авторитарную, централизованную систему  власти, а это прямой показатель того, что демократизация не входит в их планы.
Токаев бесконечно меняет одних некомпетентных политиков импотенто-приспособленцев на других таких же. 

Не ждите от Токаева перемен!"	UC6wZggQydceHuEwIT5GUgBA	Информационный канал «16/12»	2022-03-30T14:32:31Z	PT2M54S	8457	540	155	68	surname-in-metadata,name-tokens:3/3,context:депутат,мажилиса	SUGGESTED		2026-08-16T21:59:42Z
adilet	8	Адамбеков Тилектес Серикбайулы	1989	депутат Мажилиса Парламента РК VIII созыва	"""Адамбеков Тилектес Серикбайулы"" Казахстан"	1	eSlXtnN_wI4	https://www.youtube.com/watch?v=eSlXtnN_wI4	Дарига в числе 76 кандидатов от Nur Otan для регистрации в качестве депутатов Мажилиса	"Дарига в числе 76 кандидатов от Nur Otan для регистрации в качестве депутатов Мажилиса

Опубликован список 76 человек от партии Nur Otan, которых выдвинули на регистрацию в качестве депутатов Мажилиса, передает Tengrinews.kz со ссылкой на сайт партии.

Список кандидатов от Nur Otan:

АБАКАНОВ Елдос Нурболович.
АБАСОВ Кайнар Бегалиевич.
АБСЕМЕТОВА Алия Маратовна.
АДАМБАЕВ Сырым Жуматаевич.
АДАМБЕКОВ Тилектес Серикбайулы.
АКИШЕВ Самат Сагинбаевич.
АЛИМБАЕВ Данияр Кенгазыевич.
АМРЕЕВ Галым Махмутбаевич.
АХМЕТОВ Мади Абылаевич.
АШИМЖАНОВ Жанарбек Садыканулы.
ӘБДІҒАЛИҰЛЫ Берік.
БЕЙСЕНБАЕВ Елнұр Сабыржанұлы.
БЕКЖАНОВ Берик Айдарбекович.
БЕРДАЛИН Амангалий Бисенбаевич.
БИЖАНОВА Гульнара Кадиржановна.
БОЙЧИН Анатолий Васильевич.
ЕЛЕУОВ Галымжан Алмасбекович.
ЕЛЮБАЕВ Мади Сагинтаевич.
ЕРЖАН Құдайберген Төлепұлы.
ЕРМАН Мұхтар Тілдәбекұлы.
ЕРТАЕВ Сырым Махамбетович.
ЖАМАЛОВ Аманжан Макаримович.
ЖАҢБЫРШИН Еділ Терекбайұлы.
ЖУЛИН Юрий Викторович.
ЗАКИЕВА Динара Болатовна.
ИМАШЕВА Снежанна Валерьевна.
КАЗАНЦЕВ Павел Олегович.
КАМАСОВА Зарина Айдархановна.
КАРАТАЕВ Фахриддин Абдинабиевич.
КЕСЕБАЕВА Балаим Туганбаевна.
КИМ Вера Александровна.
КОЖАХМЕТОВ Арман Тулешович.
КОЛОДА Дмитрий Владимирович.
КУСАИНОВ Марат Апсеметович.
КУЧИНСКАЯ Юлия Владимировна.
КҰСПАН Айгүл Сайфоллақызы.
ҚҰЛШАР Мәлік Иманқұлұлы.
МУСАБАЕВ Самат Базарбаевич.
МУСИН Канат Сергеевич.
МЫҢБАЙ Дархан Қамзабекұлы.
НАЗАРБАЕВА Дарига Нурсултановна.
НАКПАЕВ Салимжан Жумашевич.
НИГМАТУЛИН Нурлан Зайруллаевич.
НУРКИНА Айгуль Кабдушевна.
НУРОВ Канат Ильич.
НУРУМОВА Гульдара Алданышевна.
НҰРМАНБЕТОВА Жәмила Нүсіпжанқызы.
ОМАРБЕКОВА Жанат Ануарбековна.
ОСПАНОВ Берик Серикович.
ПАВЛОВЕЦ Лариса Павловна.
ПАНЧЕНКО Игорь Иванович.
ПЛАТОНОВ Артур Станиславович.
РАЗЗАК Назиля Раззакбаевна.
РАМАЗАНОВА Лаззат Керимкуловна.
РАУ Альберт Павлович.
РАХИМЖАНОВ Амерхан Муратпекович.
САИРОВ Ерлан Бияхметович.
САПАРОВА Алия Суиндиковна.
САРТБАЕВ Бауржан Мейрамбекович.
САРЫМ Айдос Әміроллаұлы.
СИМОНОВ Сергей Анатольевич.
СМАҒҰЛ Бахытбек.
СМЫШЛЯЕВА Екатерина Васильевна.
СУЛЕЙМЕНОВА Жулдыз Досбергеновна.
СУЛЕЙМЕНОВА Зульфия Булатовна.
ТАЖМАГАМБЕТОВА Макпал Мазаковна.
ТАЙЖАНОВ Ерлик Серикбаевич.
ТАШКАРАЕВ Гани Абдуганиевич.
ТЕЛЬПЕКБАЕВА Жанна Тлеубековна.
ТІЛЕУХАН Бекболат Қанайұлы.
ТОРГАЕВ Беккали Нургалиевич.
ТУЛЕПБЕРГЕН Мейрамбек Мылтыкбайулы.
ТУРГАНОВ Дюсенбай Нурбаевич.
УИСИМБАЕВ Аскарбек Съезбекович.
УНЖАКОВА Ирина Сергеевна.
ШИПОВСКИХ Геннадий Геннадьевич.
""12 января решением бюро политического совета партии Nur Otan в соответствии с пунктом 5 статьи 97-1 Конституционного закона ""О выборах в Республике Казахстан"" утвержден список в составе 76 кандидатов и направлен в Центральную избирательную комиссию для регистрации в качестве депутатов Мажилиса Парламента VII созыва"", - сообщили в Nur Otan.

Отмечается, что состав фракции партии в Мажилисе обновился на 70 процентов. Средний возраст снизился до 49 лет, то есть на четыре года.

""Итоговый партийный список сбалансирован, 36 кандидатов являются победителями праймериз и 40 - отобраны в рамках квоты бюро политического совета. Данный подход позволил обеспечить региональную представленность пропорционально количеству избирателей.

Статья на сайте:
https://tengrinews.kz/kazakhstan_news/kto-stanet-deputatami-majilisa-ot-nur-otan-spisok-425685/"	UCq4pmpxRLeg63kFM4Tq-2PA	НОВЫЙ КАЗАХСТАН	2021-01-12T15:16:46Z	PT2M43S	300	2	0	72	surname-in-metadata,name-tokens:3/3,context:мажилиса,парламента,созыва	SUGGESTED		2026-08-16T21:59:43Z
adilet	9	Аймагамбетов Асхат Канатович	1982	депутат Мажилиса Парламента РК VIII созыва, преподаватель МNU	"""Аймагамбетов Асхат Канатович"" Казахстан"	1	dsSySd3qYLU	https://www.youtube.com/watch?v=dsSySd3qYLU	Необходимо расследование и жесткие меры: Асхат Аймагамбетов о буллинге в школах	"Депутат Мажилиса Парламента РК Асхат Аймагамбетов высказался о буллинге в школах, передает Qaz365.kz.

Он считает, что необходимо разобраться.

“Если то, о чем вы говорите, подтверждается, то это уже относится к уголовному кодексу. Поэтому здесь нужно расследование, и по итогам надо принять очень жесткие меры. На самом деле проблема буллинга и защиты прав детей комплексная. Мы много лет подряд поднимали вопрос по тому, чтобы обеспечить школы достаточным количеством психологов. Некоторые коллеги говорили, что дети не ходят к психологам. Ничего подобного. Сейчас дети другие, они нормально воспринимают психологов и нуждаются в этой помощи. Сейчас обилие информации, у детей определенные проблемы с потреблением информации, социализации. Нам необходимо усилить психологическую службу. На сегодняшний день на одного психолога приходится по тысяче – полторы тысячи детей. Это физически невозможно”, – говорит Аймагамбетов.

Он отметил, что Парламент поставил перед правительством вопрос расширения штата школьных психологов и повышения их квалификации.

Сейчас законопроект, который мы готовим, позволяет решать эти вопросы: проблемы лудомании, защиты прав детей, занятость этих детей. У нас есть дети, которых мы можем отнести к детям с девиантным поведением. Как правило, они не охвачены ни кружками, ни секциями, потому что при записи на кружок или секцию во Дворец юношества обычно это делают родители. Но родители с более высоким социальным статусом, как правило, имеют определенные образование и информацию, они записывают своего ребенка на пять-шесть секций. А вот родители детей в сложном состоянии либо ведут асоциальный образ жизни, либо днем и ночью работают. Таких детей мы должны записывать проактивно”, – заключил Аймагамбетов."	UCcijnEDes6P4fUnlWHfIgJQ	Ras Söz	2023-09-13T10:09:48Z	PT2M38S	13	0	0	84	surname-in-title,name-tokens:2/3,context:депутат,мажилиса,парламента,рк	SUGGESTED		2026-08-16T21:59:44Z
adilet	9	Аймагамбетов Асхат Канатович	1982	депутат Мажилиса Парламента РК VIII созыва, преподаватель МNU	"""Аймагамбетов Асхат Канатович"" Казахстан"	2	76JOun7t5c4	https://www.youtube.com/watch?v=76JOun7t5c4	Интервью с Асхатом Аймагамбетовым	"В гостях у проекта ""Байтасов LIVE"" министр образования и науки Республики Казахстан Асхат Аймагамбетов. Асхат Канатович рассказал о нововведениях в системе тестирования выпускников школ, об изменениях в системе работы высших учебных заведениях и  о конкуренции с мировыми вузами"	UCh0k3JlUGI0UBFQOUPaaImQ	Арманжан Байтасов	2021-04-29T17:51:25Z	PT58M38S	28314	1022	304	80	surname-in-title,name-tokens:3/3	SUGGESTED		2026-08-16T21:59:44Z
adilet	9	Аймагамбетов Асхат Канатович	1982	депутат Мажилиса Парламента РК VIII созыва, преподаватель МNU	"""Аймагамбетов Асхат Канатович"" Казахстан"	3	jodTbIDiwoc	https://www.youtube.com/watch?v=jodTbIDiwoc	«Мемлекет басшысының Жолдауын іске асыру жөніндегі шаралар туралы»	"Тақырыбы/Тема:
«Мемлекет басшысының Жолдауын іске асыру жөніндегі шаралар туралы»

/«О мерах по реализации Послания Главы государства»

Спикерлер/Спикеры:
«ҚР Оқу-ағарту министрі Асхат Қанатұлы Аймағамбетов;»

/«Министр просвещения РК Аймагамбетов Асхат Канатович;»

Модератор: Мақпал Асубайқызы"	UCB8Fk28jdzWpemE2hl2PYMA	ОРТАЛЫҚ КОММУНИКАЦИЯЛАР ҚЫЗМЕТІ	2022-09-23T11:48:15Z	PT1H6M6S	1089	21		64	surname-in-metadata,name-tokens:3/3,context:рк	SUGGESTED		2026-08-16T21:59:44Z
adilet	9	Аймагамбетов Асхат Канатович	1982	депутат Мажилиса Парламента РК VIII созыва, преподаватель МNU	"""Аймагамбетов Асхат Канатович"" Казахстан"	4	_oZCBJ15H88	https://www.youtube.com/watch?v=_oZCBJ15H88	Президент Токаев сменил министра просвещения	"Указом Главы государства Аймагамбетов Асхат Канатович освобожден от должности министра просвещения Республики Казахстан, сообщает пресс-служба Акорды.


«Хабар 24» арнасына жазылыңыздар: http://bit.ly/31WnObW
Біздің сайт - https://24.kz
*******
БІЗДІҢ ПАРАҚШАЛАРҒА ЖАЗЫЛЫҢЫЗ:
Facebook: https://www.facebook.com/tvkhabar24 
Instagram: https://instagram.com/khabar24_tv?igshid=YmMyMTA2M2Y= 
Telegram: https://t.me/tvkhabar24
TikTok: http://www.tiktok.com/@24khabar 
Twitter: https://twitter.com/tvkhabar24"	UCnAFKvDuqBGkIfV8Vn0J_CQ	Телеканал 24kz	2023-01-04T06:55:34Z	PT19S	5407	38	30	60	surname-in-metadata,name-tokens:3/3	SUGGESTED		2026-08-16T21:59:44Z
adilet	9	Аймагамбетов Асхат Канатович	1982	депутат Мажилиса Парламента РК VIII созыва, преподаватель МNU	"""Аймагамбетов Асхат Канатович"" Казахстан"	5	_4tSD8ZhvwI	https://www.youtube.com/watch?v=_4tSD8ZhvwI	Глава Минпросвещения Казахстана рассказал о расходах на покупку формы для сына-школьника	#казахстан #форма #аймагамбетов	UCpoJb12HojjSYCKtLWHSSZA	Bestnews TV	2022-08-16T06:09:25Z	PT2M56S	105	1	3	37	surname-in-metadata,name-tokens:1/3	SUGGESTED		2026-08-16T21:59:44Z
adilet	13	Амантай Жаркынбек	1988	депутат Мажилиса Парламента РК VIII созыва	"""Амантай Жаркынбек"" Казахстан"	1	sJKrGdarr5A	https://www.youtube.com/watch?v=sJKrGdarr5A	ХАРАССМЕНТ. САМА ВИНОВАТА. СЕКСИЗМ|ВЫСКАЗЫВАНИЯ ДЕПУТАТОВ О ЖЕНЩИНАХ В КАЗАХСТАНЕ	"Депутат Ермурат Бапи предложил принять в Казахстане закон о “главе семьи” для укрепления роли мужчин. Он выразил недовольство недостатком прав у мужчин и подчеркнул важность отцов в казахской культуре. Депутат Мажилиса Казахстана Амантай Жаркынбек предложил привлекать женщин, подвергшихся домашнему насилию, к ответственности за “провоцирование” мужа.  ЦИК лишил Аскара Садыкова депутатского мандата из-за недопустимого поступка. В сентябре Азат Перуашев заявил о сексуализированных домогательствах Садыкова к сотруднице парламента. Почему некоторые казахстанские депутаты позволяют себе сексистские высказывания, поддерживают насилие, занимаются харассментом. И можем ли говорить о «коллективной Бишимбаевщине» как о целом явлении? Гости студии - правозащитница Молдир Жумабаева и медиа продюсер Ержан Сулейменов. 
00:00 Анонс
00:57 Что нам дал закон о ПСБН?
4:16 «Мы лечим, но не работаем с причинами»
7:20 Нам нужен закон за разжигание гендерной розни
10:05 Жертва не знает, куда обращаться
14:27 Ермурат Бапи за отдельный закон о статусе отца
16:20 Что не так со статьей о понуждении к сексу
19:40 Патриархат уходит?
25:00 Насилие нормализовано?
30:00 Насилие циклично
33:13 Что делать с харассментом?"	UCd0V575_xDRKv3NPUJBjy6A	СТАТУС СКВО	2024-10-28T14:00:58Z	PT41M8S	27429	480	4	72	surname-in-metadata,name-tokens:2/2,context:депутат,мажилиса,парламента	SUGGESTED		2026-08-16T21:59:45Z
adilet	13	Амантай Жаркынбек	1988	депутат Мажилиса Парламента РК VIII созыва	"""Амантай Жаркынбек"" Казахстан"	2	Oos0TWDLd5E	https://www.youtube.com/watch?v=Oos0TWDLd5E	Проблемы санаторно-курортного лечения лиц с инвалидностью, в том числе портала социальных услуг	"На этот раз в парламенте депутат рассказал о многолетней проблеме, которая касается санаторно-курортного лечения людей с ограниченными возможностями. 
Кенжегул С.: 

Первая проблема — это есть список предоставляемых услуг. Это массаж, лазерные услуги, но не во всех санаторно-курортных  организациях они есть.
 Правительство вкладывает деньги, но эти организации не дают ту услугу, которую восстанавливают человека с инвалидностью, улучшить свое здоровье. В каждой организации должны быть оборудованные кабинеты ЛФК, но это не у всех есть. Имеются проблемы с предоставлением СМС кодов при заезде в санаторий, при этом не учитываются фишинговые риски, кибер атаки. 

Жаслан: 

Ещё до введения социального портала у нас управление занятости Астана отправляло в реабилитационный центр, это бывший пионерский лагерь. Там минеральных ванн нет. Они просто  набирают воду из-под крана, подключают туда какие-то электроды. Какой толк от этого? Полностью не получаешь всех процедур.  Питание у них тоже слабое. И доступность слабая. Тренажерного зала я вообще не видел. 

ООИ ""Подранки - Шарасыздар: 

Эти санатории построены давно. Тогда были СНИП советских времен. Их перестроить невозможно. Бассейны, грязелечебницы расположены в таких местах, куда лицо с инвалидностью, например, опорник попасть априори не может. Проще полностью снести. Практически все санатории в частных руках. Портал для лиц с инвалидностью. Его архитектура недоброжелательная, сложная для восприятия. И даже не только для лиц с инвалидностью, а в целом. Поставщики публикуют фото номеров, помещений. По ним сложно сказать, насколько они адаптированы, насколько они комфортны. Существует сложность выбора поставщика по дате заезда. Более того, мы обращались в Антикор по поводу анализа портала, и в своем заключении антикоррупционная служба сказала, что этот портал закрытый, он не дает возможность мониторить и оценивать деятельность этих санаторно-курортных организаций. При этом надо понимать, что это бюджетные деньги. 

В МТСЗН РК разъяснили новый порядок выдачи путевок. С позиций чиновников минсоцзащиты. Алтынай Мусагайзина, гл. эксперт. 
 «Если лицо с инвалидностью съездило в санаторий и у него есть жалобы на качество услуг или по доступу, то он может подать заявку на портале социальных услуг в личном кабинете. Заявку рассматривает комиссия, направляет письмо поставщику об устранении этих нарушений».

Ремарка: 
Для проведения этой процедуры, прежде всего, следует попасть туда, например, приобрести билет, выехать по месту нахождения санатория. По прибытию же выяснится, что безбарьерная среда отсутствует. В этом случае, коим образом бенефициар может оценить качество услуг при отсутствии их получения, то есть жалоба рассматриваться не будет? Кто возместит ему стоимость расходов, и в целом моральный ущерб и в какие сроки? Возможно, комиссия, которая допустила недобросовестного поставщика, однако в НПА подобные меры отсутствуют, что означает возложение дополнительного бремени, в том числе финансового на инвалида, который вряд ли будет заниматься этими процедурами. 
Кроме того, для подачи жалобы необходимо зайти на портал, что требует авторизации и иных действий, которые кто то должен помочь получить, следовательно, он должен будет вынужден выехать в отдел занятости за получением этой помощи, будет ли он этим заниматься, более чем уверена, что нет. 

Жаслан: Я предлагаю монетизацию, навести порядок в их документации. Тот же самый классификатор привести к стандарту с их приказами, чтобы одно не противоречило другому. 

Пс: Депутатские запросы. Дата и рег. и номер запроса. 21.11.2024, ДС-397. Инициатор запроса - СЕЙТЖАН Кенжеғұл Социалович 
Участники запроса - БЕЙСЕНБАЕВ Ержан , САГАНДЫКОВА Ажар , АУЕСБАЕВ Нурлан , ТАУ Нургул , АМАНТАЙ Жаркынбек , НУРУМОВА Гульдара , АБДИЕВ Ерлан , СУНКАР Ислам , СМИРНОВА Ирина , ТАНАШЕВА Гаухар , МАГЕРРАМОВ Магеррам. 
Адресат ПРЕМЬЕР-МИНИСТР РК - Олжас Абаевич. 
По проблемам получения санаторно-курортного лечения для лиц с инвалидностью 
https://mazhilis.parlam.kz/#/activity/deputys-requests/request?id=8639 
Полный текст запроса:
 https://dzen.ru/a/Z0XV20cuxwl7MLpl"	UCCzW_6YgHg5e_gwnNYILP7w	ООИ Шарасыздар	2024-11-27T02:11:42Z	PT8M41S	62	3	0	68	surname-in-metadata,name-tokens:2/2,context:депутат,рк	SUGGESTED		2026-08-16T21:59:45Z
adilet	13	Амантай Жаркынбек	1988	депутат Мажилиса Парламента РК VIII созыва	"""Амантай Жаркынбек"" Казахстан"	3	aSS4Tc4-8Bk	https://www.youtube.com/watch?v=aSS4Tc4-8Bk	Увеличить количество уроков НВП в школах предложил мажилисмен  #казахстан #сми  #культура #армия	"⚡ Увеличить количество уроков начальной военной подготовки в школах предложил мажилисмен Амантай Жаркынбек на заседании Республиканского совета по поддержке молодежи при партии «AMANAT». Депутат считает, что это важный этап в подготовке ребят к армии

Источник t.me/eurasia1tvkz

📰 Актуальные новости Нового Казахстана. Мы поистине Народные новости!
🛎️ Подпишитесь на уведомления страницы, чтобы получать актуальные новости первым!"	UCJgN5Xrwlwn7h2sCyfNtF7Q	Новый Казахстан | Новости Казахстан	2024-09-13T06:47:47Z	PT55S	1442	24	5	64	surname-in-metadata,name-tokens:2/2,context:депутат	SUGGESTED		2026-08-16T21:59:45Z
adilet	13	Амантай Жаркынбек	1988	депутат Мажилиса Парламента РК VIII созыва	"""Амантай Жаркынбек"" Казахстан"	4	fctMF9zid5k	https://www.youtube.com/watch?v=fctMF9zid5k	Проверить деятельность «инфоцыган» предложил депутат	"Проверять деятельность блогеров, продающих курсы, предложил депутат Амантай Жаркынбек, передает «24KZ».

#блогеры #Новости #курсы #НовостиКазахстана #депутат #24KZ #хабар24 #проверка #коуч #тренинг #доход"	UCnAFKvDuqBGkIfV8Vn0J_CQ	Телеканал 24kz	2024-10-16T12:29:26Z	PT1M23S	101	0	0	64	surname-in-metadata,name-tokens:2/2,context:депутат	SUGGESTED		2026-08-16T21:59:45Z
adilet	13	Амантай Жаркынбек	1988	депутат Мажилиса Парламента РК VIII созыва	"""Амантай Жаркынбек"" Казахстан"	5	wp5yF9n8zf4	https://www.youtube.com/watch?v=wp5yF9n8zf4	Депутаты-одномандатники: кто они и чем занимаются?	"В Послании Президент предложил сделать парламент Казахстана однопалатным и избирать депутатов только по партийным спискам. Мы решили посмотреть, кто сегодня представляет избирателей в Мажилисе как одномандатники, чем они занимаются и как оценивается их работа.

Таймкоды: 
00:00 Вступление
00:38 ЖАҢБЫРШИН Еділ
03:34 САБИЛЬЯНОВ Нуртай
07:25 МАМБЕТОВ Еркебулан
09:55 АБИЛ Еркин
13:50 АЛИШЕВ Казыбек
15:10 АМАНТАЙ Жаркынбек
17:40 БАЗАРБЕК Бакытжан
21:05 БАЛАБИЕВ Кайрат
24:48 БАПИ Ермурат
26:55 БЕКСУЛТАНОВ Кудайберген
28:37 ЖАЙЫМБЕТОВ Мархабат
30:42 ЖУБАНОВ Адиль
32:00 ИСАБЕК Данабек
33:58 ИСКАНДИРОВ Мукаш
35:42 КАЛЫКОВ Арман
37:50 КАСКАРАУОВ Данияр
40:44 КОЖАСБАЕВ Руслан
42:04 КУСПАН Абзал
43:00 КЫРЫКБАЕВ Темир
45:32 МУКАЕВ Даулет
47:02 МУСРАЛИМОВА Айна
48:23 НАЖМЕТДИНҰЛЫ Болатбек
50:04 НАЗАРОВ Ардак
53:20 НҰРЫМ Гүлдара
54:48 САДИБЕКОВ Уласбек
56:18 САТЫБАЛДИН Ерболат
58:05 СТАМБЕКОВ Ерлан
1:00:00 ТУМАШИНОВ Лукбек
1:03:45 ТУРЛЫХАНОВ Даулет
1:05:24 Итог

Telegram - https://t.me/ozektimedia
Instagram - https://www.instagram.com/ozekti_media/
Instagram Диаса Еркинова -   https://www.instagram.com/dias_yerkinov/
Tik-Tok - https://www.tiktok.com/@ozektimedia

*Сотрудничество: ozektimedia@gmail.com

#токаев #казахстан #новостиказахстана"	UCQpzmeBWqEYS8O2XaUzRytA	Ozekti Media	2025-09-16T12:31:18Z	PT1H6M38S	405	23	6	60	surname-in-metadata,name-tokens:2/2	SUGGESTED		2026-08-16T21:59:45Z
adilet	21	Ашимжанов Жанарбек Садыканович	1976	депутат Мажилиса Парламента Республики Казахстан VIII созыва	"""Ашимжанов Жанарбек Садыканович"" Казахстан"	0												0	no-video-results	NO_RESULT		2026-08-16T21:59:46Z
adilet	36	Башимов Марат Советович	1966	депутат Мажилиса Парламента Республики Казахстан VIII созыва	"""Башимов Марат Советович"" Казахстан"	1	PE-baNKte6g	https://www.youtube.com/watch?v=PE-baNKte6g	"""ВЗГЛЯД с Маратом Башимовым"". С доктором юридических наук, профессором Сман А.С."	"В студии: член Комиссии по правам человека при Президенте Республики Казахстан, доктор юридических наук, профессор Сман Айсана Смановна.
Ведущий: Башимов Марат Советович, член Комиссии по правам человека при Президенте Республики Казахстан, доктор юридических наук, профессор, эксперт в области европейского права. 17 мая 2020 года."	UCwOi-h0wP5fcqxraR1Zk1KA	ВЗГЛЯД с Маратом Башимовым	2020-05-18T12:22:19Z	PT49M54S	611	33	0	88	surname-in-title,name-tokens:3/3,context:казахстан,республики	SUGGESTED		2026-08-16T21:59:47Z
adilet	36	Башимов Марат Советович	1966	депутат Мажилиса Парламента Республики Казахстан VIII созыва	"""Башимов Марат Советович"" Казахстан"	2	UzjxdfPRqYA	https://www.youtube.com/watch?v=UzjxdfPRqYA	в Мажилисе депутат Башимов Марат Советович нас непринял. Вроде как народный избранник устал	"в Мажилисе депутат Башимов Марат Советович нас непринял. Вроде как народный избранник устал. Мы ждали два часа. После чего депутат быстро удалился. Какие чувства владели им в тот момент, когда он пулей пролетал мимо, понять было не возможно. Так как на его лице была медицинская маска.
__________________________________________

РОО ""Казахстанский Союз Родителей""
сайт: https://kazsouzrod.kz/
Instagram: https://instagram.com/kazsouzrod
Телеграм канал: https://t.me/Qaz_ata_analar_odagy
вКонтакте: https://vk.com/kazsouzrod
You Tube: https://www.youtube.com/@kazsouzrod
Facebook: https://www.facebook.com/groups/599730737506784
TikTok: https://www.tiktok.com/@kazsouzrod
e-mail: kazsouzrod@gmail.com

Почтовый адрес: 010000
Республика Казахстан
город Астана
улица Ауэзова 13, а/я 46

Тел.: +7 778 776 80 71
+7 778 776 80 72"	UCaXSk-bqSNZqbWbVCRWaTqg	Казахстанский Союз Родителей РОО	2024-04-11T07:45:06Z	PT2M6S	1433	112	41	88	surname-in-title,name-tokens:3/3,context:депутат,казахстан	SUGGESTED		2026-08-16T21:59:47Z
adilet	36	Башимов Марат Советович	1966	депутат Мажилиса Парламента Республики Казахстан VIII созыва	"""Башимов Марат Советович"" Казахстан"	3	_m0ztgk9wp4	https://www.youtube.com/watch?v=_m0ztgk9wp4	С начала года в ДТП погибли свыше 1300 человек	"Башимов Марат Советович, депутат Мажилиса Парламента РК.

«24KZ» арнасына жазылыңыздар: http://bit.ly/31WnObW
Біздің сайт - https://24.kz
*******
БІЗДІҢ ПАРАҚШАЛАРҒА ЖАЗЫЛЫҢЫЗ:
Facebook: https://www.facebook.com/tvkhabar24 
Instagram: https://www.instagram.com/24kz_tv/
Telegram: https://t.me/tv_24KZ
TikTok: www.tiktok.com/@tv24kz
Twitter: https://x.com/tvkhabar24

#24KZ #Новости #актуальныеНовости #НовостиВмире #НовостиКазахстана"	UCnAFKvDuqBGkIfV8Vn0J_CQ	Телеканал 24kz	2024-09-20T10:05:34Z	PT5M44S	85	0	1	72	surname-in-metadata,name-tokens:3/3,context:депутат,мажилиса,парламента	SUGGESTED		2026-08-16T21:59:47Z
adilet	36	Башимов Марат Советович	1966	депутат Мажилиса Парламента Республики Казахстан VIII созыва	"""Башимов Марат Советович"" Казахстан"	4	mV032IiVCI8	https://www.youtube.com/watch?v=mV032IiVCI8	Интервью. Марат Башимов	Интервью. Марат Башимов	UCXjJwzffKPE2r-zG-YMte5A	Телеканал Хабар 24	2015-05-22T04:33:36Z	PT15M27S	162	0	0	68	surname-in-title,name-tokens:2/3	SUGGESTED		2026-08-16T21:59:47Z
adilet	36	Башимов Марат Советович	1966	депутат Мажилиса Парламента Республики Казахстан VIII созыва	"""Башимов Марат Советович"" Казахстан"	5	XeNQBXt5zxs	https://www.youtube.com/watch?v=XeNQBXt5zxs	AntikorNews:О некоторых вопросах профилактики коррупции	"Марат Башимов, Агенттіктің АМТ мүшесі, Еуропалық құқық және адам құқықтары сараптамалық институтының директоры
⠀
Марат Башимов, Член СМГ Агентства, Директор Экспертного института Европейского права и прав человека
⠀
Сыбайлас жемқорлықтың алдын алудың кейбір мәселелері туралы
⠀
О некоторых вопросах профилактики коррупции

Тезисы:

06:30 Об имущественной выгоде
07:45 О бытовой коррупции 
09:02 О конвенции Совета Европы
14:15 Об ответственности первого руководителя
12:37 О переходе к гражданскому обществу
16:00 О концепции «Слышащего государства»
17:41 Об открытости подотчетности 
18:05 О работе госаппарата во время пандемии
19:26 «Двойные стандарты - это и есть барьер в борьбе с коррупции» М.Башимов
21:22 «Честность и справедливость -  два качества к которым нужно стремиться» М.Башимов"	UC-ejISiuqKwZ3q3EM-qClqA	ANTIKOR	2020-09-22T10:51:42Z	PT30M29S	257	4	4	48	surname-in-metadata,name-tokens:2/3	SUGGESTED		2026-08-16T21:59:47Z
adilet	40	Бекназаров Нурлан Кудиярович	1964	депутат Сената Парламента Республики Казахстан	"""Бекназаров Нурлан Кудиярович"" Казахстан"	0												0	no-video-results	NO_RESULT		2026-08-16T21:59:48Z
adilet	46	Больгерт Евгений Андреевич	1984	депутат Сената Парламента Республики Казахстан	"""Больгерт Евгений Андреевич"" Казахстан"	1	Uf-1MGMihBk	https://www.youtube.com/watch?v=Uf-1MGMihBk	Обсуждение проекта новой Конституции. Евгений Больгерт	"Спикер:

Больгерт Евгений Андреевич, депутат Сената Парламента РК (Основополагающие принципы, Халық Кеңесі, Однопалатный Парламент (Құрылтай).

#жаңалықтар #новости #24KZ #хабар24 #казахстан"	UCnAFKvDuqBGkIfV8Vn0J_CQ	Телеканал 24kz	2026-02-18T18:06:58Z	PT8M13S	71	1	0	96	surname-in-title,name-tokens:3/3,context:депутат,казахстан,парламента,сената	SUGGESTED		2026-08-16T21:59:49Z
adilet	77	Имашева Снежанна Валерьевна	1981	депутат Мажилиса Парламента Республики Казахстан VIII созыва	"""Имашева Снежанна Валерьевна"" Казахстан"	1	SasYb76Y-L8	https://www.youtube.com/watch?v=SasYb76Y-L8	Жизнь вне протокола | Снежанна Имашева	"🎙️В новом выпуске проекта «Женщина
Geographic» - Снежанна Имашева.

Снежанна Валерьевна - казахстанский государственный деятель, Уполномоченный по вопросам семьи в РК и зампредседателя Национальной комиссии по делам женщин и семейно-демографической политике при
Президенте РК."	UCZQiM252dQhShbogFzp-jaA	Радио Jibek Joly 101.4FM	2026-03-23T17:35:35Z	PT38M13S	29	1	0	80	surname-in-title,name-tokens:3/3	SUGGESTED		2026-08-16T21:59:50Z
adilet	77	Имашева Снежанна Валерьевна	1981	депутат Мажилиса Парламента Республики Казахстан VIII созыва	"""Имашева Снежанна Валерьевна"" Казахстан"	2	GavxSUUXvzI	https://www.youtube.com/watch?v=GavxSUUXvzI	ТЕПЕРЬ АСТАНА?	"ТЕПЕРЬ АСТАНА? 

Спецоперация началась. Теперь столица должна поменять название на Астана. 
Новый Казахстан Назарбаева? 

«К слову, о депутатской группе ""Жаңа Қазақстан"". Она была создана в феврале после январских событий. Внезапно мажилисмены вспомнили, что в Казахстане много накопившихся социальных и экономических проблем. Народные избранники решили начать трансформацию и своевременно поднимать актуальные вопросы.

В 2019 году президент Касым-Жомарт Токаев предложил переименовать Астану в Нур-Султан. На совместном заседании палат парламента за переименование столицы проголосовали 102 депутата мажилиса (из 107) и 43 депутата сената. Тогда это решение называли «историческим».

А вот теперь, в  2022 году депутатская группа ""Жаңа Қазақстан"" предложила вернуть прежнее название столице - Астана. 

Некоторые из депутатов шестого созыва являются сегодня членами этой депутатской группы: 

👐🏻 БИЖАНОВА Гульнара Кадиржановна

👐🏻 ДЮСЕМБИНОВ Берик Салимжанович

👐🏻 ЕСПАЕВА Дания Мадиевна

👐🏻 ИМАШЕВА Снежанна Валерьевна

👐🏻 КОЖАХМЕТОВ Арман Тулешович

👐🏻 СМИРНОВА Ирина Владимировна

Также среди членов ""Жаңа Қазақстан"" есть депутаты маслихатов, которые решали переименование центральных проспектов именем Нурсултана Назарбаева.»"	UCf0jMvh9QJZrR3sKkyHDjNQ	Мухтар Аблязов	2022-09-03T11:59:31Z	PT1M25S	17697	1012	372	76	surname-in-metadata,name-tokens:3/3,context:казахстан,мажилиса,парламента,созыва	SUGGESTED		2026-08-16T21:59:50Z
adilet	77	Имашева Снежанна Валерьевна	1981	депутат Мажилиса Парламента Республики Казахстан VIII созыва	"""Имашева Снежанна Валерьевна"" Казахстан"	3	eSlXtnN_wI4	https://www.youtube.com/watch?v=eSlXtnN_wI4	Дарига в числе 76 кандидатов от Nur Otan для регистрации в качестве депутатов Мажилиса	"Дарига в числе 76 кандидатов от Nur Otan для регистрации в качестве депутатов Мажилиса

Опубликован список 76 человек от партии Nur Otan, которых выдвинули на регистрацию в качестве депутатов Мажилиса, передает Tengrinews.kz со ссылкой на сайт партии.

Список кандидатов от Nur Otan:

АБАКАНОВ Елдос Нурболович.
АБАСОВ Кайнар Бегалиевич.
АБСЕМЕТОВА Алия Маратовна.
АДАМБАЕВ Сырым Жуматаевич.
АДАМБЕКОВ Тилектес Серикбайулы.
АКИШЕВ Самат Сагинбаевич.
АЛИМБАЕВ Данияр Кенгазыевич.
АМРЕЕВ Галым Махмутбаевич.
АХМЕТОВ Мади Абылаевич.
АШИМЖАНОВ Жанарбек Садыканулы.
ӘБДІҒАЛИҰЛЫ Берік.
БЕЙСЕНБАЕВ Елнұр Сабыржанұлы.
БЕКЖАНОВ Берик Айдарбекович.
БЕРДАЛИН Амангалий Бисенбаевич.
БИЖАНОВА Гульнара Кадиржановна.
БОЙЧИН Анатолий Васильевич.
ЕЛЕУОВ Галымжан Алмасбекович.
ЕЛЮБАЕВ Мади Сагинтаевич.
ЕРЖАН Құдайберген Төлепұлы.
ЕРМАН Мұхтар Тілдәбекұлы.
ЕРТАЕВ Сырым Махамбетович.
ЖАМАЛОВ Аманжан Макаримович.
ЖАҢБЫРШИН Еділ Терекбайұлы.
ЖУЛИН Юрий Викторович.
ЗАКИЕВА Динара Болатовна.
ИМАШЕВА Снежанна Валерьевна.
КАЗАНЦЕВ Павел Олегович.
КАМАСОВА Зарина Айдархановна.
КАРАТАЕВ Фахриддин Абдинабиевич.
КЕСЕБАЕВА Балаим Туганбаевна.
КИМ Вера Александровна.
КОЖАХМЕТОВ Арман Тулешович.
КОЛОДА Дмитрий Владимирович.
КУСАИНОВ Марат Апсеметович.
КУЧИНСКАЯ Юлия Владимировна.
КҰСПАН Айгүл Сайфоллақызы.
ҚҰЛШАР Мәлік Иманқұлұлы.
МУСАБАЕВ Самат Базарбаевич.
МУСИН Канат Сергеевич.
МЫҢБАЙ Дархан Қамзабекұлы.
НАЗАРБАЕВА Дарига Нурсултановна.
НАКПАЕВ Салимжан Жумашевич.
НИГМАТУЛИН Нурлан Зайруллаевич.
НУРКИНА Айгуль Кабдушевна.
НУРОВ Канат Ильич.
НУРУМОВА Гульдара Алданышевна.
НҰРМАНБЕТОВА Жәмила Нүсіпжанқызы.
ОМАРБЕКОВА Жанат Ануарбековна.
ОСПАНОВ Берик Серикович.
ПАВЛОВЕЦ Лариса Павловна.
ПАНЧЕНКО Игорь Иванович.
ПЛАТОНОВ Артур Станиславович.
РАЗЗАК Назиля Раззакбаевна.
РАМАЗАНОВА Лаззат Керимкуловна.
РАУ Альберт Павлович.
РАХИМЖАНОВ Амерхан Муратпекович.
САИРОВ Ерлан Бияхметович.
САПАРОВА Алия Суиндиковна.
САРТБАЕВ Бауржан Мейрамбекович.
САРЫМ Айдос Әміроллаұлы.
СИМОНОВ Сергей Анатольевич.
СМАҒҰЛ Бахытбек.
СМЫШЛЯЕВА Екатерина Васильевна.
СУЛЕЙМЕНОВА Жулдыз Досбергеновна.
СУЛЕЙМЕНОВА Зульфия Булатовна.
ТАЖМАГАМБЕТОВА Макпал Мазаковна.
ТАЙЖАНОВ Ерлик Серикбаевич.
ТАШКАРАЕВ Гани Абдуганиевич.
ТЕЛЬПЕКБАЕВА Жанна Тлеубековна.
ТІЛЕУХАН Бекболат Қанайұлы.
ТОРГАЕВ Беккали Нургалиевич.
ТУЛЕПБЕРГЕН Мейрамбек Мылтыкбайулы.
ТУРГАНОВ Дюсенбай Нурбаевич.
УИСИМБАЕВ Аскарбек Съезбекович.
УНЖАКОВА Ирина Сергеевна.
ШИПОВСКИХ Геннадий Геннадьевич.
""12 января решением бюро политического совета партии Nur Otan в соответствии с пунктом 5 статьи 97-1 Конституционного закона ""О выборах в Республике Казахстан"" утвержден список в составе 76 кандидатов и направлен в Центральную избирательную комиссию для регистрации в качестве депутатов Мажилиса Парламента VII созыва"", - сообщили в Nur Otan.

Отмечается, что состав фракции партии в Мажилисе обновился на 70 процентов. Средний возраст снизился до 49 лет, то есть на четыре года.

""Итоговый партийный список сбалансирован, 36 кандидатов являются победителями праймериз и 40 - отобраны в рамках квоты бюро политического совета. Данный подход позволил обеспечить региональную представленность пропорционально количеству избирателей.

Статья на сайте:
https://tengrinews.kz/kazakhstan_news/kto-stanet-deputatami-majilisa-ot-nur-otan-spisok-425685/"	UCq4pmpxRLeg63kFM4Tq-2PA	НОВЫЙ КАЗАХСТАН	2021-01-12T15:16:46Z	PT2M43S	300	2	0	76	surname-in-metadata,name-tokens:3/3,context:казахстан,мажилиса,парламента,созыва	SUGGESTED		2026-08-16T21:59:50Z
adilet	77	Имашева Снежанна Валерьевна	1981	депутат Мажилиса Парламента Республики Казахстан VIII созыва	"""Имашева Снежанна Валерьевна"" Казахстан"	4	1VUFj-Bd1yE	https://www.youtube.com/watch?v=1VUFj-Bd1yE	Есірткі бизнесіне қатысты жазаны күшейту	"Имашева Снежанна Валерьевна, ҚР Парламентінің Мәжілісі депутаты

#есірткі #Мәжілісі #24KZ #хабар24"	UCnAFKvDuqBGkIfV8Vn0J_CQ	Телеканал 24kz	2024-11-27T14:01:45Z	PT5M3S	123	3	0	60	surname-in-metadata,name-tokens:3/3	SUGGESTED		2026-08-16T21:59:50Z
adilet	83	Калыков Арман Кобыландынович	1973	депутат Мажилиса Парламента Республики Казахстан VIII созыва	"""Калыков Арман Кобыландынович"" Казахстан"	1	0HiXhqLVp8M	https://www.youtube.com/watch?v=0HiXhqLVp8M	Новая политика в сфере теплоэнергетики	"Калыков Арман Кобыландынович, депутат Мажилиса Парламента РК.


«24KZ» арнасына жазылыңыздар: http://bit.ly/31WnObW
Біздің сайт - https://24.kz
*******
БІЗДІҢ ПАРАҚШАЛАРҒА ЖАЗЫЛЫҢЫЗ:
Facebook: https://www.facebook.com/tvkhabar24 
Instagram: https://www.instagram.com/24kz_tv/
Telegram: https://t.me/tv_24KZ
TikTok: www.tiktok.com/@tv24kz
Twitter: https://x.com/tvkhabar24

#24KZ #Новости #актуальныеНовости #НовостиВмире #НовостиКазахстана"	UCnAFKvDuqBGkIfV8Vn0J_CQ	Телеканал 24kz	2024-06-05T09:39:21Z	PT3M24S	134	1	0	72	surname-in-metadata,name-tokens:3/3,context:депутат,мажилиса,парламента	SUGGESTED		2026-08-16T21:59:51Z
adilet	83	Калыков Арман Кобыландынович	1973	депутат Мажилиса Парламента Республики Казахстан VIII созыва	"""Калыков Арман Кобыландынович"" Казахстан"	2	8cmBKWIAr20	https://www.youtube.com/watch?v=8cmBKWIAr20	О поправках в законодательство по внедрению спецсоцвыплат рассказали в Мажилисе	"Мажилис во втором чтении принял поправки в законодательство по внедрению спецсоцвыплаты гражданам длительное время работающим во вредных условиях труда, начиная с 55 лет до достижения пенсионного возраста.

Как казахстанцы, работающие на вредных условиях труда будут получать спецсоцвыплаты - в прямом эфире рассказал мажилисмен Калыков Арман Кобыландынович.
_____________________________________
Актуальные новости текущего часа в Казахстане.

Отправляйте друзьям, подписывайтесь на канал!

Больше новостей на http://www.baigenews.kz/
Instagram - https://www.instagram.com/baigenews/
Twitter - https://twitter.com/baigenewskz
Facebook - https://www.facebook.com/baigenewskz
Telegram - https://t.me/baigenews_kz

#baigenews #новостиказахстана #спецсоцвыплаты #мажилис"	UCSHsfd5bzN6YMsnpvQSqHuw	BAQ KZ / rus	2023-11-15T10:23:45Z	PT12M49S	67	0	0	64	surname-in-metadata,name-tokens:3/3,context:мажилис	SUGGESTED		2026-08-16T21:59:51Z
adilet	94	Кожаев Марат Шадетханович	1964	депутат Сената Парламента Республики Казахстан	"""Кожаев Марат Шадетханович"" Казахстан"	1	Hv5fzd4zdMA	https://www.youtube.com/watch?v=Hv5fzd4zdMA	Сенатор Марат Кожаев | Нарушители ПДД #казахстан #пдд #водитель #штрафостан #штраф	"Почта: altynbasskz@gmail.com

inst: @rustem_amangeldy
https://www.instagram.com/rustem_amangeldy/

tg: @palata7kz
https://t.me/palata7kz

Донаты для канала:
KASPI: 4400 4302 9448 5831

#казахстан #новости"	UCfkTgltUx-UrWxRCveW5vZA	АЛТЫНБАС	2025-02-21T05:15:01Z	PT58S	11395	664	66	72	surname-in-title,name-tokens:2/3,context:казахстан	SUGGESTED		2026-08-16T21:59:52Z
adilet	94	Кожаев Марат Шадетханович	1964	депутат Сената Парламента Республики Казахстан	"""Кожаев Марат Шадетханович"" Казахстан"	2	5fz2tTpylEM	https://www.youtube.com/watch?v=5fz2tTpylEM	Никаких скидок: сенатор Марат Кожаев предложил жесткие меры для злостных нарушителей ПДД	"Наш сайт - http://www.almaty.tv/
Телеканал Алматы в социальных сетях:
1 канал Youtube - https://www.youtube.com/user/AlmatyUS
2 канал Youtube - https://www.youtube.com/c/AlmatyTVNews
Facebook RUS - https://www.facebook.com/almaty.tv
Facebook KAZ - https://www.facebook.com/almaty.tv.kaz
Twitter - https://twitter.com/almaty_tv
instagram - https://www.instagram.com/almaty.tv"	UCt5yyBl2kx1ARvH3Ju-z3Iw	Almaty TV News	2026-03-26T12:08:25Z	PT1M9S	346	1	0	68	surname-in-title,name-tokens:2/3	SUGGESTED		2026-08-16T21:59:52Z
adilet	94	Кожаев Марат Шадетханович	1964	депутат Сената Парламента Республики Казахстан	"""Кожаев Марат Шадетханович"" Казахстан"	3	eDRDSrNI9dA	https://www.youtube.com/watch?v=eDRDSrNI9dA	Марат Кожаев также прокомментировал недавнюю ситуацию в Кульсары#кульсары#kazinform#мараткожанов	"Telegram Qaz - t.me/QazAqparat_kz 
Telegram Rus - t.me/kazinform_news
Instagram -  / @kazinform_kz
Instagram -  / @kazinform
Facebook -  / @Kazinform
Facebook -  / @Казинформ

Jibek Joly online: https://jjtv.kz/kk/live
Cайт - https://kaz.inform.kz/

#kazinform #қазақпарат #Жаңалықтар"	UCrSC9vdaSRlES5QJwKHhbJA	KAZINFORM	2024-05-22T09:37:37Z	PT40S	719	9	4	68	surname-in-title,name-tokens:2/3	SUGGESTED		2026-08-16T21:59:52Z
adilet	94	Кожаев Марат Шадетханович	1964	депутат Сената Парламента Республики Казахстан	"""Кожаев Марат Шадетханович"" Казахстан"	4	gvJ5HQqoHKY	https://www.youtube.com/watch?v=gvJ5HQqoHKY	Марат Кожаев: штраф перестал быть наказанием - системных нарушителей ПДД нужно ограничивать	Поводом для депутатского запроса стали очередные дорожно-транспортные происшествия с гибелью людей. Сенатор Марат Кожаев заявил, что системные нарушения правил дорожного движения приобрели устойчивый характер и требуют не точечных, а комплексных и принципиальных решений со стороны государства.	UCN7ci5peVk5J1KdWckbyKBA	ҚР Парламенті Сенаты / Сенат Парламента РК 	2026-04-02T07:28:48Z	PT5M7S	475	4	4	68	surname-in-title,name-tokens:2/3	SUGGESTED		2026-08-16T21:59:52Z
adilet	94	Кожаев Марат Шадетханович	1964	депутат Сената Парламента Республики Казахстан	"""Кожаев Марат Шадетханович"" Казахстан"	5	wdLa4ESPNdk	https://www.youtube.com/watch?v=wdLa4ESPNdk	Сенатор Марат Кожаев прокомментировал резонансное убийство 16 летнего подростка в Талгаре		UCBkk0IbPkyMrWqEfBKkLl2g	Асхат Ахметбеков	2024-10-10T06:15:15Z	PT1M19S	298	0	0	68	surname-in-title,name-tokens:2/3	SUGGESTED		2026-08-16T21:59:52Z
adilet	99	Кучинская Юлия Владимировна	1982	депутат Мажилиса Парламента Республики Казахстан VIII созыва	"""Кучинская Юлия Владимировна"" Казахстан"	1	7O_72-pfur0	https://www.youtube.com/watch?v=7O_72-pfur0	Партийная эволюция Казахстана. «Большая неделя»	"Уже в среду Президент Токаев представит новую программу политических реформ. Можно быть уверенным, что после 16 марта партийное поле Казахстана изменится. В стране  давно говорят о необходимости совершенствовать выборное законодательство в Мажилис и Маслихаты. А вот, что необходимо сделать? -  об этом будем говорить сегодня в программе «Большая неделя» с гостями:
1. Кучинская Юлия Владимировна, депутат Мажилиса Парламента РК. Член партии AMANAT
2. Ерлан Ахмеди, главный эксперт Института общественной политики партии AMANAT
3. Жулдызай Искакова, политолог, аналитик Казахстанского института общественного развития
4. Аян Сакошев, Эскперт Казахстанского института общественного развития
5. Марат Башимов, Директор Экспертного института Европейского права и прав человека
6. Асхат Рахимжанов, председатель ОСДП
7. Купешов Нурлан Маратович, депутат Маслихата города Нур-Султан, член фракции партии AMANAT
8.Аман Мамбеталиев, политолог
Скайп:
9.Нурмухамедов Бурихан Жолбарисович, политолог, член партии «Ак жол»
Реакцию пользователей социальных сетей отслеживает наш аналитик – Амир Саменбетов.

КАНАЛҒА ТІРКЕЛ / ПОДПИШИСЬ НА КАНАЛ: https://www.youtube.com/c/KhabarNEWS?sub_confirmation=1

АРНАМЫЗДЫҢ ҮЗДІК ЖОБАЛАРЫ / ТОПОВЫЕ ПРОЕКТЫ КАНАЛА:
Отдел журналистских расследований
https://youtube.com/playlist?list=PLdf11Ca_10ru2Tj6vkdWuof4T0rUWiEKK
«Бүгін» ток-шоуы
https://youtube.com/playlist?list=PLdf11Ca_10rsjBqYQHiMh2yYr1lIYT-13
«Khabarlas»
https://youtube.com/playlist?list=PLdf11Ca_10rtds-wgF0HQHtM60pfDrNLz

#ПрограммаБольшаяНеделя #ПрограммыХабара #ХабарNEWS"	UCv_UKgrCSZxdNsSpvraPksg	Khabar NEWS 	2022-03-13T18:53:49Z	PT2H11M17S	1800	32	8	76	surname-in-metadata,name-tokens:3/3,context:депутат,мажилис,мажилиса,парламента	SUGGESTED		2026-08-16T21:59:54Z
adilet	99	Кучинская Юлия Владимировна	1982	депутат Мажилиса Парламента Республики Казахстан VIII созыва	"""Кучинская Юлия Владимировна"" Казахстан"	2	eSlXtnN_wI4	https://www.youtube.com/watch?v=eSlXtnN_wI4	Дарига в числе 76 кандидатов от Nur Otan для регистрации в качестве депутатов Мажилиса	"Дарига в числе 76 кандидатов от Nur Otan для регистрации в качестве депутатов Мажилиса

Опубликован список 76 человек от партии Nur Otan, которых выдвинули на регистрацию в качестве депутатов Мажилиса, передает Tengrinews.kz со ссылкой на сайт партии.

Список кандидатов от Nur Otan:

АБАКАНОВ Елдос Нурболович.
АБАСОВ Кайнар Бегалиевич.
АБСЕМЕТОВА Алия Маратовна.
АДАМБАЕВ Сырым Жуматаевич.
АДАМБЕКОВ Тилектес Серикбайулы.
АКИШЕВ Самат Сагинбаевич.
АЛИМБАЕВ Данияр Кенгазыевич.
АМРЕЕВ Галым Махмутбаевич.
АХМЕТОВ Мади Абылаевич.
АШИМЖАНОВ Жанарбек Садыканулы.
ӘБДІҒАЛИҰЛЫ Берік.
БЕЙСЕНБАЕВ Елнұр Сабыржанұлы.
БЕКЖАНОВ Берик Айдарбекович.
БЕРДАЛИН Амангалий Бисенбаевич.
БИЖАНОВА Гульнара Кадиржановна.
БОЙЧИН Анатолий Васильевич.
ЕЛЕУОВ Галымжан Алмасбекович.
ЕЛЮБАЕВ Мади Сагинтаевич.
ЕРЖАН Құдайберген Төлепұлы.
ЕРМАН Мұхтар Тілдәбекұлы.
ЕРТАЕВ Сырым Махамбетович.
ЖАМАЛОВ Аманжан Макаримович.
ЖАҢБЫРШИН Еділ Терекбайұлы.
ЖУЛИН Юрий Викторович.
ЗАКИЕВА Динара Болатовна.
ИМАШЕВА Снежанна Валерьевна.
КАЗАНЦЕВ Павел Олегович.
КАМАСОВА Зарина Айдархановна.
КАРАТАЕВ Фахриддин Абдинабиевич.
КЕСЕБАЕВА Балаим Туганбаевна.
КИМ Вера Александровна.
КОЖАХМЕТОВ Арман Тулешович.
КОЛОДА Дмитрий Владимирович.
КУСАИНОВ Марат Апсеметович.
КУЧИНСКАЯ Юлия Владимировна.
КҰСПАН Айгүл Сайфоллақызы.
ҚҰЛШАР Мәлік Иманқұлұлы.
МУСАБАЕВ Самат Базарбаевич.
МУСИН Канат Сергеевич.
МЫҢБАЙ Дархан Қамзабекұлы.
НАЗАРБАЕВА Дарига Нурсултановна.
НАКПАЕВ Салимжан Жумашевич.
НИГМАТУЛИН Нурлан Зайруллаевич.
НУРКИНА Айгуль Кабдушевна.
НУРОВ Канат Ильич.
НУРУМОВА Гульдара Алданышевна.
НҰРМАНБЕТОВА Жәмила Нүсіпжанқызы.
ОМАРБЕКОВА Жанат Ануарбековна.
ОСПАНОВ Берик Серикович.
ПАВЛОВЕЦ Лариса Павловна.
ПАНЧЕНКО Игорь Иванович.
ПЛАТОНОВ Артур Станиславович.
РАЗЗАК Назиля Раззакбаевна.
РАМАЗАНОВА Лаззат Керимкуловна.
РАУ Альберт Павлович.
РАХИМЖАНОВ Амерхан Муратпекович.
САИРОВ Ерлан Бияхметович.
САПАРОВА Алия Суиндиковна.
САРТБАЕВ Бауржан Мейрамбекович.
САРЫМ Айдос Әміроллаұлы.
СИМОНОВ Сергей Анатольевич.
СМАҒҰЛ Бахытбек.
СМЫШЛЯЕВА Екатерина Васильевна.
СУЛЕЙМЕНОВА Жулдыз Досбергеновна.
СУЛЕЙМЕНОВА Зульфия Булатовна.
ТАЖМАГАМБЕТОВА Макпал Мазаковна.
ТАЙЖАНОВ Ерлик Серикбаевич.
ТАШКАРАЕВ Гани Абдуганиевич.
ТЕЛЬПЕКБАЕВА Жанна Тлеубековна.
ТІЛЕУХАН Бекболат Қанайұлы.
ТОРГАЕВ Беккали Нургалиевич.
ТУЛЕПБЕРГЕН Мейрамбек Мылтыкбайулы.
ТУРГАНОВ Дюсенбай Нурбаевич.
УИСИМБАЕВ Аскарбек Съезбекович.
УНЖАКОВА Ирина Сергеевна.
ШИПОВСКИХ Геннадий Геннадьевич.
""12 января решением бюро политического совета партии Nur Otan в соответствии с пунктом 5 статьи 97-1 Конституционного закона ""О выборах в Республике Казахстан"" утвержден список в составе 76 кандидатов и направлен в Центральную избирательную комиссию для регистрации в качестве депутатов Мажилиса Парламента VII созыва"", - сообщили в Nur Otan.

Отмечается, что состав фракции партии в Мажилисе обновился на 70 процентов. Средний возраст снизился до 49 лет, то есть на четыре года.

""Итоговый партийный список сбалансирован, 36 кандидатов являются победителями праймериз и 40 - отобраны в рамках квоты бюро политического совета. Данный подход позволил обеспечить региональную представленность пропорционально количеству избирателей.

Статья на сайте:
https://tengrinews.kz/kazakhstan_news/kto-stanet-deputatami-majilisa-ot-nur-otan-spisok-425685/"	UCq4pmpxRLeg63kFM4Tq-2PA	НОВЫЙ КАЗАХСТАН	2021-01-12T15:16:46Z	PT2M43S	300	2	0	76	surname-in-metadata,name-tokens:3/3,context:казахстан,мажилиса,парламента,созыва	SUGGESTED		2026-08-16T21:59:54Z
adilet	99	Кучинская Юлия Владимировна	1982	депутат Мажилиса Парламента Республики Казахстан VIII созыва	"""Кучинская Юлия Владимировна"" Казахстан"	3	_Lcpr3GxeQY	https://www.youtube.com/watch?v=_Lcpr3GxeQY	Интервью	Депутат Мажилиса Парламента РК Кучинская Юлия Владимировна,  руководитель Управления ДТИПО Министерства Просвещения РК Алгазинова Каламкас Магауовна	UCQ3HT90AMYHAT-pD0EI6slA	Bilimdi el	2023-12-20T17:20:07Z	PT50M51S	113	4	0	72	surname-in-metadata,name-tokens:3/3,context:депутат,мажилиса,парламента	SUGGESTED		2026-08-16T21:59:54Z
adilet	99	Кучинская Юлия Владимировна	1982	депутат Мажилиса Парламента Республики Казахстан VIII созыва	"""Кучинская Юлия Владимировна"" Казахстан"	4	gthIsaJWZf0	https://www.youtube.com/watch?v=gthIsaJWZf0	«Әділетті мемлекет.  Мемлекет басшысы Қ.К.Тоқаевтың Қазақстан халқына Жолдауын талқылау»	"Тақырыбы/Тема:
«Әділетті мемлекет. Біртұтас ұлт. Берекелі қоғам. Мемлекет басшысы Қ.К.Тоқаевтың Қазақстан халқына Жолдауын талқылау»

/«Справедливое государство. Единая нация. Благополучное общество.  Экспертное обсуждение Послания Главы государства К.К.Токаева народу Казахстана» 

Спикерлер/Спикеры:
«ҚР Президенті жанындағы ҚСЗИ директорының орынбасары Жолдыбалина Алуа Серікқызы;»
«ҚР Парламенті Мәжілісінің депутаты Кучинская Юлия Владимировна;»
«ҚР Президентінің жанындағы Мемлекеттік басқару академиясы Басқару институтының директоры Акижанов Қуат Балхашұлы;»
«Еуропалық құқық және адам құқықтары сараптамалық институтының директоры Башимов Марат Советұлы;»
«Қазақстан Халық партиясы төрағасының орынбасары Ошақбаев Рахым Сәкенұлы ;»
«Қазақстандық қоғамдық даму институты Басқарма Төрағасының орынбасары Қайдарова Әсем Серікқазықызы;»
«Қолданбалы этносаяси зерттеулер институты директорының орынбасары Әшімханова Дана Әзірханқызы;»
«Экономикалық зерттеулер институтының Тұрақты даму мақсаттары жөніндегі Хатшылықтың директоры Бақытгүл Хамбар;»
«“ҚҚДИ” ҮЕАҚ Стратегиялық талдау тобының жетекшісі Нұрқатова Ләззат Төлегенқызы;»
«“Ulagat Consulting Group” ЖШС директоры Қайырленов Марат Амангелдіұлы;»
«Әйелдер істері және отбасылық-демографиялық саясат жөніндегі ұлттық комиссияның мүшесі;»
«ҚР Президенті жанындағы ҚСЗИ әлеуметтанулық зерттеулер бөлімінің басшысы Каримова Жанна Кәрімқызы;»

/«Заместитель директора КИСИ при Президенте РК Жолдыбалина Алуа Сериковна;»
«Депутат Мажилиса Парламента РК Кучинская Юлия Владимировна;»
«Директор Института управления Академии государственного управления при Президенте РК Акижанов Куат Балхашевич;»
«Директор Экспертного института европейского права и прав человека Башимов Марат Советович;»
«Заместитель председателя Народной партии Казахстана Ошакбаев Рахим Сакенович;»
«Заместитель председателя правления Казахстанского института общественного развития Кайдарова Асем Серикказиевна;»
«Заместитель директора Института прикладных этнополитических исследованийАшимханова Дана Эзирхановна;»
«Директор Секретариата по Целям устойчивого развития Института экономических исследований Бакытгуль Хамбар;»
«Руководитель Группы стратегического анализа НАО «КИОР» Нуркатова Ляззат Толегеновна;»
«Директор ТОО “Ulagat Consulting Group” Каирленов Марат Амангельдинович»
«Член Национальной комиссии по делам женщин и семейно-демографической политике Искакова Жулдызай Амангельдиновна»
«Руководитель отдела социологических исследований КИСИ при Президенте РК Каримова Жанна Каримовна»

СО-МОДЕРАТОР: Әйгерім Ағылтаева
МОДЕРАТОР: Еркін Тұқымов"	UCB8Fk28jdzWpemE2hl2PYMA	ОРТАЛЫҚ КОММУНИКАЦИЯЛАР ҚЫЗМЕТІ	2022-09-02T06:36:57Z	PT1H28M36S	1285	24		72	surname-in-metadata,name-tokens:3/3,context:депутат,мажилиса,парламента	SUGGESTED		2026-08-16T21:59:54Z
adilet	126	Перепечина Ольга Валентиновна	1967	депутат Сената Парламента Республики Казахстан	"""Перепечина Ольга Валентиновна"" Казахстан"	1	T2ZDwRUNwD8	https://www.youtube.com/watch?v=T2ZDwRUNwD8	Депутат Сената Парламента РК Ольга Перепечина об интервью Главы государства	"В своём интервью газете ""Туркестан"" Президент Республики Казахстан Касым-Жомарт Токаев поставил основные задачи развития государства перед Правительством, Парламентом и всем населением страны, которые необходимо реализовать в 2026 году."	UCdgURUgfTyW0ZZ6WheLM44Q	Телеканал МТРК	2026-01-12T12:34:32Z	PT2M36S	265	3		88	surname-in-title,name-tokens:2/3,context:депутат,казахстан,парламента,республики,сената	SUGGESTED		2026-08-16T21:59:55Z
adilet	126	Перепечина Ольга Валентиновна	1967	депутат Сената Парламента Республики Казахстан	"""Перепечина Ольга Валентиновна"" Казахстан"	2	XPuEXnhZ3Lc	https://www.youtube.com/watch?v=XPuEXnhZ3Lc	Сенатор Ольга Перепечина высказалась касательно ситуации с финансовой пирамидой	Заседание Сената Парламента Республики Казахстан	UCN7ci5peVk5J1KdWckbyKBA	ҚР Парламенті Сенаты / Сенат Парламента РК 	2020-03-13T09:45:16Z	PT3M42S	949	11		84	surname-in-title,name-tokens:2/3,context:казахстан,парламента,республики,сената	SUGGESTED		2026-08-16T21:59:55Z
adilet	126	Перепечина Ольга Валентиновна	1967	депутат Сената Парламента Республики Казахстан	"""Перепечина Ольга Валентиновна"" Казахстан"	3	um44dOBwZQc	https://www.youtube.com/watch?v=um44dOBwZQc	Ольга Перепечина касательно вопросов вывода капитала	Под председательством Маулена Ашимбаева состоялось заседание Сената Парламента Республики Казахстан.В ходе заседания Сената Ольга Перепечина направила депутатский запрос  касательно вопросов вывода капитала	UCN7ci5peVk5J1KdWckbyKBA	ҚР Парламенті Сенаты / Сенат Парламента РК 	2020-05-28T08:01:10Z	PT4M51S	366	14		84	surname-in-title,name-tokens:2/3,context:казахстан,парламента,республики,сената	SUGGESTED		2026-08-16T21:59:55Z
adilet	126	Перепечина Ольга Валентиновна	1967	депутат Сената Парламента Республики Казахстан	"""Перепечина Ольга Валентиновна"" Казахстан"	4	w4zj7HWewAM	https://www.youtube.com/watch?v=w4zj7HWewAM	Заместитель Председателя Сената Парламента РК Ольга Перепечина приняла участие в референдуме	С самого утра горожане активно приходят выполнить свой гражданский долг - поучаствовать в общенациональном референдуме. На участке №577 в детско-юношеской библиотеке имени Габита Мусрепова закреплено более 1500 граждан. Заместитель Председателя Сената Парламента Республики Казахстан Ольга Перепечина уже выбрала будущее страны.	UCdgURUgfTyW0ZZ6WheLM44Q	Телеканал МТРК	2026-03-15T07:06:30Z	PT1M16S	219	1		84	surname-in-title,name-tokens:2/3,context:казахстан,парламента,республики,сената	SUGGESTED		2026-08-16T21:59:55Z
adilet	126	Перепечина Ольга Валентиновна	1967	депутат Сената Парламента Республики Казахстан	"""Перепечина Ольга Валентиновна"" Казахстан"	5	bncvr4YUUeo	https://www.youtube.com/watch?v=bncvr4YUUeo	Экономический курс Справедливого Казахстана. Ольга Перепечина	"Ольга Перепечина, заместитель председателя Сената Парламента РК.

«Хабар 24» арнасына жазылыңыздар: http://bit.ly/31WnObW
Біздің сайт - https://24.kz
*******
БІЗДІҢ ПАРАҚШАЛАРҒА ЖАЗЫЛЫҢЫЗ:
Facebook: https://www.facebook.com/tvkhabar24 
Instagram: https://instagram.com/khabar24_tv?igshid=YmMyMTA2M2Y= 
Telegram: https://t.me/tvkhabar24
TikTok: http://www.tiktok.com/@24khabar 
Twitter: https://twitter.com/tvkhabar24

#Хабар24 #Новости #актуальныеНовости"	UCnAFKvDuqBGkIfV8Vn0J_CQ	Телеканал 24kz	2023-09-01T14:17:04Z	PT20M55S	256	0	1	76	surname-in-title,name-tokens:2/3,context:парламента,сената	SUGGESTED		2026-08-16T21:59:55Z
adilet	128	Пономарёв Сергей Михайлович	1961	депутат Мажилиса Парламента Республики Казахстан VIII созыва	"""Пономарёв Сергей Михайлович"" Казахстан"	1	IC1Vh8tZoAI	https://www.youtube.com/watch?v=IC1Vh8tZoAI	Мониторинг проделанной работы по г.Алматы.	"28 сентября 2021года, был проведён мониторинг с участием ССО.KZ, Общественным Советом, Урбанистикой, Управлением Зеленной Экономики, ЭкоПатруль по реализации программы озеленения и реконструкции фонтанов и зелёных насаждений в г.Алматы. В этом выпуске своим мнением поделился член Общественного Совета Пономарев Сергей Михайлович, где рассказал про нынешнее состояние и результаты реализации программ. 

#мониторинг #almaty #ССО #Озеленение"	UCjgEiAbC5PRKrWG1fFriJEg	Союз Строительной Отрасли	2021-10-11T05:22:06Z	PT5M35S	22	2	0	60	surname-in-metadata,name-tokens:3/3	SUGGESTED		2026-08-16T21:59:56Z
adilet	133	Рожин Максим Николаевич	1983	депутат Мажилиса Парламента Республики Казахстан VIII созыва	"""Рожин Максим Николаевич"" Казахстан"	1	jEJTT1xEGgA	https://www.youtube.com/watch?v=jEJTT1xEGgA	Как избежать энергодефицита? | Максим Рожин | Интервью	"Дефицитом электроэнергии в стране сильно обеспокоены казахстанцы, особенно бизнесмены. Отсутствие достаточных мощностей мешает им развивать производства, а властям строить новые предприятия. Об этом нашему телеканалу рассказал, депутат Мажилиса Максим Рожин. Он вместе с коллегами практически 2 месяца посещали регионы, встречались с населением и готовы рассказать как казахстанцы относятся к строительству Атомной станции. 

Бізді Youtube, әлеуметтік желілерден көріңіздер. Видео астында пікір қалдыруды ұмытпаңыздар!

Jibek Joly TV: Смотрите нас на ТВ, в Youtube и социальных сетях. Оставляйте комментарии под этим видео!

#JIBEKJOLY #JJTalk #ФокусВнимания"	UCoIOrQwXfvS-8oGT37NNqLQ	Jibek Joly podcast	2024-09-05T16:15:45Z	PT6M27S	101		2	76	surname-in-title,name-tokens:2/3,context:депутат,мажилиса	SUGGESTED		2026-08-16T21:59:57Z
adilet	133	Рожин Максим Николаевич	1983	депутат Мажилиса Парламента Республики Казахстан VIII созыва	"""Рожин Максим Николаевич"" Казахстан"	2	4s6mMEkk5_s	https://www.youtube.com/watch?v=4s6mMEkk5_s	Қазақстан халқы Ассамблеясына 30 жыл | Максим Рожин | «Көзқарас»	"Аға буын мен ұрпақтар сабақтастығын негізге ала отырып, жастарға үлгі-өнеге беру мақсатында эфирге ұсынылған «Көзқарас» жобасы «Хабар» арнасының көрермендеріне жол тартады. 

Бағдарлама қонағы – депутат Максим Рожин

#көзқарас #МаксимРожин #ҚазақстанхалқыАссамблеясы #қазақстан #депутат  #МахатСадық #Хабар #жаңалықтар2025   #30жыл"	UCv_UKgrCSZxdNsSpvraPksg	Khabar NEWS 	2025-04-08T08:26:19Z	PT27M46S	89	0	1	72	surname-in-title,name-tokens:2/3,context:депутат	SUGGESTED		2026-08-16T21:59:57Z
adilet	133	Рожин Максим Николаевич	1983	депутат Мажилиса Парламента Республики Казахстан VIII созыва	"""Рожин Максим Николаевич"" Казахстан"	3	txzjCgm1KEc	https://www.youtube.com/watch?v=txzjCgm1KEc	Максим Рожин - Ұлтты ұйыстырған Ұлттық құрылтай  #24kz #хабар24 #жаңалықтар #казахстан	#Жаңалықтар #Новости #24KZ #хабар24	UCnAFKvDuqBGkIfV8Vn0J_CQ	Телеканал 24kz	2025-03-13T06:47:09Z	PT29S	1610	45	5	72	surname-in-title,name-tokens:2/3,context:казахстан	SUGGESTED		2026-08-16T21:59:57Z
adilet	133	Рожин Максим Николаевич	1983	депутат Мажилиса Парламента Республики Казахстан VIII созыва	"""Рожин Максим Николаевич"" Казахстан"	4	2cF8AD4tDLg	https://www.youtube.com/watch?v=2cF8AD4tDLg	ҚР Мәжіліс  депутаты Максим Рожин өз тағдырымен бөлісті	"Наш сайт - https://1tv.kz/
Tik-Tok - https://www.tiktok.com/@1tvkz1?_t=8bDCRouQTQM&_r=1
instagram - https://www.instagram.com/1tvkz/
Facebook - https://www.facebook.com/pg/1tvkz/posts/
Telegram - https://t.me/eurasia1tvkz
Qoslike - https://www.youtube.com/c/qoslike
Көреміз - https://www.youtube.com/channel/UCw21nGIy0GESyxC5BKMs8fg

 #новости #новостиказахстана #первыйканалевразия #первыйканалевразия #новости #новостиказахстана"	UCh0n6K9K5WrMZ8pgwI5aiZg	Главные новости Казахстана / Басты жаңалықтар	2025-03-01T15:45:00Z	PT5M33S	989	12	2	68	surname-in-title,name-tokens:2/3	SUGGESTED		2026-08-16T21:59:57Z
adilet	133	Рожин Максим Николаевич	1983	депутат Мажилиса Парламента Республики Казахстан VIII созыва	"""Рожин Максим Николаевич"" Казахстан"	5	M9_51enS5cw	https://www.youtube.com/watch?v=M9_51enS5cw	Men Qazaqpyn #24 - Максим Рожин	"С целью снять выпуск «Men qazaqpyn» с моим другом, журналистом и блогером Максимом Рожиным, с которым мы в этом году удостоились премии ""Нұр Сұңқар"", я с оператором специально съездил в Астану. Это был первый и единственный выпуск проекта, который снимался не в Алматы. Поездка оправдала ожидания - получился интересный выпуск, в котором, как я надеюсь, многие найдут ответы на свои актуальные вопросы. Кроме того, Максим обещал реагировать на комментарии и помогать тем, кто берется за изучение казахского языка."	UCvZmirSmiBSk_F7tjBGh2zg	menqazaqpynproject	2013-12-18T04:48:32Z	PT17M33S	17180	498	87	68	surname-in-title,name-tokens:2/3	SUGGESTED		2026-08-16T21:59:57Z
adilet	136	Савельева Татьяна Михайловна	1976	депутат Мажилиса Парламента Республики Казахстан VIII созыва	"""Савельева Татьяна Михайловна"" Казахстан"	0												0	no-video-results	NO_RESULT		2026-08-16T21:59:58Z
adilet	141	Сайыр Ерлан Биахметұлы	1970	депутат Мажилиса Парламента Республики Казахстан VIII созыва	"""Сайыр Ерлан Биахметұлы"" Казахстан"	1	Q4DCEdSLVlQ	https://www.youtube.com/watch?v=Q4DCEdSLVlQ	Глава государства принял министра юстиции	"#qyzylordatv #қызылорда #news #новости #министр 
Президент принял министра юстиции Ерлана Сарсембаева.

 Глава государства был проинформирован о проводимой работе по повышению качества нормотворческой деятельности, обеспечению верховенства закона и формированию справедливого и безопасного общества.
Президент подчеркнул важность приоритета прав и интересов граждан в процессе формирования правовой системы, дал ряд поручений.

ЕРЛАН САРСЕМБАЕВ – МИНИСТР ЮСТИЦИИ РК //Президенту было доложено об основных направлениях деятельности органов юстиции, целях и задачах министерства в рамках реализации послания: «Справедливый Казахстан: закон и порядок, экономический рост, общественный оптимизм».

Сайт - https://qyzylordatv.kz/ru/live
Facebook - https://www.facebook.com/qyzylordatv/ 
Instagram - https://www.instagram.com/qyzylordatv/
Telegram - https://t.me/qyzylorda_tv
Tiktok -https://www.tiktok.com/@qyzylorda_tv/"	UCuWBC_t5WjTOmM-prJS9tVA	QYZYLORDA TV / Қызылорда телеарнасы	2025-01-21T13:21:40Z	PT39S	49	2	0	16	name-tokens:1/3,context:казахстан	SUGGESTED		2026-08-16T21:59:59Z
adilet	141	Сайыр Ерлан Биахметұлы	1970	депутат Мажилиса Парламента Республики Казахстан VIII созыва	"""Сайыр Ерлан Биахметұлы"" Казахстан"	2	naT-PWFDRW4	https://www.youtube.com/watch?v=naT-PWFDRW4	Президент назначил нового министра юстиции РК	"В Казахстане назначен новый министр юстиции. Им стал Ерлан Сарсембаев. Соответствующий указ подписал Президент. Его кандидатуру согласовали депутаты Мажилиса. Родился Ерлан Сарсембаев в Алматинской области, ему 50 лет. Окончил Алматинский институт энергетики и связи и Гуманитарный университет имени Кунаева. Работал в аппарате Сената. С января 2023 года был судьёй Конституционного суда. На посту министра юстиции он сменил Азамата Ескараева. Ранее Президент освободил Ескараева от должности министра юстиции, этот пост он занимал с января 2023 года.

#Хабар #новости #итогидня #новостиказахстана"	UCv_UKgrCSZxdNsSpvraPksg	Khabar NEWS 	2025-01-09T13:45:13Z	PT33S	518	4	2	16	name-tokens:1/3,context:мажилиса	SUGGESTED		2026-08-16T21:59:59Z
adilet	141	Сайыр Ерлан Биахметұлы	1970	депутат Мажилиса Парламента Республики Казахстан VIII созыва	"""Сайыр Ерлан Биахметұлы"" Казахстан"	3	8FoMCYtY7_w	https://www.youtube.com/watch?v=8FoMCYtY7_w	Проект новой Конституции обсудили в Министерстве юстиции	"Проект новой Конституции обсудили на заседании Общественного совета Министерства юстиции. Как отметил глава ведомства Ерлан Сарсембаев, документ разрабатывался почти полгода с участием экспертов, правозащитников и гражданского общества. По его словам, новая редакция отражает современные политико-правовые реалии и ориентирована на построение справедливого Казахстана, основанного на законе и порядке. Особое внимание в проекте уделено защите прав человека. 

#конститция #реформа #право #новостихабар #новости2026 #Хабар #жаңалықтар #Хабаржаңалықтар #жаңалықтар2026"	UCv_UKgrCSZxdNsSpvraPksg	Khabar NEWS 	2026-02-03T14:35:32Z	PT1M22S	143	0	1	12	name-tokens:1/3	SUGGESTED		2026-08-16T21:59:59Z
adilet	141	Сайыр Ерлан Биахметұлы	1970	депутат Мажилиса Парламента Республики Казахстан VIII созыва	"""Сайыр Ерлан Биахметұлы"" Казахстан"	4	LxiQkqTXrVM	https://www.youtube.com/watch?v=LxiQkqTXrVM	Ерлан Сарсембаев назначен министром юстиции	"Указом Главы государства Ерлан Сарсенбаев назначен на должность министра юстиции. До этого он работал судьей Конституционного суда. В разные годы был заместителем руководителя Аппарата Сената, заместителем руководителя департамента Комитета национальной безопасности. 


Сайт - https://jambyltv.kz/
Instagram - https://www.instagram.com/jambyl_tv/
Facebook - https://www.facebook.com/jambyltv/ 
Tiktok - https://www.tiktok.com/@jambyltv08
Telegram - https://t.me/jambyl_tv"	UCZ7DkD0hNXPKz-1vxIfs1Pw	JAMBYL TV / Жамбыл телеарнасы	2025-01-10T09:12:31Z	PT1M	82	2	2	12	name-tokens:1/3	SUGGESTED		2026-08-16T21:59:59Z
adilet	141	Сайыр Ерлан Биахметұлы	1970	депутат Мажилиса Парламента Республики Казахстан VIII созыва	"""Сайыр Ерлан Биахметұлы"" Казахстан"	5	hj0sZ5iludQ	https://www.youtube.com/watch?v=hj0sZ5iludQ	Новая Конституция – новые правовые механизмы | Ерлан Сарсембаев | JJ Studio	"Конституционные изменения: что ждёт законодательство в случае принятия проекта на референдуме?

В Парламенте обсуждаем с министром юстиции Ерланом Сарсембаевым, какие законы предстоит пересмотреть и как будет организован этот процесс.

Бізді Youtube, әлеуметтік желілерден көріңіздер. Видео астында пікір қалдыруды ұмытпаңыздар!

Jibek Joly TV: https://www.youtube.com/channel/UCTiXJBsDTL_NCU72OQjBNzA

Бүгінгі күннің басты жаңалықтары Jibek Joly NEWS:
https://www.youtube.com/channel/UCKfxPLNz-_G3mxCto_Sp71w

Jibek Joly әлеуметтік желілерде бақылаңыздар:
Instagram: https://www.instagram.com/jibek_joly.tv?igsh=bjc4N3NzanFuYnNw
TikTok: https://www.tiktok.com/@jj.kz?_r=1&_t=ZS-93J9ZBrep1E
Facebook: https://www.facebook.com/jibekjolytv?mibextid=LQQJ4d

-----------

Jibek Joly TV: Смотрите нас на ТВ, в YouTube и социальных сетях. Оставляйте комментарии под этим видео!

Jibek Joly TV: https://www.youtube.com/channel/UCTiXJBsDTL_NCU72OQjBNzA

Главные события сегодняшнего дня на Jibek Joly NEWS: https://www.youtube.com/channel/UCKfxPLNz-_G3mxCto_Sp71w

Подписывайтесь на Jibek Joly в социальных сетях: 
Instagram: https://www.instagram.com/jibek_joly.tv?igsh=bjc4N3NzanFuYnNw
TikTok: https://www.tiktok.com/@jj.kz?_r=1&_t=ZS-93J9ZBrep1E
Facebook: https://www.facebook.com/jibekjolytv?mibextid=LQQJ4d

#JIBEKJOLY #КонституционнаяРеформа #Референдум #ПарламентКазахстана #МинистерствоЮстиции #ЕрланСарсембаев #Законодательство #ПолитикаКазахстана #Конституция #Госреформы"	UCoIOrQwXfvS-8oGT37NNqLQ	Jibek Joly podcast	2026-03-04T17:22:49Z	PT15M19S	92		1	12	name-tokens:1/3	SUGGESTED		2026-08-16T21:59:59Z
adilet	144	Сарым Айдос Әміроллаұлы	1975	депутат Мажилиса Парламента Республики Казахстан VIII созыва	"""Сарым Айдос Әміроллаұлы"" Казахстан"	1	eSlXtnN_wI4	https://www.youtube.com/watch?v=eSlXtnN_wI4	Дарига в числе 76 кандидатов от Nur Otan для регистрации в качестве депутатов Мажилиса	"Дарига в числе 76 кандидатов от Nur Otan для регистрации в качестве депутатов Мажилиса

Опубликован список 76 человек от партии Nur Otan, которых выдвинули на регистрацию в качестве депутатов Мажилиса, передает Tengrinews.kz со ссылкой на сайт партии.

Список кандидатов от Nur Otan:

АБАКАНОВ Елдос Нурболович.
АБАСОВ Кайнар Бегалиевич.
АБСЕМЕТОВА Алия Маратовна.
АДАМБАЕВ Сырым Жуматаевич.
АДАМБЕКОВ Тилектес Серикбайулы.
АКИШЕВ Самат Сагинбаевич.
АЛИМБАЕВ Данияр Кенгазыевич.
АМРЕЕВ Галым Махмутбаевич.
АХМЕТОВ Мади Абылаевич.
АШИМЖАНОВ Жанарбек Садыканулы.
ӘБДІҒАЛИҰЛЫ Берік.
БЕЙСЕНБАЕВ Елнұр Сабыржанұлы.
БЕКЖАНОВ Берик Айдарбекович.
БЕРДАЛИН Амангалий Бисенбаевич.
БИЖАНОВА Гульнара Кадиржановна.
БОЙЧИН Анатолий Васильевич.
ЕЛЕУОВ Галымжан Алмасбекович.
ЕЛЮБАЕВ Мади Сагинтаевич.
ЕРЖАН Құдайберген Төлепұлы.
ЕРМАН Мұхтар Тілдәбекұлы.
ЕРТАЕВ Сырым Махамбетович.
ЖАМАЛОВ Аманжан Макаримович.
ЖАҢБЫРШИН Еділ Терекбайұлы.
ЖУЛИН Юрий Викторович.
ЗАКИЕВА Динара Болатовна.
ИМАШЕВА Снежанна Валерьевна.
КАЗАНЦЕВ Павел Олегович.
КАМАСОВА Зарина Айдархановна.
КАРАТАЕВ Фахриддин Абдинабиевич.
КЕСЕБАЕВА Балаим Туганбаевна.
КИМ Вера Александровна.
КОЖАХМЕТОВ Арман Тулешович.
КОЛОДА Дмитрий Владимирович.
КУСАИНОВ Марат Апсеметович.
КУЧИНСКАЯ Юлия Владимировна.
КҰСПАН Айгүл Сайфоллақызы.
ҚҰЛШАР Мәлік Иманқұлұлы.
МУСАБАЕВ Самат Базарбаевич.
МУСИН Канат Сергеевич.
МЫҢБАЙ Дархан Қамзабекұлы.
НАЗАРБАЕВА Дарига Нурсултановна.
НАКПАЕВ Салимжан Жумашевич.
НИГМАТУЛИН Нурлан Зайруллаевич.
НУРКИНА Айгуль Кабдушевна.
НУРОВ Канат Ильич.
НУРУМОВА Гульдара Алданышевна.
НҰРМАНБЕТОВА Жәмила Нүсіпжанқызы.
ОМАРБЕКОВА Жанат Ануарбековна.
ОСПАНОВ Берик Серикович.
ПАВЛОВЕЦ Лариса Павловна.
ПАНЧЕНКО Игорь Иванович.
ПЛАТОНОВ Артур Станиславович.
РАЗЗАК Назиля Раззакбаевна.
РАМАЗАНОВА Лаззат Керимкуловна.
РАУ Альберт Павлович.
РАХИМЖАНОВ Амерхан Муратпекович.
САИРОВ Ерлан Бияхметович.
САПАРОВА Алия Суиндиковна.
САРТБАЕВ Бауржан Мейрамбекович.
САРЫМ Айдос Әміроллаұлы.
СИМОНОВ Сергей Анатольевич.
СМАҒҰЛ Бахытбек.
СМЫШЛЯЕВА Екатерина Васильевна.
СУЛЕЙМЕНОВА Жулдыз Досбергеновна.
СУЛЕЙМЕНОВА Зульфия Булатовна.
ТАЖМАГАМБЕТОВА Макпал Мазаковна.
ТАЙЖАНОВ Ерлик Серикбаевич.
ТАШКАРАЕВ Гани Абдуганиевич.
ТЕЛЬПЕКБАЕВА Жанна Тлеубековна.
ТІЛЕУХАН Бекболат Қанайұлы.
ТОРГАЕВ Беккали Нургалиевич.
ТУЛЕПБЕРГЕН Мейрамбек Мылтыкбайулы.
ТУРГАНОВ Дюсенбай Нурбаевич.
УИСИМБАЕВ Аскарбек Съезбекович.
УНЖАКОВА Ирина Сергеевна.
ШИПОВСКИХ Геннадий Геннадьевич.
""12 января решением бюро политического совета партии Nur Otan в соответствии с пунктом 5 статьи 97-1 Конституционного закона ""О выборах в Республике Казахстан"" утвержден список в составе 76 кандидатов и направлен в Центральную избирательную комиссию для регистрации в качестве депутатов Мажилиса Парламента VII созыва"", - сообщили в Nur Otan.

Отмечается, что состав фракции партии в Мажилисе обновился на 70 процентов. Средний возраст снизился до 49 лет, то есть на четыре года.

""Итоговый партийный список сбалансирован, 36 кандидатов являются победителями праймериз и 40 - отобраны в рамках квоты бюро политического совета. Данный подход позволил обеспечить региональную представленность пропорционально количеству избирателей.

Статья на сайте:
https://tengrinews.kz/kazakhstan_news/kto-stanet-deputatami-majilisa-ot-nur-otan-spisok-425685/"	UCq4pmpxRLeg63kFM4Tq-2PA	НОВЫЙ КАЗАХСТАН	2021-01-12T15:16:46Z	PT2M43S	300	2	0	76	surname-in-metadata,name-tokens:3/3,context:казахстан,мажилиса,парламента,созыва	SUGGESTED		2026-08-16T22:00:00Z
adilet	144	Сарым Айдос Әміроллаұлы	1975	депутат Мажилиса Парламента Республики Казахстан VIII созыва	"""Сарым Айдос Әміроллаұлы"" Казахстан"	2	KRigHyVUiJo	https://www.youtube.com/watch?v=KRigHyVUiJo	Сарапшылардың пікірі: Референдум жайлы	"Орталық коммуникациялар қызметінде сарапшылар клубында Адам құқықтары жөніндегі Уәкіл Азимова Эльмира Әбілхасымқызы, Мәжіліс депутаттары Қожахметов Арман Төлешұлы, Сарым Айдос Әміроллаұлы қонақта. 

Қазақстан халқы Ассамблеясының ХХХІ сессиясында Президент Қасым-Жомарт Тоқаев Ата заңымызға өзгертулер мен толықтырулар енгізу жөнінде республикалық референдум өткізуді ұсынды. Бұл басқосуда Екінші республика, Конституциялық өзгертулердің мәні туралы әңгімелесеміз."	UCB8Fk28jdzWpemE2hl2PYMA	ОРТАЛЫҚ КОММУНИКАЦИЯЛАР ҚЫЗМЕТІ	2022-05-06T09:53:04Z	PT43M24S	426	9	5	60	surname-in-metadata,name-tokens:3/3	SUGGESTED		2026-08-16T22:00:00Z
adilet	148	Смышляева Екатерина Васильевна	1982	депутат Мажилиса Парламента Республики Казахстан VIII созыва	"""Смышляева Екатерина Васильевна"" Казахстан"	1	eSlXtnN_wI4	https://www.youtube.com/watch?v=eSlXtnN_wI4	Дарига в числе 76 кандидатов от Nur Otan для регистрации в качестве депутатов Мажилиса	"Дарига в числе 76 кандидатов от Nur Otan для регистрации в качестве депутатов Мажилиса

Опубликован список 76 человек от партии Nur Otan, которых выдвинули на регистрацию в качестве депутатов Мажилиса, передает Tengrinews.kz со ссылкой на сайт партии.

Список кандидатов от Nur Otan:

АБАКАНОВ Елдос Нурболович.
АБАСОВ Кайнар Бегалиевич.
АБСЕМЕТОВА Алия Маратовна.
АДАМБАЕВ Сырым Жуматаевич.
АДАМБЕКОВ Тилектес Серикбайулы.
АКИШЕВ Самат Сагинбаевич.
АЛИМБАЕВ Данияр Кенгазыевич.
АМРЕЕВ Галым Махмутбаевич.
АХМЕТОВ Мади Абылаевич.
АШИМЖАНОВ Жанарбек Садыканулы.
ӘБДІҒАЛИҰЛЫ Берік.
БЕЙСЕНБАЕВ Елнұр Сабыржанұлы.
БЕКЖАНОВ Берик Айдарбекович.
БЕРДАЛИН Амангалий Бисенбаевич.
БИЖАНОВА Гульнара Кадиржановна.
БОЙЧИН Анатолий Васильевич.
ЕЛЕУОВ Галымжан Алмасбекович.
ЕЛЮБАЕВ Мади Сагинтаевич.
ЕРЖАН Құдайберген Төлепұлы.
ЕРМАН Мұхтар Тілдәбекұлы.
ЕРТАЕВ Сырым Махамбетович.
ЖАМАЛОВ Аманжан Макаримович.
ЖАҢБЫРШИН Еділ Терекбайұлы.
ЖУЛИН Юрий Викторович.
ЗАКИЕВА Динара Болатовна.
ИМАШЕВА Снежанна Валерьевна.
КАЗАНЦЕВ Павел Олегович.
КАМАСОВА Зарина Айдархановна.
КАРАТАЕВ Фахриддин Абдинабиевич.
КЕСЕБАЕВА Балаим Туганбаевна.
КИМ Вера Александровна.
КОЖАХМЕТОВ Арман Тулешович.
КОЛОДА Дмитрий Владимирович.
КУСАИНОВ Марат Апсеметович.
КУЧИНСКАЯ Юлия Владимировна.
КҰСПАН Айгүл Сайфоллақызы.
ҚҰЛШАР Мәлік Иманқұлұлы.
МУСАБАЕВ Самат Базарбаевич.
МУСИН Канат Сергеевич.
МЫҢБАЙ Дархан Қамзабекұлы.
НАЗАРБАЕВА Дарига Нурсултановна.
НАКПАЕВ Салимжан Жумашевич.
НИГМАТУЛИН Нурлан Зайруллаевич.
НУРКИНА Айгуль Кабдушевна.
НУРОВ Канат Ильич.
НУРУМОВА Гульдара Алданышевна.
НҰРМАНБЕТОВА Жәмила Нүсіпжанқызы.
ОМАРБЕКОВА Жанат Ануарбековна.
ОСПАНОВ Берик Серикович.
ПАВЛОВЕЦ Лариса Павловна.
ПАНЧЕНКО Игорь Иванович.
ПЛАТОНОВ Артур Станиславович.
РАЗЗАК Назиля Раззакбаевна.
РАМАЗАНОВА Лаззат Керимкуловна.
РАУ Альберт Павлович.
РАХИМЖАНОВ Амерхан Муратпекович.
САИРОВ Ерлан Бияхметович.
САПАРОВА Алия Суиндиковна.
САРТБАЕВ Бауржан Мейрамбекович.
САРЫМ Айдос Әміроллаұлы.
СИМОНОВ Сергей Анатольевич.
СМАҒҰЛ Бахытбек.
СМЫШЛЯЕВА Екатерина Васильевна.
СУЛЕЙМЕНОВА Жулдыз Досбергеновна.
СУЛЕЙМЕНОВА Зульфия Булатовна.
ТАЖМАГАМБЕТОВА Макпал Мазаковна.
ТАЙЖАНОВ Ерлик Серикбаевич.
ТАШКАРАЕВ Гани Абдуганиевич.
ТЕЛЬПЕКБАЕВА Жанна Тлеубековна.
ТІЛЕУХАН Бекболат Қанайұлы.
ТОРГАЕВ Беккали Нургалиевич.
ТУЛЕПБЕРГЕН Мейрамбек Мылтыкбайулы.
ТУРГАНОВ Дюсенбай Нурбаевич.
УИСИМБАЕВ Аскарбек Съезбекович.
УНЖАКОВА Ирина Сергеевна.
ШИПОВСКИХ Геннадий Геннадьевич.
""12 января решением бюро политического совета партии Nur Otan в соответствии с пунктом 5 статьи 97-1 Конституционного закона ""О выборах в Республике Казахстан"" утвержден список в составе 76 кандидатов и направлен в Центральную избирательную комиссию для регистрации в качестве депутатов Мажилиса Парламента VII созыва"", - сообщили в Nur Otan.

Отмечается, что состав фракции партии в Мажилисе обновился на 70 процентов. Средний возраст снизился до 49 лет, то есть на четыре года.

""Итоговый партийный список сбалансирован, 36 кандидатов являются победителями праймериз и 40 - отобраны в рамках квоты бюро политического совета. Данный подход позволил обеспечить региональную представленность пропорционально количеству избирателей.

Статья на сайте:
https://tengrinews.kz/kazakhstan_news/kto-stanet-deputatami-majilisa-ot-nur-otan-spisok-425685/"	UCq4pmpxRLeg63kFM4Tq-2PA	НОВЫЙ КАЗАХСТАН	2021-01-12T15:16:46Z	PT2M43S	300	2	0	76	surname-in-metadata,name-tokens:3/3,context:казахстан,мажилиса,парламента,созыва	SUGGESTED		2026-08-16T22:00:02Z
adilet	148	Смышляева Екатерина Васильевна	1982	депутат Мажилиса Парламента Республики Казахстан VIII созыва	"""Смышляева Екатерина Васильевна"" Казахстан"	2	U-xFUfSpwio	https://www.youtube.com/watch?v=U-xFUfSpwio	Поправки в закон: как будут выдавать водительские права категории «А1»	"Спикеры:

Смышляева Екатерина Васильевна, депутат Мажилиса Парламента РК;

Актоты Боранова, старший инспектор по особым поручениям Комитета административной полиции МВД РК;

Мудрагель Анастасия Вадимовна, основатель и действующий инструктор мотошколы Stay alive в г. Астана.

«24KZ» арнасына жазылыңыздар: http://bit.ly/31WnObW
Біздің сайт - https://24.kz
*******
БІЗДІҢ ПАРАҚШАЛАРҒА ЖАЗЫЛЫҢЫЗ:
Facebook: https://www.facebook.com/tvkhabar24 
Instagram: https://www.instagram.com/24kz_tv/
Telegram: https://t.me/tv_24KZ
TikTok: www.tiktok.com/@tv24kz
Twitter: https://x.com/tvkhabar24

#24KZ #Новости #актуальныеНовости #НовостиВмире #НовостиКазахстана"	UCnAFKvDuqBGkIfV8Vn0J_CQ	Телеканал 24kz	2024-04-17T14:53:51Z	PT16M21S	3896	40	60	72	surname-in-metadata,name-tokens:3/3,context:депутат,мажилиса,парламента	SUGGESTED		2026-08-16T22:00:02Z
adilet	148	Смышляева Екатерина Васильевна	1982	депутат Мажилиса Парламента Республики Казахстан VIII созыва	"""Смышляева Екатерина Васильевна"" Казахстан"	3	UnycXjEu9Zo	https://www.youtube.com/watch?v=UnycXjEu9Zo	Ждет ли «цифру» светлое будущее в Казахстане?	"Вдогонку за «цифрой» в Казахстане настраивают законы. В парламенте обсуждают подходы к мета-вселенной, регулирование цифровых активов. При этом остро актуальна проблема доступа регионов к высокоскоростному интернету. Как решают эту проблему? Станет ли наша страна цифровым хабом? Эти вопросы мы обсудили в студии подкаста Media Azamat. Наши гости:

Депутат Мажилиса Парламента Смышляева Екатерина Васильевна

Председатель Казахстанской Ассоциации блокчейн-технологий, экс-депутат Мажилиса Ахметов Сапар Кайратович


МОИ СОЦСЕТИ:
Facebook: https://www.facebook.com/azamatyergaly/
Instagram: https://www.instagram.com/media_azamat_pro/

#АзаматЕргали #медиаазамат #анаумынау"	UCmVT-B4aO5G76BdJH_V9Xvw	MEDIA AZAMAT	2022-11-10T07:13:16Z	PT1H18S	260	15	3	72	surname-in-metadata,name-tokens:3/3,context:депутат,мажилиса,парламента	SUGGESTED		2026-08-16T22:00:02Z
adilet	148	Смышляева Екатерина Васильевна	1982	депутат Мажилиса Парламента Республики Казахстан VIII созыва	"""Смышляева Екатерина Васильевна"" Казахстан"	4	ZCrJtpWW-Ew	https://www.youtube.com/watch?v=ZCrJtpWW-Ew	«Цифрлық кодекс - Қазақстанның цифрлық негізі»	"Тақырыбы/Тема:
«Цифрлық кодекс - Қазақстанның цифрлық негізі»

/«Цифровой кодекс - единая цифровая основа Казахстана»

Спикерлер/Спикеры: 
«ҚР ЖАСАНДЫ ИНТЕЛЛЕКТ ЖӘНЕ ЦИФРЛЫҚ ДАМУ ВИЦЕ-МИНИСТРІ МУН ДМИТРИЙ АНДРЕЕВИЧ;»
«ҚР ПАРЛАМЕНТІ МӘЖІЛІСІНІҢ ДЕПУТАТЫ СМЫШЛЯЕВА ЕКАТЕРИНА ВАСИЛЬЕВНА;»
«ҚР ЖАСАНДЫ ИНТЕЛЛЕКТ ЖӘНЕ ЦИФРЛЫҚ ДАМУ МИНИСТРЛІГІНІҢ ЦИФРЛЫҚ ТРАНСФОРМАЦИЯ САЯСАТЫ МЕН АРХИТЕКТУРАСЫ ДЕПАРТАМЕНТІҢ ДИРЕКТОРЫ БАЖАЕВА НАЗГҮЛ АМАНҚҰЛҚЫЗЫ;»
«ҚР ЖАСАНДЫ ИНТЕЛЛЕКТ ЖӘНЕ ЦИФРЛЫҚ ДАМУ МИНИСТРЛІГІНІҢ ЦИФРЛЫҚ ТРАНСФОРМАЦИЯ САЯСАТЫ МЕН АРХИТЕКТУРАСЫ ДЕПАРТАМЕНТІ ДИРЕКТОРЫНЫҢ ОРЫНБАСАРЫ ДЖУРГЕНОВА АЙГҮЛ БІРЖАНҚЫЗЫ;»

/«ВИЦЕ-МИНИСТР ИСКУССТВЕННОГО ИНТЕЛЛЕКТА И ЦИФРОВОГО РАЗВИТИЯ РК МУН ДМИТРИЙ АНДРЕЕВИЧ;»
«ДЕПУТАТ МАЖИЛИСА ПАРЛАМЕНТА РК СМЫШЛЯЕВА ЕКАТЕРИНА ВАСИЛЬЕВНА;»
«ДИРЕКТОР ДЕПАРТАМЕНТА АРХИТЕКТУРЫ И ПОЛИТИКИ ЦИФРОВОЙ ТРАНСФОРМАЦИИ МИИЦР РК БАЖАЕВА НАЗГУЛЬ АМАНКУЛОВНА;»
«ЗАМЕСТИТЕЛЬ ДИРЕКТОРА ДЕПАРТАМЕНТА АРХИТЕКТУРЫ И ПОЛИТИКИ ЦИФРОВОЙ ТРАНСФОРМАЦИИ МИИЦР РК ДЖУРГЕНОВА АЙГУЛЬ БИРЖАНОВНА;»

Ведущая: МАҚПАЛ АСУБАЙҚЫЗЫ"	UCB8Fk28jdzWpemE2hl2PYMA	ОРТАЛЫҚ КОММУНИКАЦИЯЛАР ҚЫЗМЕТІ	2026-01-23T20:56:40Z	PT1H58M9S	511	8		72	surname-in-metadata,name-tokens:3/3,context:депутат,мажилиса,парламента	SUGGESTED		2026-08-16T22:00:02Z
adilet	148	Смышляева Екатерина Васильевна	1982	депутат Мажилиса Парламента Республики Казахстан VIII созыва	"""Смышляева Екатерина Васильевна"" Казахстан"	5	r-elquIeM0s	https://www.youtube.com/watch?v=r-elquIeM0s	Ожидается ли подорожание услуг в ЦОН	Об этом рассказала депутат Мажилиса Екатерина Смышляева.	UCrSC9vdaSRlES5QJwKHhbJA	KAZINFORM	2023-10-04T07:16:27Z	PT21S	384	6	3	56	surname-in-metadata,name-tokens:2/3,context:депутат,мажилиса	SUGGESTED		2026-08-16T22:00:02Z
adilet	181	Шапак Унзила	1973	депутат Мажилиса Парламента Республики Казахстан VIII созыва	"""Шапак Унзила"" Казахстан"	1	aLFwc8LabPE	https://www.youtube.com/watch?v=aLFwc8LabPE	Шапак Унзила	"Член Конституционного совета Республики Казахстан
  д.ю.н., доцент 
г. Нур-Султан, Казахстан"	UCX4PsZ3N-rNBAOFwm0y39tQ	КазГЮИУ Семей	2020-05-15T11:45:57Z	PT16M46S	338	11	0	88	surname-in-title,name-tokens:2/2,context:казахстан,республики	SUGGESTED		2026-08-16T22:00:03Z
adilet	181	Шапак Унзила	1973	депутат Мажилиса Парламента Республики Казахстан VIII созыва	"""Шапак Унзила"" Казахстан"	2	rbaGv3hEI9Y	https://www.youtube.com/watch?v=rbaGv3hEI9Y	"Какое влияние игры ""Роблокс"" на детей? Депутат  Шапак Унзила Шапаковна запросила у Министра ИИ"	"Какое влияние игры ""Роблокс"" на детей?
Депутат  Шапак Унзила Шапаковна запросила у Министра искусственного интеллекта и цифрового развития информацию об исследованиях этого влияния.

Также  депутат отметила, что платформа часто становится местом действия мошенников.
К нам тоже обращались родители по поводу популярной среди детей и подростков игры Genshin Impact, свободно распространяемой в Республике Казахстан через мобильные магазины приложений и ПК-платформы.

Родители пишут, что в игре присутствуют визуальные образы и поведенческие модели мужских персонажей, которые могут противоречить духовно-нравственным ценностям общества.
А какие по вашему мнению игры еще стоит проверить нашим чиновникам?

______________________
Казахстанский Союз Родителей - это простые родители, мы не получаем грантов и осуществляем свою деятельность благодаря вашей поддержке.
Помочь нам можно по ссылкам:
📌Каспи платежи: https://kaspi.kz/pay/Kzsoyuzroditelei
📌Халык: переводы - платёж предпринимателю - номер телефона 87787768071 - сумма - далее
📌Робокасса: https://kazsouzrod.kz/help3
""Қазақстандық Ата-Аналар Одағы"" РҚБ
сайт: https://kazsouzrod.kz
Instagram: https://instagram.com/kazsouzrod
Телеграмм арна: https://t.me/Qaz_ata_analar_odagy
вКонтакте: https://vk.com/kazsouzrod
You Tube: https://www.youtube.com/@kazsouzrod
Facebook: https://www.facebook.com/groups/599730737506784
TikTok: https://www.tiktok.com/@kazsouzrod
e-mail: kazsouzrod@gmail.com
Пошталық мекенжайы: 010000
Қазақстан Республикасы
Астана қаласы
Әуезов көшесі 13, а / ж 46
Тел.: +7 778 776 80 71
+7 778 776 80 72"	UCaXSk-bqSNZqbWbVCRWaTqg	Казахстанский Союз Родителей РОО	2026-01-15T13:15:06Z	PT3M54S	183	24	2	88	surname-in-title,name-tokens:2/2,context:депутат,казахстан	SUGGESTED		2026-08-16T22:00:03Z
adilet	181	Шапак Унзила	1973	депутат Мажилиса Парламента Республики Казахстан VIII созыва	"""Шапак Унзила"" Казахстан"	3	FaF64GJv_hY	https://www.youtube.com/watch?v=FaF64GJv_hY	«Қазақстан Республикасының Конституциясы – қоғам мен мемлекетті жаңғыртуға негіз»	"Тақырып / Тема: 
«Қазақстан Республикасының Конституциясы – қоғам мен мемлекетті жаңғыртуға негіз» 
/ «Конституция Республики Казахстан – основа для модернизации общества и государства»
Спикерлер / Спикеры: 
ҚР Конституциялық Кеңесі аппаратының басшысы Нұрмұханов
Бақыт Маратұлы;
ҚР Конституциялық Кеңесінің мүшесі Шапак Унзила;
/ Руководитель Аппарата Конституционного Совета Республики Казахстан Нурмуханов Бакыт Маратович;
Член Конституционного Совета Республики Казахстан Шапак Унзила;
/Арнұр ШакерхановПресс-сотрудник СЦК. 
Назар аударыңыз! Берілген тақырып бойынша сұрақтарыңыз болса, осы жерде қалдыруыңызға болады."	UCB8Fk28jdzWpemE2hl2PYMA	ОРТАЛЫҚ КОММУНИКАЦИЯЛАР ҚЫЗМЕТІ	2020-08-21T10:45:50Z	PT19M56S	403	6	0	68	surname-in-metadata,name-tokens:2/2,context:казахстан,республики	SUGGESTED		2026-08-16T22:00:03Z
adilet	181	Шапак Унзила	1973	депутат Мажилиса Парламента Республики Казахстан VIII созыва	"""Шапак Унзила"" Казахстан"	4	mD5Ne_-R47E	https://www.youtube.com/watch?v=mD5Ne_-R47E	Депутат заявила об угрозах для казахстанских детей на платформе Roblox	"Наш Telegram: t.me/bizmediakz

Шапак Унзила заявила о многочисленных обращениях граждан по поводу Roblox, которым пользуются сотни тысяч казахстанских детей. 

Она подчеркнула, что игра может вызывать виртуальную зависимость, агрессивное поведение, отчуждение от реальной жизни и доступ к неподходящему контенту.

Особую тревогу вызывают преступники и мошенники, которые через чат платформы входят в доверие к детям и переводят общение в Telegram или выманивают банковские данные.

Читайте нас в других местах:

Наш сайт: https://bizmedia.kz/
Наш Instagram: https://www.instagram.com/bizmediakz/
Наш Threads: https://www.threads.com/@bizmediakz

#shortsvideo #shortsyoutube #новости #news #казахстан #новостисегодня #kazakhstan #алматы #астана #касымжомарттокаев #Roblox #БезопасностьДетей #Киберугрозы #ИнтернетМошенники #ЗащитаДетей"	UCeR4yuffRDPP6ZiqQ6k6xaA	Bizmedia	2026-01-14T11:59:34Z	PT1M20S	1155	27	5	68	surname-in-metadata,name-tokens:2/2,context:депутат,казахстан	SUGGESTED		2026-08-16T22:00:03Z
adilet	181	Шапак Унзила	1973	депутат Мажилиса Парламента Республики Казахстан VIII созыва	"""Шапак Унзила"" Казахстан"	5	0wJWs1EPH6A	https://www.youtube.com/watch?v=0wJWs1EPH6A	Брифинг. Конституция РК - основа для модернизации общества и государства	"Бакыт Нурмуханов, руководитель Аппарата Конституционного Совета РК; Унзила Шапак, член Конституционного Совета РК.

«Хабар 24» арнасына жазылыңыздар: http://bit.ly/31WnObW
Біздің сайт - https://24.kz 
Facebook - https://www.facebook.com/tvkhabar24
Instagram - https://www.instagram.com/tvkhabar24
Telegram - https://t.me/tvkhabar24
Twitter - https://twitter.com/tvkhabar24 
Vkontakte - https://vk.com/tvkhabar24"	UCnAFKvDuqBGkIfV8Vn0J_CQ	Телеканал 24kz	2020-08-21T12:11:13Z	PT20M3S	389	8	0	60	surname-in-metadata,name-tokens:2/2	SUGGESTED		2026-08-16T22:00:03Z
adilet	182	Шаталов Никита Сергеевич	1992	депутат Мажилиса Парламента Республики Казахстан VIII созыва	"""Шаталов Никита Сергеевич"" Казахстан"	1	kamy2o9IQA4	https://www.youtube.com/watch?v=kamy2o9IQA4	Конституционные изменения и роль Парламента. Никита Шаталов | Интервью	"Спикер - Никита Шаталов, депутат Мажилиса Парламента РК.
---------------------------------------
#жаңалықтар #новости #24KZ #хабар24 #казахстан #интервью #аидахамзина #конституцияРК #конституцияказахстана #реформы #парламент #депутаты #мажилис #новостиказахстана"	UCnAFKvDuqBGkIfV8Vn0J_CQ	Телеканал 24kz	2026-01-23T14:01:23Z	PT15M24S	154	1	0	88	surname-in-title,name-tokens:2/3,context:депутат,казахстан,мажилис,мажилиса,парламента	SUGGESTED		2026-08-16T22:00:04Z
adilet	182	Шаталов Никита Сергеевич	1992	депутат Мажилиса Парламента Республики Казахстан VIII созыва	"""Шаталов Никита Сергеевич"" Казахстан"	2	hsGDAIopw0E	https://www.youtube.com/watch?v=hsGDAIopw0E	Конституционная реформа в Казахстане. Никита Шаталов	"Никита Шаталов, депутат Мажилиса Парламента РК

#жаңалықтар #новости #24KZ #хабар24 #казахстан"	UCnAFKvDuqBGkIfV8Vn0J_CQ	Телеканал 24kz	2026-02-02T11:47:06Z	PT4M30S	178	4	0	84	surname-in-title,name-tokens:2/3,context:депутат,казахстан,мажилиса,парламента	SUGGESTED		2026-08-16T22:00:04Z
adilet	182	Шаталов Никита Сергеевич	1992	депутат Мажилиса Парламента Республики Казахстан VIII созыва	"""Шаталов Никита Сергеевич"" Казахстан"	3	54rRy-UZKCM	https://www.youtube.com/watch?v=54rRy-UZKCM	Конец эпохи «Я начальник, ты дурак»: Шаталов о новых ценностях Казахстана #новостиказахстанасегодня	"Конец эпохи «Я начальник, ты дурак»: Шаталов о новых ценностях Казахстана

Вы знали, что 14 миллионов казахстанцев не голосовали за старую Конституцию? 
Мир изменился. Мы выросли из ""треугольника выживания"" и хотим развития. Почему референдум 15 марта — это не просто формальность, а ваша подпись под новыми правилами жизни?

В новом выпуске SHYNDYK PODCAST Газиза Раимбек разбирает с депутатом Мажилиса Никитой Шаталовым механику политических реформ. Переход к Президентской республике с сильным Парламентом: в чем реальная выгода для граждан? Опыт Франции и Южной Кореи: как конституционные реформы становились трамплином для экономического чуда?

Никита Шаталов объясняет:
— почему меняется Конституция Казахстана
— как будет работать новая модель парламента
— зачем вводится институт вице-президента
— что такое Халық кеңесі и какие полномочия он получит
— почему развитие человеческого капитала становится приоритетом государства
— как международный опыт влияет на конституционные реформы

Смотрите полный выпуск SHYNDYK Podcast и делитесь своим мнением в комментариях 👍🏼

———————————————————-

00:00 - 01:10 Анонс
01:10 Поездки по регионам и подготовка к референдуму
03:14 Почему Казахстану нужна новая Конституция
07:01 14 млн людей не голосовали за Конституцию 1995 года
09:47 Поколение независимости меняет страну
12:33 «Наша задача — не просто выжить»
17:03 Почему нельзя копировать чужие Конституции
18:30 Опыт Франции и Южной Кореи
20:53 Зачем нужен референдум
21:52 Меняется 84% Конституции
22:40 Главный приоритет новой Конституции
26:11 С чего началась конституционная реформа
28:20 Тысячи предложений от граждан
32:52 Почему в одиночку в парламенте ничего не решить
35:12 Почему депутатам нужна политическая партия
42:24 Как Халық Кеңесі будет влиять на законы страны
47:48 Может ли Халық Кеңесі стать вторым парламентом
51:08 Зачем Казахстану вице-президент
56:52 Может ли вице-президент стать президентом
58:42 Что изменит новая Конституция
59:33 Почему важно прийти на референдум
01:01:05 Изменится ли статус русского языка"	UCYDbx9ng-qcNAqzEa9S1Iig	SHYNDYK TV by Gaziza Raimbek - Новости Казахстана	2026-03-11T10:11:31Z	PT1H1M17S	23027	35	6	80	surname-in-title,name-tokens:2/3,context:мажилиса,парламента,партия	SUGGESTED		2026-08-16T22:00:04Z
adilet	182	Шаталов Никита Сергеевич	1992	депутат Мажилиса Парламента Республики Казахстан VIII созыва	"""Шаталов Никита Сергеевич"" Казахстан"	4	5Pywx2KdAm4	https://www.youtube.com/watch?v=5Pywx2KdAm4	Победит ли Аманат без Президента и Акимов / Jana Люди с Никита Шаталов	"Сегодня у нас в гостях кандидат в депутаты Мажилиса РК от партии Аманат, политический обозреватель Никита Шаталов.


04:06-42:13 приветствие 
44:14-02:19 что такое Жана Люди?
02:21-04:49 Никита Шаталов кто?
04:51-05:45 где работал Никита Шаталов?
05:47-09:21 кто такие депутаты? Что такое маслихат и мажилис?
09:23-11:01 кто должен стать депутатам? 
11:01-14:15 чем занимается парламент?
14:30-16:11 что такое сенат?
16:11-19:52 расскажите немного о партии и как вы относитесь к Аманату?
19:54-23:36 победит ли Аманат без президента и акима?
23:38-29:06 как и где голосовать?
29:08-30:35 что сподвигло вас вступить в аманат?
30:37-32:21 что значит слоган «время действовать?»
32:23-37:20 что предложит аманат новому Казахстану? Какие проблемы в Казахстане?
37:22-44:10 трагические события на «Арселор Миттал Темиртау»
44:13-47:21 агитация по родным городам, создание социальных лифтов
47:23-49:21 почему все говорят про справедливость?
49:23-50:35 по какой системе будут проходить выборы? И почему партия выдвигает своих кандидатов по одномандатным округам? 
50:35-52:42 есть ли риск вспышки конфликтов среди кланов?
52:45-01:02:21 что вы думаете о других партиях?
01:02:35-01:04:01 будет ли Аманат заставлять голосовать за их партию?
01:04:07-01:04:54 что думаете о самовыдвиженцах?
01:04:56-01:05:27 за чей счет оплачиваются поездки и агитационные материалы? 
01:05:31-01:06:52 кого вы бы отметили из самовыдвиженцев? 
01:06:54-01:10-25 ваш сценарий по выборам?"	UCXapHSK3u0OeoICIaSrHu_g	Silk Road News	2023-03-02T14:32:55Z	PT1H10M23S	1374	13	15	80	surname-in-title,name-tokens:2/3,context:мажилис,мажилиса,партия	SUGGESTED		2026-08-16T22:00:04Z
adilet	182	Шаталов Никита Сергеевич	1992	депутат Мажилиса Парламента Республики Казахстан VIII созыва	"""Шаталов Никита Сергеевич"" Казахстан"	5	kKD9i5DUFYg	https://www.youtube.com/watch?v=kKD9i5DUFYg	Дороговизна лекарств – это удар по самым уязвимым слоям населения | Никита Шаталов	Член фракции партии «AMANAT» Никита Шаталов направил депутатский запрос заместителю Премьер-Министра – министру национальной экономики Серику Жумангарину по вопросу импорта фармацевтического сырья и субстанций.	UCstUsyjSW_N83GwdtW5T9nw	Minber KZ 	2025-10-08T05:00:53Z	PT2M29S	31	0	0	68	surname-in-title,name-tokens:2/3	SUGGESTED		2026-08-16T22:00:04Z
ak_zhol	40	Нуралдинов Олжас Ельтайулы	1989	депутат Мажилиса Парламента РК VІІІ созыва	"""Нуралдинов Олжас Ельтайулы"" Казахстан"	1	BVNT92kqyq0	https://www.youtube.com/watch?v=BVNT92kqyq0	Олжас Тұрарұлы – Дәулет Өсербай | «Өнер барысы 2025»	"Толық нұсқа: https://youtu.be/FwuoFyfEdxM

#ОлжасТұрарұлы #ДәулетӨсербай #өнербарысы #актер #ХабарСпорт #Спорт #Қазақстанспорты #өнербарысы #жекпежек #Астана #өнертарландары #мегажоба #шоу #жұлдыздарсайысы #қазақшакүрес #мықтылар #хабар #хабаршоу #хабартв #Олжасхан #келінжан #актер #блогер"	UCOBmXp_2O09zqNR5qv2Qr-A	Khabar TV 	2025-12-26T17:16:25Z	PT19M31S	563803	6842	661	12	name-tokens:1/3	SUGGESTED		2026-08-16T22:00:05Z
ak_zhol	40	Нуралдинов Олжас Ельтайулы	1989	депутат Мажилиса Парламента РК VІІІ созыва	"""Нуралдинов Олжас Ельтайулы"" Казахстан"	2	Brw_3NXtxMg	https://www.youtube.com/watch?v=Brw_3NXtxMg	Папский әңгіме / Әкелер әңгімесі: Олжас Нұрбай және Абай Асылхан	"Ссылка для донатов!
https://pay.kaspi.kz/pay/vu7r5gn1 

Біздің подкаста көптің сүйікті айдары – «Әкелер әңгімесі», яғни «Папский әңгіме»! Қонақта – режиссер, актер әрі кинопродюсер Олжас Нұрбай және актер, дауыс пен сөйлеу бойынша ментор Абай Асылхан. Бұл шығарылымда біз әке болу, отбасы, жауапкершілік және бала дүниеге келгеннен кейінгі ер адамның ішкі трансформациясы туралы ашық әңгімелестік. Олжас үйленбей тұрып сүйіктісіне неліктен дәрі берді? Ал 25 жасында бірден 13 және 11 жастағы балалардың әкесі атанған Абай қандай қиындықтарға тап болды? Барлығы подкаста айтылады. Қапы қалмаңыз!

А ещё у нашего канала теперь есть собственный юрист!
Вы можете задать ей вопросы по правовым темам и получить консультацию.
📩 Контакты для связи: ‪+7 775 641 8663‬
Инстаграмм : https://www.instagram.com/dana_bissekova?igsh=dzh6NmgxaDlrNnQ0 

Подписывайтесь на наш канал -    / @momskiy_angime
⠀
Мы сняли для вас подкаст на женские и мамские темы. Главная наша цель - делиться полезными мыслями и мотивировать вас.
⠀
Ведущая: 
Айнур Ильясова / Ainur Ilyassova
https://instagram.com/ainur_ilyasova?
⠀
Гости: 
Олжас Нұрбай және Абай Асылхан 
https://www.instagram.com/olzhas_nurbay/
https://www.instagram.com/abay.asylkhan/

Редактор
Мадина Дәулетқызы
https://instagram.com/makeshi_
⠀
Визажист
Жоргенбаева Акгуль
https://instagram.com/umbetova_007?igshid=MzRlODBiNWFlZA==

Стилист 
Райхан Корган
https://www.instagram.com/raihan_korgan?igsh=amFmdzlqdTJpendu

Pr- продюсер
Арай Аманкулова
https://www.instagram.com/arayskaya?igsh=anRxazFtbmNmOWEw

00:00 Тизер
01:40 Таныстыру
03:40 Олжас: «Біздің қарым-қатынасымыз дәріден басталған»
05:20 Әке атану
21:10 Әкелік инстинкт пен жауапкершілік
30:00 Серіктестік босану
35:04 Әйелдің жүктілік кезеңі
42:09 Бала дүниеге келгеннен кейін әкелердің өмірі өзгере ме?
49:30 Отбасы құрар алдында дайындалу керек пе?
58:51 Менторлық және оның маңызы
01:02:40 «Қызым» фильмі
01:09:40 Өзіңді құнсыздандыру
01:19:50 Кинодағы сүйісу сахнасы
01:33:00 Бала тәрбиесіндегі әкенің орны
01:42:10 Бала адамға не үшін беріледі?
01:46:20 Олжас пен Абайдан сыйлық

Если вы хотите поддержать подкаст и сделать анонс выпуска на своих страничках, то весь материал (постеры и тизеры): https://t.me/momskiy_angime

#роды#отношениямужжена#саморазвитие #самопознание #осознанность #просветление #дети  #психологияотношений   #Momsкийәңгіме #момскийәңгіме  #mamskiyangime #momskiiangime  #мамскийангиме #момскийангиме #мамскийподкаст #женскийподкаст #момскийподкаст #momskiypodcast #mamskiypodcast #momskiypodkast #mamskiypodkast #AinurIlyasovаг"	UCK-ybKcDIqnGPAF_AqD2Gew	Айнур Ильясова | Мамский әңгіме	2026-01-31T08:00:13Z	PT1H48M58S	52667	919	117	12	name-tokens:1/3	SUGGESTED		2026-08-16T22:00:05Z
ak_zhol	40	Нуралдинов Олжас Ельтайулы	1989	депутат Мажилиса Парламента РК VІІІ созыва	"""Нуралдинов Олжас Ельтайулы"" Казахстан"	3	KDI3SKgHF3A	https://www.youtube.com/watch?v=KDI3SKgHF3A	Олжас Бектенов покинул заседание правительства из-за срочного звонка	"Подписывайтесь на наш YouTube-канал: https://www.youtube.com/channel/UCK5oVVOov765YXo0uEtj12Q/?sub_confirmation=1

Заходите на наш сайт https://www.nur.kz  – самый большой новостной ресурс Казахстана."	UCK5oVVOov765YXo0uEtj12Q	NURKZ 	2025-10-07T07:30:28Z	PT31S	402885	1908	179	12	name-tokens:1/3	SUGGESTED		2026-08-16T22:00:05Z
ak_zhol	40	Нуралдинов Олжас Ельтайулы	1989	депутат Мажилиса Парламента РК VІІІ созыва	"""Нуралдинов Олжас Ельтайулы"" Казахстан"	4	_QXALAf7afU	https://www.youtube.com/watch?v=_QXALAf7afU	Будет ли в Казахстане дефицит бензина // Олжас Байдильдинов	"Обсудили влияние ситуации на российском рынке топлива на Казахстан с нефтегазовым аналитиком Олжасом Байдильдиновым. 

Канал Олжаса Байдильдинова в Telegram: https://t.me/baidildinovoil

00:00 - Вступление
00:12 - Как атаки украинских беспилотников влияют на топливный рынок России
07:40 - Откуда Казахстан получает бензин
14:22 - Может ли Казахстан быть независимым по топливу от соседей
18:20 - Из-за чего в Казахстане возникают топливные кризисы
25:02 - Как топливный кризис влияет на Казахстан
33:13 - Расхождения во взглядах на экономику
48:13 - Вопрос от гостя ведущему о будущем страны
54:32 - Заключение

More Talks
Олжас Тілеуғазыұлы о своих претензиях на место в партийном списке: https://youtu.be/BkKjJX8FS_c
Олжас Куспеков о том, чего требует работа депутата: https://youtu.be/LXgekcQukCY

Подписывайтесь на автора:
https://t.me/gaziz1984 
https://www.instagram.com/abishevanalytics/
https://www.youtube.com/c/GazizAbishev
https://www.tiktok.com/@gazizabishev"	UCzS5H3B7s25iSIZzw2SHphA	НеКурултай	2026-07-20T13:36:17Z	PT55M32S	6382	158	109	12	name-tokens:1/3	SUGGESTED		2026-08-16T22:00:05Z
ak_zhol	40	Нуралдинов Олжас Ельтайулы	1989	депутат Мажилиса Парламента РК VІІІ созыва	"""Нуралдинов Олжас Ельтайулы"" Казахстан"	5	C4-irpH56Yc	https://www.youtube.com/watch?v=C4-irpH56Yc	OLZHAS ALIMBEK - Шекараға бағынбайды | Official video #YERSAYOLZHAS #ЕрсайОлжас	"OLZHAS ALIMBEK - Шекараға бағынбайды
Сөзі: Қымбат Кәрмен
Әуені:Шах-Керім Кәрмен


Все права защищены. 
Несанкционированное использование является нарушением действующего законодательства. Во избежание нарушения авторских прав, просим не загружать данное видео на свой канал. 
 
© ℗ TASPA ENTERTAINMENT"	UCnyWXHpzMofnTmhJ1QJD2LA	BAYGUN	2026-01-24T15:00:06Z	PT4M11S	292130	4059	1122	0	no-identity-signals	SUGGESTED		2026-08-16T22:00:05Z
ak_zhol	42	Перуашев Азат Турлыбекулы	1967	депутат Мажилиса Парламента РК V, VI, VII, VIII созыва	"""Перуашев Азат Турлыбекулы"" Казахстан"	1	4pyD6oc6TKY	https://www.youtube.com/watch?v=4pyD6oc6TKY	Депутатский запрос фракции Ак жол. Автор Перуашев Азат Турлыбекулы		UCCcFFrm5oCGznjhNJB1DwIw	Демократическая Партия Ак жол	2021-02-10T06:12:59Z	PT3M54S	148	2	0	80	surname-in-title,name-tokens:3/3	SUGGESTED		2026-08-16T22:00:06Z
ak_zhol	42	Перуашев Азат Турлыбекулы	1967	депутат Мажилиса Парламента РК V, VI, VII, VIII созыва	"""Перуашев Азат Турлыбекулы"" Казахстан"	2	1FbxSRPw3Ug	https://www.youtube.com/watch?v=1FbxSRPw3Ug	Круглый стол. Открытие МФЦА	"Тема разговора - открытие Международного финансового центра «Астана».

Спикеры: Келимбетов Кайрат Нематович – управляющий МФЦА; Перуашев Азат Турлыбекулы – депутат Мажилиса Парламента РК, председатель партии «Ак жол». Подписывайтесь на «Хабар 24»:
 https://www.youtube.com/c/tv24kz 
Наш сайт - https://24.kz 
Facebook - https://www.facebook.com/tvkhabar24/ 
Instagram - https://www.instagram.com/tvkhabar24/ 
Telegram - https://t.me/tvkhabar24
Twitter - https://twitter.com/tvkhabar24 
Vkontakte - https://vk.com/tvkhabar24"	UCnAFKvDuqBGkIfV8Vn0J_CQ	Телеканал 24kz	2018-07-04T15:34:14Z	PT34M40S	353	3	0	76	surname-in-metadata,name-tokens:3/3,context:депутат,мажилиса,парламента,рк	SUGGESTED		2026-08-16T22:00:06Z
ak_zhol	42	Перуашев Азат Турлыбекулы	1967	депутат Мажилиса Парламента РК V, VI, VII, VIII созыва	"""Перуашев Азат Турлыбекулы"" Казахстан"	3	icUvehimP7I	https://www.youtube.com/watch?v=icUvehimP7I	Как живет автор квартир без туалетов Азат Перуашев	Как живет автор квартир без туалетов Азат Перуашев	UCBX-BkdXz0i7ej6FN_xlUvQ	Patrick NEWS	2017-04-18T11:32:10Z	PT1M44S	226	5	1	68	surname-in-title,name-tokens:2/3	SUGGESTED		2026-08-16T22:00:06Z
ak_zhol	42	Перуашев Азат Турлыбекулы	1967	депутат Мажилиса Парламента РК V, VI, VII, VIII созыва	"""Перуашев Азат Турлыбекулы"" Казахстан"	4	_1F4P02tX5Q	https://www.youtube.com/watch?v=_1F4P02tX5Q	Депутатский запрос фракции Ак жол. Автор Раманкулов Максат		UCCcFFrm5oCGznjhNJB1DwIw	Демократическая Партия Ак жол	2021-02-17T05:49:07Z	PT3M49S	1333	74	36	0	no-identity-signals	SUGGESTED		2026-08-16T22:00:06Z
ak_zhol	42	Перуашев Азат Турлыбекулы	1967	депутат Мажилиса Парламента РК V, VI, VII, VIII созыва	"""Перуашев Азат Турлыбекулы"" Казахстан"	5	keOoa-P8YDU	https://www.youtube.com/watch?v=keOoa-P8YDU	Депутатский запрос фракции «Ак жол» о полной отмене сопроводительных накладных на товары	"В партию «Акжол» идет поток обращений от среднего и малого бизнеса в сфере розничной торговли и аптек, по поводу внедрения сопроводительных товарных накладных (СНТ). По этим вопросам мы уже направляли депутатские запросы от 3 февраля и 7 апреля текущего года.

6 апреля было проведено совещание в партии Акжол с участием предпринимателей сферы торговли и услуг от всех регионов, которые высказывали возмущение методикой СНТ.

Подробнее: https://akzhol.kz/ru/ak-zhol-neobhodima-polnaya-otmena-snt-a-perenos-srokov-vnedreniya-ne-reshit-problemw-lwchshe-wzhasnyj-konec-chem-beskonechnyj-wzhas/"	UChb3pz3wO4bayig14fCdSTw	Ақ жол Time	2021-04-14T07:19:16Z	PT3M55S	3595	600	452	0	no-identity-signals	SUGGESTED		2026-08-16T22:00:06Z
npk	53	Нұралин Асылбек Жамашұлы	1959	депутат VIII созыва Мажилиса Парламента Республики Казахстан, председатель ОО «Казахстанский отраслевой горно-металлургический профсоюз»	"""Нұралин Асылбек Жамашұлы"" Казахстан"	1	vq5C_zeXEY4	https://www.youtube.com/watch?v=vq5C_zeXEY4	Ойтүйін	"""Ойтүйін"" бағдарламасының қонағы - Қазақстан Республикасы Парламенті Мәжілісінің депутаттығына кандидат Нұралин Асылбек Жамашұлы"	UCHM9O3DxMBCiiyEr_CTKFUw	Қазақстан Республикасы Кәсіподақтар Федерациясы 	2023-03-15T11:47:53Z	PT28M40S	235	18	0	60	surname-in-metadata,name-tokens:3/3	SUGGESTED		2026-08-16T22:00:08Z
npk	61	Сейтжан Кенжеғұл Социалұлы	1982	депутат VIII созыва Мажилиса Парламента Республики Казахстан, уполномоченный по правам социально уязвимых слоев населения при Президенте Республики Казахстан	"""Сейтжан Кенжеғұл Социалұлы"" Казахстан"	1	IBy9376WQRY	https://www.youtube.com/watch?v=IBy9376WQRY	Видеоинструкция по отправке секограммы через Казпочту (для людей с инвалидностью)	"Бесплатная отправка секограмм для людей с инвалидностью по зрению по всему Казахстану
Друзья, отличные новости!
Теперь лица с инвалидностью по зрению могут бесплатно отправлять секограммы по всей территории Казахстана! Ниже расскажем, что это значит и как воспользоваться этой возможностью.
 
Что такое секограмма
Согласно законодательству Республики Казахстан:
Приказ Министра информации и коммуникаций Республики Казахстан от 29 июля 2016 года № 65
«Об утверждении Правил предоставления услуг почтовой связи» (зарегистрирован в Министерстве юстиции 27 октября 2016 года № 14370):
Секограмма — это почтовое отправление с вложением письменных сообщений, написанных секографическим способом, подаваемых открыто, клише со знаками секографии, звуковых записей, предназначенных исключительно для слепых.
 
Согласно международных норм
В соответствии с Всемирной почтовой конвенцией, статья 16, пункт 3 «Отправления для слепых»:
1. Любое отправление для слепых, направляемое организацией слепых, слепым человеком или для слепого человека, освобождается от всех почтовых сборов, кроме возможных авиатарифов, если такое допускается внутренними правилами оператора связи.
2. Под «отправлениями для слепых» понимаются:
• корреспонденция и литература в любом формате (включая звукозаписи);
• оборудование и материалы, произведённые или адаптированные для помощи слепым и слабовидящим людям.
 
В чём разница между казахстанскими и международными нормами
Наше внутреннее законодательство трактует секограмму узко — как письмо или аудиозапись.
А международные правила разрешают отправку любого оборудования или материалов, предназначенных для помощи людям с нарушением зрения.
Таким образом, по Казахстану отправка секограммы теперь осуществляется бесплатно, а в другие страны — по сниженным тарифам.
 
Как можно использовать эту возможность
Если у вас есть инвалидность по зрению, вы можете в любом отделении Казпочты бесплатно отправить посылку весом до 7 кг — будь то оборудование, материал или даже лекарство (желательно с инструкцией со шрифтом Брайля).
 
Что потребуется
1. Распечатанная копия справки об инвалидности по зрению.
2. Коробка без рисунков и надписей (можно приобрести в Казпочте).
3. Содержимое: оборудование, материалы или лекарственные препараты до 7 кг, не превышающие 90 см по ширине длине и глубине.
4. Документ со шрифтом Брайля (например, инструкция или описание).
5. Точные данные получателя: индекс, адрес, Ф.И.О. и телефон.
что нужно сделать:
1. Посетить ближайшее отделения Казпочты и заполнить почтовый бланк.
2. Показать при необходимости  видеоинструкцию (ссылка будет ниже) сотруднику отделения, чтобы подтвердить тип отправления.
3. Передать открытую коробку, справку об инвалидности и бланк сотруднику Казпочты.
Важно: трек-номер не присваивается. Доставка по Казахстану занимает обычно до 8 дней. Предупредите получателя, что посылку скорее всего нужно забрать самостоятельно в ближайшем отделении.
4. А чтобы мы могли добиваться соблюдение прав лиц с инвалидностью дальше то просим поддержать нас и заказывать средства реабилитации у нашей организации ОО Жан по порталу Aleumed.kz
город Алматы, БИН 010540016625
5. После отправки посылки незабудьте насладиться возможностью бесплатной отправки и делитесь этой статьей с другими лицами с инвалидностью по зрению

В титрах данной статьи отметим кто участвовал в том чтобы реализовать наше право по отправки секограммы и кому вы можете выразить ваше спс!
- Команда общественного объединения Азиатское общество по правам инвалидов Жан; 

- Депутат мажилиса парламента Казахстана VIII созыва, Уполномоченный по правам социально уязвимых категорий населения при Президенте Республики Казахстан (Омбудсмену) Сейтжан Кенжеғұл Социалұлы;

- юрист и волонтёр Айнанова Анара Булатовна;

- и сотрудники казпочты имя которых нельзя называть!!!"	UCkq1qs_EHapY4VJQ-mRH9jg	Общественное объединение Жан	2025-10-08T05:38:08Z	PT4M36S	160	8	0	80	surname-in-metadata,name-tokens:3/3,context:viii,депутат,казахстан,мажилиса,населения	SUGGESTED		2026-08-16T22:00:09Z
npk	61	Сейтжан Кенжеғұл Социалұлы	1982	депутат VIII созыва Мажилиса Парламента Республики Казахстан, уполномоченный по правам социально уязвимых слоев населения при Президенте Республики Казахстан	"""Сейтжан Кенжеғұл Социалұлы"" Казахстан"	2	iVMpdkJjFPA	https://www.youtube.com/watch?v=iVMpdkJjFPA	«Мүгедектігі бар адамдардың өмір сүру сапасын арттыру туралы»	"Тақырыбы/Тема:
«Мүгедектігі бар адамдардың өмір сүру сапасын арттыру туралы»

/«О повышении качества жизни лиц с инвалидностью»

Спикерлер/Спикеры:
«ҚР ЕҢБЕК ЖӘНЕ ХАЛЫҚТЫ ӘЛЕУМЕТТІК ҚОРҒАУ МИНИСТРІ ЖАҚЫПОВА СВЕТЛАНА ҚАБЫКЕНҚЫЗЫ;»
«ҚР ПРЕЗИДЕНТІ ЖАНЫНДАҒЫ ХАЛЫҚТЫҢ ӘЛЕУМЕТТІК ОСАЛ ТОПТАРЫНЫҢ ҚҰҚЫҚТАРЫ ЖӨНІНДЕГІ УӘКІЛ, ҚР ПАРЛАМЕНТ МӘЖІЛІСІ ДЕПУТАТЫ СЕЙТЖАН КЕНЖЕҒҰЛ СОЦИАЛҰЛЫ;»

/«МИНИСТР ТРУДА И СОЦИАЛЬНОЙ ЗАЩИТЫ НАСЕЛЕНИЯ РК  ЖАКУПОВА СВЕТЛАНА КАБЫКЕНОВНА;»
«УПОЛНОМОЧЕННЫМ ПО ПРАВАМ СОЦИАЛЬНО-УЯЗВИМЫХ КАТЕГОРИЙ НАСЕЛЕНИЯ ПРИ ПРЕЗИДЕНТЕ РК, ДЕПУТАТ МАЖИЛИСА ПАРЛАМЕНТА РК  СЕЙТЖАН КЕНЖЕГУЛ СОЦИАЛУЛЫ;»

МОДЕРАТОР: Елдана Тоқбай"	UCB8Fk28jdzWpemE2hl2PYMA	ОРТАЛЫҚ КОММУНИКАЦИЯЛАР ҚЫЗМЕТІ	2024-06-26T22:31:51Z	PT51M30S	646	5		80	surname-in-metadata,name-tokens:3/3,context:депутат,мажилиса,населения,парламента,по	SUGGESTED		2026-08-16T22:00:09Z
npk	63	Смирнова Ирина Владимировна	1960	депутат VIII созыва Мажилиса Парламента Республики Казахстан, государственный и общественный деятель	"""Смирнова Ирина Владимировна"" Казахстан"	1	Vpf81hWKBDw	https://www.youtube.com/watch?v=Vpf81hWKBDw	Разговор с Муратом Абеновым : Ирина Смирнова	Гость программы Разговор с Муратом Абеновым – директор школы-лицея №48 г. Алматы Смирнова Ирина Владимировна. Тема программы – реформа среднего образования.	UC_DfXme3YLr-sXkKenXIpXQ	MURAT ABENOV	2015-05-05T14:03:01Z	PT14M58S	145	1	0	80	surname-in-title,name-tokens:3/3	SUGGESTED		2026-08-16T22:00:10Z
npk	63	Смирнова Ирина Владимировна	1960	депутат VIII созыва Мажилиса Парламента Республики Казахстан, государственный и общественный деятель	"""Смирнова Ирина Владимировна"" Казахстан"	2	WR_jYEvXMLE	https://www.youtube.com/watch?v=WR_jYEvXMLE	КАКИЕ ПРОБЛЕМЫ В ЗДРАВООХРАНЕНИИ ВСКРЫЛА ПАНДЕМИЯ	"ОНЛАЙН ДЕБАТЫ #САЙЛАУ2021
 ◼️КАК ПРОХОДЯТ ИЗБИРАТЕЛЬНЫЕ КОМПАНИИ ПАРТИЙ 
 ◼️ Что предлагают предпринять Партии❓

В онлайн дебатах участвуют:
 🎙️От политической партии «Адал» - Ордабаев Олжас Темирбекович- Заместитель Председателя Правления Национальной палаты предпринимателей РК «Атамекен»
 🎙️От НПК – Смирнова Ирина Владимировна - Член Комитета по финансам и бюджету Мажилиса Парламента Республики Казахстан, Депутат Мажилиса Парламента РК VI созыва.

Модерировать буду я Мурат Абенов.

 ❓📱ЗАДАЙТЕ СВОЙ ВОПРОС ПАРТИЯМ В КОММЕНТАРИЯХ ПОД ПОСТОМ ЭФИРА!
Мы зададим их представителям партий и озвучим в прямом эфире!

 
🟦https://www.facebook.com/Kun.KZ.Media/"	UCKJpIwFVcN5rtCyTcMkVhcA	KUN KZ	2020-12-25T02:12:55Z	PT1H1M26S	46	3	0	80	surname-in-metadata,name-tokens:3/3,context:депутат,и,казахстан,мажилиса,парламента	SUGGESTED		2026-08-16T22:00:10Z
npk	63	Смирнова Ирина Владимировна	1960	депутат VIII созыва Мажилиса Парламента Республики Казахстан, государственный и общественный деятель	"""Смирнова Ирина Владимировна"" Казахстан"	3	iU22zzpfknA	https://www.youtube.com/watch?v=iU22zzpfknA	Выступление Смирновой Ирины Владимировны на   Пленарном заседание Мажилиса 29 04 2020	Смирнова Ирина Владимировна - член Комитета по финансам и бюджету Мажилиса Парламента Республики Казахстан	UCwzNVer8m7Dsf6axo9xa69A	Коммунистическая Народная партия Казахстана. КНПК	2020-04-29T19:30:44Z	PT5M5S	1403	77	1	80	surname-in-metadata,name-tokens:3/3,context:и,казахстан,мажилиса,парламента,республики	SUGGESTED		2026-08-16T22:00:10Z
npk	63	Смирнова Ирина Владимировна	1960	депутат VIII созыва Мажилиса Парламента Республики Казахстан, государственный и общественный деятель	"""Смирнова Ирина Владимировна"" Казахстан"	4	Cgi8V_SASsk	https://www.youtube.com/watch?v=Cgi8V_SASsk	От налоговых споров к налоговому диалогу: внедрение института рулинга в Казахстане	"Тема:
От налоговых споров к налоговому диалогу: внедрение института рулинга в Казахстане

● Налоговый рулинг: концепция, правовая природа и модели внедрения;
● Налоговые рулинги на практике: кейсы из опыта зарубежных стран;
● Правовая определенность в налогообложении: почему Казахстану необходим институт налогового рулинга;
● Ответы на вопросы участников.

Спикер:
Смирнова Ирина Владимировна
депутат Мажилиса Парламента РК от Народной партии Казахстана

Спикер:
Надточий Михаил Дмитриевич
Советник председателя Палаты юридических консультантов “LEGALMAN” 

Спикер:
Надточий Владислав Дмитриевич
Советник председателя Палаты юридических консультантов “LEGALMAN”, директор ТОО «Интеллект Партнерс» 

Спикер:
Токмурзина Дана Айтмаганбетовна
к.ю.н., Управляющий партнер ТОО «Fortune Partners». Преподаватель налогового права Maqsut Narikbayev University. Экс-судья Верховного Суда РК."	UC--T0aqkx0-taj9ZVJr0Ewg	PRG. | ПАРАГРАФ	2026-01-29T07:05:58Z	PT59M16S	519	10	0	76	surname-in-metadata,name-tokens:3/3,context:депутат,и,мажилиса,парламента	SUGGESTED		2026-08-16T22:00:10Z
npk	63	Смирнова Ирина Владимировна	1960	депутат VIII созыва Мажилиса Парламента Республики Казахстан, государственный и общественный деятель	"""Смирнова Ирина Владимировна"" Казахстан"	5	IR5XrRIM0eU	https://www.youtube.com/watch?v=IR5XrRIM0eU	Ирина Смирнова: «Мы есть и Народ!»	"Ирина Смирнова: «Мы есть и Народ!»

#қазақстанхалықпартиясы #народнаяпартияказахстана #казахстан #нпк  #Shorts"	UC7KHPrzcEkEyuiCoHsGg98g	НПК | Народная партия Казахстана	2026-08-12T20:28:23Z	PT1M23S	294	9	1	76	surname-in-title,name-tokens:2/3,context:и,казахстан	SUGGESTED		2026-08-16T22:00:10Z
npk	65	Сұңқар Ислам Еркінұлы	1995	депутат VIII созыва Мажилиса Парламента Республики Казахстан, руководитель молодежного крыла ОО «Народная партия Казахстана»	"""Сұңқар Ислам Еркінұлы"" Казахстан"	1	2bbhzlqaoMs	https://www.youtube.com/watch?v=2bbhzlqaoMs	"В гостях программы ""О Ком? О Чем?"" - Ислам Сункар"	"Сұңқар Ислам Еркінұлы
Родился в с. Фрументьевка,  Качирского района, Павлодарской области. 
Окончил Евразийский Национальный университет им. Л.Н. Гумилева по специальности «Филология», обучился в Санкт-Петербургском государственном университете по программе академической мобильности и  получил степень магистра гуманитарных наук в Евразийском национальном университете им. Л.Н. Гумилева.
Трудовую деятельность начал интервьюером в Общественном Фонде «Сана», был ответственным организатором в Астанинского городского филиала ОО «Народная партия Казахстана», был общественным помощником депутата Мажилиса Парламента РК. Преподавал на кафедре казахской и русской филологии Евразийского гуманитарного института им.А.К.Кусаинова г. Астаны, а также работал учителем русского языка и литературы в «Школа-лицей №59» г.Астаны. Продолжил трудовую деятельность советником по вопросам молодежной политики Секретаря ЦК ОО «Народная партия Казахстана», ведущим экспертом отдела медиа сопровождения и издательской деятельности ОО «Народная партия Казахстана», затем был заместителем начальника организационного отдела центрального аппарата.
С марта текущего года – депутат Мажилиса Парламента Республики Казахстан, член Комитета по аграрным вопросам. 
Является членом политического Совета и членом Бюро Народной партии Казахстана.
Награжден Благодарственным письмом Президента Республики Казахстан К.Ж.Токаевым."	UCOpK7GEG0wWeiGrdVKstEdQ	Red Mark	2023-06-02T05:33:25Z	PT46M58S	303	11	1	80	surname-in-metadata,name-tokens:3/3,context:депутат,казахстан,казахстана,мажилиса,народная	SUGGESTED		2026-08-16T22:00:11Z
npk	65	Сұңқар Ислам Еркінұлы	1995	депутат VIII созыва Мажилиса Парламента Республики Казахстан, руководитель молодежного крыла ОО «Народная партия Казахстана»	"""Сұңқар Ислам Еркінұлы"" Казахстан"	2	Ld-P9-_YYUg	https://www.youtube.com/watch?v=Ld-P9-_YYUg	Мәжіліс депутаты Ислам Сұңқар. Жұмыс есебі. Парламент. Аграрлық мәселелер комитеті.	"ҚХП депутаттары Ислам Сұңқар, Ирина Смирнова, Гаухар Танашева және Кенжеғұл Сейітжан Мәжіліс комитеттеріндегі қызметі және партияның өңірлік филиалдарымен сындарлы ынтымақтастығы нақты нәтиже бергенін баяндады.

– Күзде жүзеге асыратын жоспарымыз бар, – деп атап өтті мәжілісмендер. – Өңірлер бізді қолдап, көмек көрсетеді деп үміттенеміз. Біз аймақтық деңгейде шешілмей жатқан мәселелерден хабардан болуымыз керек.

#халықпартиясы
#народнаяпартияказахстана
#депутатымажилиса
#депутатымаслихата
#қазақстан
#казахстан"	UCYq_KOlsxp8H2r3GIq6hWtA	Қазақстан Халық партиясы	2023-07-10T11:27:03Z	PT5M19S	2312	28	4	72	surname-in-title,name-tokens:2/3,context:казахстан	SUGGESTED		2026-08-16T22:00:11Z
npk	65	Сұңқар Ислам Еркінұлы	1995	депутат VIII созыва Мажилиса Парламента Республики Казахстан, руководитель молодежного крыла ОО «Народная партия Казахстана»	"""Сұңқар Ислам Еркінұлы"" Казахстан"	3	SvhqfYTofQc	https://www.youtube.com/watch?v=SvhqfYTofQc	Парламент жұмысының қорытындысы. Ислам Сұңқар	"Ислам Сұңқар, ҚР Парламенті Мәжілісінің депутаты

#Жаңалықтар #Новости #24KZ #хабар24"	UCnAFKvDuqBGkIfV8Vn0J_CQ	Телеканал 24kz	2025-06-30T08:55:06Z	PT8M8S	95	0	0	68	surname-in-title,name-tokens:2/3	SUGGESTED		2026-08-16T22:00:11Z
npk	65	Сұңқар Ислам Еркінұлы	1995	депутат VIII созыва Мажилиса Парламента Республики Казахстан, руководитель молодежного крыла ОО «Народная партия Казахстана»	"""Сұңқар Ислам Еркінұлы"" Казахстан"	4	_Ko65xFAcmo	https://www.youtube.com/watch?v=_Ko65xFAcmo	Мәжіліс депутаты Ислам Сұңқар Көксу қант зауытына барды	Агроөндірістік кешенді өркендету - мемлекеттік маңызға ие. Бүгін ҚР Парламенті Мәжілісінің депутаты Ислам Сұңқар Көксу қант зауытына барды. Алып кәсіпорынның тыныс-тірлігмен танысып, ұжымымен кездесті.	UCYL35OiKUB-BIdniCGp5kLw	Жетісу телеарнасы	2025-07-05T09:27:07Z	PT2M39S	228	0	0	68	surname-in-title,name-tokens:2/3	SUGGESTED		2026-08-16T22:00:11Z
npk	65	Сұңқар Ислам Еркінұлы	1995	депутат VIII созыва Мажилиса Парламента Республики Казахстан, руководитель молодежного крыла ОО «Народная партия Казахстана»	"""Сұңқар Ислам Еркінұлы"" Казахстан"	5	t0WuwvKjgyk	https://www.youtube.com/watch?v=t0WuwvKjgyk	Азық-түлік бағасын тұрақтандыруға не кедергі? | Ислам Сұңқар	"Мәжіліс депутаты Ислам Сұңқар Ауыл шаруашылығы министрлігінің өкілінен әлеуметтік маңызы бар азық-түлік тауарларының бағасын тұрақтандыруға не кедергі екенін сұрады.

#мәжілісотырысы #мәжіліс #депутатсауалы #жаңалықтар #исламсұңқар #халықпартиясы #народнаяпартия #продукты #продуктыпитания #азықтүлік #цены #инфляция 

ӘЛЕУМЕТТІК ЖЕЛІЛЕР:
Instagram: https://www.instagram.com/minber.kz/?igsh=MTlidXE0YTk3YnB5cQ%3D%3D# 
Facebook: https://www.facebook.com/minberkz/
YouTube: https://www.youtube.com/@UCstUsyjSW_N83GwdtW5T9nw 
Tik-tok: https://www.tiktok.com/@minber.kz?_t=ZM-90xAC8Cua2i&_r=1 
Telegram: https://t.me/minber_media"	UCstUsyjSW_N83GwdtW5T9nw	Minber KZ 	2025-12-27T14:30:59Z	PT2M37S	16	1	0	68	surname-in-title,name-tokens:2/3	SUGGESTED		2026-08-16T22:00:11Z
osdp	8	Ауесбаев Нурлан Сатыбалдиевич	1957	депутат Мажилиса Парламента VIII созыва	"""Ауесбаев Нурлан Сатыбалдиевич"" Казахстан"	0												0	no-video-results	NO_RESULT		2026-08-16T22:00:12Z
respublica	43	Куспеков Олжас Хайроллаевич	1986	депутат Мажилиса Парламента VIII созыва	"""Куспеков Олжас Хайроллаевич"" Казахстан"	0												0	no-video-results	NO_RESULT		2026-08-16T22:00:13Z
respublica	55	Наумова Динара Рустамовна	1997	депутат Мажилиса Парламента РК VIII созыва	"""Наумова Динара Рустамовна"" Казахстан"	1	6sXIIj9CwVI	https://www.youtube.com/watch?v=6sXIIj9CwVI	🎙Динара Наумова | Развитие государственного языка среди молодежи и в медиа	"Экспертно-аналитический подкаст «Ой қозғау».  
Государственный язык-общая духовная ценность казахстанского общества. От  воспитания в семье и качества обучения в  организациях образования формируется уважительное отношение к государственному языку. 
Гость подкаста:  Наумова Динара Рустамовна -  депутат, член Комитета по законодательству и судебно-правовой реформе Мажилиса Парламента Республики Казахстан, член совета по молодёжной политике при президенте Республики Казахстан.

00:00 Тизер
00:35 Начало
02:29 Вы Обладатель президентского гранта «Тәуелсіздік ұрпактары». Какой смысл заложен в данный грант?
07:34 На каком языке проходят заседания Парламента 8-го  созыва и комитетов? Стал ли приоритетом  разработка Законодательных актов на государственном языке?
12:38  Наблюдается ли позитивные сдвиги   среди молодежи по отношению к государственному  языку?
15:54 О Вашем депутатском запросе о необходимости реформирования системы профориентации.
21:08 О цифровом контенте на государственном языке?
27:44 Поднимаются ли в Парламенте вопросы  о книгоиздании на государственном языке? 
30:13  Какие  нужны механизмы  и условия для  улучшения изучения государственного языка?
34:48 Завершение"	UCKJpIwFVcN5rtCyTcMkVhcA	KUN KZ	2024-03-13T15:05:50Z	PT34M59S	86	1	0	96	surname-in-title,name-tokens:3/3,context:депутат,мажилиса,парламента,созыва	SUGGESTED		2026-08-16T22:00:14Z
respublica	55	Наумова Динара Рустамовна	1997	депутат Мажилиса Парламента РК VIII созыва	"""Наумова Динара Рустамовна"" Казахстан"	2	bnQaa1MnefM	https://www.youtube.com/watch?v=bnQaa1MnefM	«JAS KEÑES SIYLIGI – 2025» ЖАСТАР СЫЙЛЫҒЫ/ПРЕМИЯ «JAS KEÑES SIYLIGI» 2025	"📍 Тақырыбы: «JAS KEÑES SIYLIGI – 2025» ЖАСТАР СЫЙЛЫҒЫ

📍 Тема: ПРЕМИЯ «JAS KEÑES SIYLIGI» 2025 

📌 Спикерлер: НАУМОВА ДИНАРА РУСТАМҚЫЗЫ – ҚАЗАҚСТАН РЕСПУБЛИКАСЫ ПАРЛАМЕНТІ МӘЖІЛІСІНІҢ ДЕПУТАТЫ  

ҚАБЕГЕНОВ АСЛАН БЕРІКБЕКҰЛЫ – ҚАРАҒАНДЫ ОБЛЫСЫ ЖАСТАР САЯСАТЫ МӘСЕЛЕЛЕРІ ЖӨНІНДЕГІ БАСҚАРМАСЫНЫҢ ЖАСТАР РЕСУРСТЫҚ ОРТАЛЫҒЫНЫҢ АҚПАРАТТЫҚ САЯСАТ ЖӘНЕ КОММУНИКАЦИЯ БӨЛІМІНІҢ БАСШЫСЫ

📌 Спикеры: НАУМОВА ДИНАРА РУСТАМОВНА - ДЕПУТАТ МАЖИЛИСА ПАРЛАМЕНТА РЕСПУБЛИКИ КАЗАХСТАН

КАБЕГЕНОВ АСЛАН БЕРИКБЕКОВИЧ - РУКОВОДИТЕЛЬ ОТДЕЛА ИНФОРМАЦИОННОЙ ПОЛИТИКИ И КОММУНИКАЦИИ МОЛОДЕЖНОГО РЕСУРСНОГО ЦЕНТРА КАРАГАНДИНСКОЙ ОБЛАСТИ УПРАВЛЕНИЯ ПО ВОПРОСАМ МОЛОДЕЖНОЙ ПОЛИТИКИ КАРАГАНДИНСКОЙ ОБЛАСТИ"	UC2QvTl5-GIea3Ux7Eugytgw	Қарағанды Өңірлік Коммуникациялар Қызметі РСК КРГ	2025-07-11T22:23:41Z	PT21M30S	45	1	0	72	surname-in-metadata,name-tokens:3/3,context:депутат,мажилиса,парламента	SUGGESTED		2026-08-16T22:00:14Z
respublica	55	Наумова Динара Рустамовна	1997	депутат Мажилиса Парламента РК VIII созыва	"""Наумова Динара Рустамовна"" Казахстан"	3	oALYPofdrnU	https://www.youtube.com/watch?v=oALYPofdrnU	«Жастар кәсіпкерлігін қолдау жөніндегі шаралар туралы»	"Тақырыбы/Тема:
«Жастар кәсіпкерлігін қолдау жөніндегі шаралар туралы»

/«О мерах по поддержке молодежного предпринимательства»

Спикерлер/Спикеры:
«ҚР Мәдениет және ақпарат министрлігі Жастар және отбасы істері комитеті төрағасының орынбасары Құспан Роллан Қабылұлы;»
«Азаматтық бастамаларды қолдау орталығы» комерциялық емес ақционерлік қоғамы Басқарма төрағасының міндетін атқарушы Ашкин Арман Айтуғанұлы;»
«Түпқараған жастары» қоғамдық бірлестігінің төрағасы, 2023 жылы Алматы қаласы және Маңғыстау облысында «Zhas project» жобасын іске асыру бойынша грант алушы Мағдатов Наурызбек Серікұлы;»
«ҚР Мәжілісінің депутаты, 2021 жылы «Тәуелсіздік ұрпақтары» грантының иегері Наумова Динара Рустамқызы;»

/«Заместитель председателя Комитета по делам молодежи и семьи МКИ РК Құспан Роллан Қабылұлы;»
«Исполняющий обязанности председателя Правления некоммерческого акционерного общества «Центр поддержки гражданских инициатив» Ашкин Арман Айтуганович;»
«Председатель общественного объединения «Түпқараған жастары», грантополучатель по реализации проекта «Zhas project» 2023 году в г. Алматы и Мангистауской области Мағдатов Наурызбек Серікұлы;»
«Депутат Мажилиса РК, грантообладатель «Тәуелсіздік ұрпақтары» 2021 г. Наумова Динара Рустамовна;»

МОДЕРАТОР: Маржан Бахтиярқызы"	UCB8Fk28jdzWpemE2hl2PYMA	ОРТАЛЫҚ КОММУНИКАЦИЯЛАР ҚЫЗМЕТІ	2023-10-10T18:40:54Z	PT28M51S	378	1		72	surname-in-metadata,name-tokens:3/3,context:депутат,мажилиса,рк	SUGGESTED		2026-08-16T22:00:14Z
respublica	60	Смолякова Екатерина Сергеевна	1987	депутат Мажилиса Парламента РК VIII созыва	"""Смолякова Екатерина Сергеевна"" Казахстан"	1	tmF0qpJQU4M	https://www.youtube.com/watch?v=tmF0qpJQU4M	Психологтар қызметі заңмен реттеледі. Екатерина Смолякова	"Смолякова Екатерина Сергеевна, ҚР Парламенті Мәжілісінің депутаты 

#жаңалықтар #новости #24KZ #хабар24 #казахстан"	UCnAFKvDuqBGkIfV8Vn0J_CQ	Телеканал 24kz	2026-04-08T15:31:47Z	PT6M20S	46	0	0	80	surname-in-title,name-tokens:3/3	SUGGESTED		2026-08-16T22:00:15Z
respublica	60	Смолякова Екатерина Сергеевна	1987	депутат Мажилиса Парламента РК VIII созыва	"""Смолякова Екатерина Сергеевна"" Казахстан"	2	lBXMFZpdEpA	https://www.youtube.com/watch?v=lBXMFZpdEpA	Қазақша түс көремін..	"Қазақша ойланамын, қазақша түс көремін..

🎙️Бүгін «Ұлт аманаты» бағдарламасы | 20:00

Бағдарлама қонағы — депутат Смолякова Екатерина Сергеевна.

Сұхбат барысында:
— Қазақ тілінің бүгінгі қоғамдағы рөлі
— Мемлекеттік тілдің мәртебесін арттыру жолдары
— Балаларға арналған қазақша контенттің маңызы мен оны көбейту қажеттігі

Жүргізуші — диктор Қуат Ахметжан.

Толық нұсқасын көріп, ойыңызды бөлісуді ұмытпаңыз 👇
📍 YouTube — Alqaradio.kz"	UCfekSUmZIndU2uQzLavQZSg	ALQA radiosy	2026-04-22T19:00:40Z	PT1M1S	810	26	0	64	surname-in-metadata,name-tokens:3/3,context:депутат	SUGGESTED		2026-08-16T22:00:15Z
respublica	66	Тау Нургул	1973	депутат Мажилиса Парламента РК VIII созыва	"""Тау Нургул"" Казахстан"	1	Oos0TWDLd5E	https://www.youtube.com/watch?v=Oos0TWDLd5E	Проблемы санаторно-курортного лечения лиц с инвалидностью, в том числе портала социальных услуг	"На этот раз в парламенте депутат рассказал о многолетней проблеме, которая касается санаторно-курортного лечения людей с ограниченными возможностями. 
Кенжегул С.: 

Первая проблема — это есть список предоставляемых услуг. Это массаж, лазерные услуги, но не во всех санаторно-курортных  организациях они есть.
 Правительство вкладывает деньги, но эти организации не дают ту услугу, которую восстанавливают человека с инвалидностью, улучшить свое здоровье. В каждой организации должны быть оборудованные кабинеты ЛФК, но это не у всех есть. Имеются проблемы с предоставлением СМС кодов при заезде в санаторий, при этом не учитываются фишинговые риски, кибер атаки. 

Жаслан: 

Ещё до введения социального портала у нас управление занятости Астана отправляло в реабилитационный центр, это бывший пионерский лагерь. Там минеральных ванн нет. Они просто  набирают воду из-под крана, подключают туда какие-то электроды. Какой толк от этого? Полностью не получаешь всех процедур.  Питание у них тоже слабое. И доступность слабая. Тренажерного зала я вообще не видел. 

ООИ ""Подранки - Шарасыздар: 

Эти санатории построены давно. Тогда были СНИП советских времен. Их перестроить невозможно. Бассейны, грязелечебницы расположены в таких местах, куда лицо с инвалидностью, например, опорник попасть априори не может. Проще полностью снести. Практически все санатории в частных руках. Портал для лиц с инвалидностью. Его архитектура недоброжелательная, сложная для восприятия. И даже не только для лиц с инвалидностью, а в целом. Поставщики публикуют фото номеров, помещений. По ним сложно сказать, насколько они адаптированы, насколько они комфортны. Существует сложность выбора поставщика по дате заезда. Более того, мы обращались в Антикор по поводу анализа портала, и в своем заключении антикоррупционная служба сказала, что этот портал закрытый, он не дает возможность мониторить и оценивать деятельность этих санаторно-курортных организаций. При этом надо понимать, что это бюджетные деньги. 

В МТСЗН РК разъяснили новый порядок выдачи путевок. С позиций чиновников минсоцзащиты. Алтынай Мусагайзина, гл. эксперт. 
 «Если лицо с инвалидностью съездило в санаторий и у него есть жалобы на качество услуг или по доступу, то он может подать заявку на портале социальных услуг в личном кабинете. Заявку рассматривает комиссия, направляет письмо поставщику об устранении этих нарушений».

Ремарка: 
Для проведения этой процедуры, прежде всего, следует попасть туда, например, приобрести билет, выехать по месту нахождения санатория. По прибытию же выяснится, что безбарьерная среда отсутствует. В этом случае, коим образом бенефициар может оценить качество услуг при отсутствии их получения, то есть жалоба рассматриваться не будет? Кто возместит ему стоимость расходов, и в целом моральный ущерб и в какие сроки? Возможно, комиссия, которая допустила недобросовестного поставщика, однако в НПА подобные меры отсутствуют, что означает возложение дополнительного бремени, в том числе финансового на инвалида, который вряд ли будет заниматься этими процедурами. 
Кроме того, для подачи жалобы необходимо зайти на портал, что требует авторизации и иных действий, которые кто то должен помочь получить, следовательно, он должен будет вынужден выехать в отдел занятости за получением этой помощи, будет ли он этим заниматься, более чем уверена, что нет. 

Жаслан: Я предлагаю монетизацию, навести порядок в их документации. Тот же самый классификатор привести к стандарту с их приказами, чтобы одно не противоречило другому. 

Пс: Депутатские запросы. Дата и рег. и номер запроса. 21.11.2024, ДС-397. Инициатор запроса - СЕЙТЖАН Кенжеғұл Социалович 
Участники запроса - БЕЙСЕНБАЕВ Ержан , САГАНДЫКОВА Ажар , АУЕСБАЕВ Нурлан , ТАУ Нургул , АМАНТАЙ Жаркынбек , НУРУМОВА Гульдара , АБДИЕВ Ерлан , СУНКАР Ислам , СМИРНОВА Ирина , ТАНАШЕВА Гаухар , МАГЕРРАМОВ Магеррам. 
Адресат ПРЕМЬЕР-МИНИСТР РК - Олжас Абаевич. 
По проблемам получения санаторно-курортного лечения для лиц с инвалидностью 
https://mazhilis.parlam.kz/#/activity/deputys-requests/request?id=8639 
Полный текст запроса:
 https://dzen.ru/a/Z0XV20cuxwl7MLpl"	UCCzW_6YgHg5e_gwnNYILP7w	ООИ Шарасыздар	2024-11-27T02:11:42Z	PT8M41S	62	3	0	68	surname-in-metadata,name-tokens:2/2,context:депутат,рк	SUGGESTED		2026-08-16T22:00:16Z
respublica	66	Тау Нургул	1973	депутат Мажилиса Парламента РК VIII созыва	"""Тау Нургул"" Казахстан"	2	et3_0DJv_Dg	https://www.youtube.com/watch?v=et3_0DJv_Dg	Пишите в Мажилис! На имена конкретных депутатов! Объясняйте им, что вы против двух законопроектов	"Друзья! Время не ждет! Пишите в Мажилис! Пишите в обращениях имена конкретных депутатов! Объясняйте им, что вы против двух законопроектов: 1) который вводит институт профессиональных приемных семей, 2) который вводит штрафы за неопределенный буллинг, позволяет за воспитательный процесс штрафовать родителя или даже сажать в тюрьму. Это ювенальные законопроекты, они нацелены на разрушение семей и отъем детей.

Аймагамбетов Асхат
Тау Нургул
Ауесбаев Нурлан
Ашимжанов Жанарбек
Бейсенбаев Елнур
Бексултанов Кудайберген
Заитов Ренат
Иса Казыбек
Мукаев Даулет
Мусралимова Айна

Можно еще писать депутатам из правового комитета, кстати, можно им заодно и звонить:
Комиитет по законодательству и судебно-правовой реформе.
1.Имашева Снежана Валерьевна Тел:74-62-91 @snezhannaimasheva
2.Магеррамов Мегаррам Мамедович Тел:74-65-35 @magerram_
3.Амантай Жаркынбай Тел:74-61-76 @zharkynbekamantai
4.Арсютин Николай Геннадьевич Тел:74-67-65 @arsytin_nikolai
5.Базарбек Бакытжан Жумабекулы Тел:74-67-29 @bakytzhan.bazarbek
6.Балабиев Кайрат Рахимович Тел:74-67-60 @kairat_balabiyev
7.Башимов Марат Советович Тел:7467-80
@maratbashimov
8.Дементьева Наталья Григорьевна Тел:74-67-56 @natalia.dementyeva.kz
9.Исабеков Данабек Ержанович Тел:74-67-56 @isabekov_danabek
10.Колода Дмитрий Владимирович Тел:74-67-41 @koloda.dmitrii
11.Құспан Абзал Темірғалиұлы Тел:74-63-55 @abzalkuspan
12.Наумова Динара Рустамовнв Тел:74-63-48 @naumova_dinara
13.Садыков Аскар Аманбаевич Тел:74-67-51 @askar_sadykov
14.Шапак Унзила Тел:74-67-52 @unzila_shapak"	UCaXSk-bqSNZqbWbVCRWaTqg	Казахстанский Союз Родителей РОО	2024-02-25T13:45:11Z	PT1M16S	111	21	3	64	surname-in-metadata,name-tokens:2/2,context:мажилис	SUGGESTED		2026-08-16T22:00:16Z
respublica	75	Ходжаназаров Айдарбек Асанович	1983	депутат Мажилиса Парламента РК VIII созыва	"""Ходжаназаров Айдарбек Асанович"" Казахстан"	1	WZbZ80g7KOk	https://www.youtube.com/watch?v=WZbZ80g7KOk	Айдарбек Ходжаназаров просит убрать утильсбор на отдельные виды сельхозтехники	Депутат мажилиса просит убрать утилизационный сбор на сельхозтехнику, аналоги которых не производятся в Казахстане. Это кормоуборочные, картофелеуборочные и рисоуборочные комбайны.	UCkU8rW25-dntjPOlGVB0QeA	World of NAN	2023-10-11T05:39:23Z	PT59S	5343	140	12	76	surname-in-title,name-tokens:2/3,context:депутат,мажилиса	SUGGESTED		2026-08-16T22:00:17Z
respublica	75	Ходжаназаров Айдарбек Асанович	1983	депутат Мажилиса Парламента РК VIII созыва	"""Ходжаназаров Айдарбек Асанович"" Казахстан"	2	x1xNl8x-6C4	https://www.youtube.com/watch?v=x1xNl8x-6C4	Айдарбек Ходжаназаров vs Дания Еспаева. SAILAU Talks в прямом эфире.	"#курултай2026 #выборы #дебаты #республика #акжол #айдарбекходжаназаров #данияеспаева #динарасатжан #адильсейфуллин #respublica #акжолреспублика #дебатысатжан #sailautalks 


00:00 SAILAU Talks 
00:54 Дания Еспаева
01:30 Айдарбек Ходжаназаров
02:00 «Ақ жол» vs «Respublica»
02:45 Что партия «Ақ жол» сделала за 24 года? 
07:02 Respublica: результаты за 4 года, что реально сделали?
10:00 «Respublica» называет «Ақ жол» популистами, почему?
14:35 «Я категорически не согласна»: Дания Еспаева ответила на обвинения в популизме 
18:51 Ермек Абильдин
21:00 «Всякие блогеры» - как Ходжаназаров ответил на критику? 
22:15 Respublica хочет сделать кредиты доступнее, долгов станет больше?
24:46 Закредитованность казахстанцев: что с этим делать? 
31:34 Зачем Respublica хочет усилить контроль над пенсионными деньгами?
32:25 Дания Еспаеваға қамшы сыйлады
33:50 Айдарбек Ходжаназаров о субсидиях
36:45 Эпоха „Ақ жол“ закончилась? Ответ Дании Еспаевой оппонентам.
39:00 «Respublica» - одноразовый политический проект?
41:10 Мем «Слон и Моська»: чей был заказ?
42:40 Respublica: «Мы знаем, кто был слоном в Парламенте, это был точно не „Ақ жол“»
43:50 Юрий Ли 
45:20 Айдарбек Ходжаназаров Абай Құнанбайұлы туралы
46:53 Ограничить выезд коррупционерам, решит ли это проблему?
48:16 В чем преимущества одноплатного Курултая?
52:13 Если через 5 лет ничего не изменится, уйдут ли лидеры «Ақ жол» и «Respublica»?"	UC9z1gwiDq3F0QFRMzieW8VQ	DINARA SATZHAN / ДИНАРА САТЖАН	2026-08-11T11:41:01Z	PT57M48S	16228	146	101	76	surname-in-title,name-tokens:2/3,context:respublica,партия	SUGGESTED		2026-08-16T22:00:17Z
respublica	75	Ходжаназаров Айдарбек Асанович	1983	депутат Мажилиса Парламента РК VIII созыва	"""Ходжаназаров Айдарбек Асанович"" Казахстан"	3	1BI5-rCXKL0	https://www.youtube.com/watch?v=1BI5-rCXKL0	НОВЫЙ ПРЕЗИДЕНТ КАЗАХСТАНА — АЙДАРБЕК ХОДЖАНАЗАРОВ!	"НОВЫЙ ПРЕЗИДЕНТ КАЗАХСТАНА — АЙДАРБЕК ХОДЖАНАЗАРОВ!

Смотрите эфир в YouTube на канале Мухтар Аблязов: 

❗️НАЗВАНИЕ ❗️ 
СЕВЕРНАЯ КОРЕЯ ВСТУПАЕТ В ВОЙНУ ПРОТИВ УКРАИНЫ. ПУТИН: ЕЩЁ 800 ТЫСЯЧ СОЛДАТ! АФЕРА ТОКАЕВА НА МЛРД!

ССЫЛКА: 
https://www.youtube.com/live/3NnYTYS1Ajg?si=2JhWV77_UpdxRvsn"	UC6wZggQydceHuEwIT5GUgBA	Информационный канал «16/12»	2026-08-10T12:59:26Z	PT2M46S	158674	3668	614	68	surname-in-title,name-tokens:2/3	SUGGESTED		2026-08-16T22:00:17Z
respublica	75	Ходжаназаров Айдарбек Асанович	1983	депутат Мажилиса Парламента РК VIII созыва	"""Ходжаназаров Айдарбек Асанович"" Казахстан"	4	35-5F1B4uOk	https://www.youtube.com/watch?v=35-5F1B4uOk	АЙДАРБЕК ХОДЖАНАЗАРОВ: ПОЛИТИЧЕСКАЯ ЭПОХА ТОКАЕВА ЗАКОНЧИЛАСЬ!	АЙДАРБЕК ХОДЖАНАЗАРОВ: ПОЛИТИЧЕСКАЯ ЭПОХА ТОКАЕВА ЗАКОНЧИЛАСЬ!	UC6wZggQydceHuEwIT5GUgBA	Информационный канал «16/12»	2026-08-06T12:48:29Z	PT1M48S	93237	2314	314	68	surname-in-title,name-tokens:2/3	SUGGESTED		2026-08-16T22:00:17Z
respublica	75	Ходжаназаров Айдарбек Асанович	1983	депутат Мажилиса Парламента РК VIII созыва	"""Ходжаназаров Айдарбек Асанович"" Казахстан"	5	8ecyQYhCOvY	https://www.youtube.com/watch?v=8ecyQYhCOvY	«Для меня не принципиальна важна квартира, зарплата депутата» - Айдарбек Ходжаназаров.		UC8dPCDTy8vZLL17wETs6tuw	Новости Казахстана	2023-03-29T09:57:54Z	PT56S	12772	408	101	68	surname-in-title,name-tokens:2/3	SUGGESTED		2026-08-16T22:00:17Z
adilet	43	Беспалинов Берген Маратович	1975	председатель филиала «Партия «Әділет» Акмолинской области	"""Беспалинов Берген Маратович"" Казахстан"	0												0	no-video-results	NO_RESULT		2026-08-16T22:00:18Z
adilet	54	Дәдебай Айбек Арқабайұлы	1980	председатель «Партии «Әділет»	"""Дәдебай Айбек Арқабайұлы"" Казахстан"	1	t-e_wnoMGlw	https://www.youtube.com/watch?v=t-e_wnoMGlw	"""Ауыл кітапханасына - 100 кітап"" акциясы"	Мемлекет басшысы Қасым-Жомарт Тоқаев «Адал адам-Адал еңбек-Адал табыс» атты мақаласында «Біз, ең алдымен, жастарды кітап оқуға баулуымыз керек. Сонда жаппай кітап оқитын ұлтқа айналамыз...» деген еді. Осы ретте, «Ауыл кітапханасына–100 кітап» акциясы аясында Ұлытау облыстық әмбебап кітапханасна қарасты Жезқазған қаласының орталықтандырылған кітапханалар жүйесі, Жаңаарқа ауданы С.Сейфуллин атындағы ОКЖ, Ұлытау ауданының ОКЖ ауылдық кітапханаларына Қазақстан Республикасы Президенті Қасым-Жомарт Тоқаев атынан 6 жиынтық және Президент Әкімшілігінің басшысы Дәдебай Айбек Арқабайұлы атынан 3 жиынтық сыйға тарту етті. “Ауыл кітапханасына– 100 кітап” акциясы аясында ауылдық кітапханаларға 124 атаумен, 1016 дана кітаптар табысталды. Кітапхана қорын толықтырған жаңа кітаптар жас ұрпақты оқуға, білімге жетелеп, рухани азық болады деп сенеміз.	UCp80RluK82TsB5pf9enZ7hg	Ұлытау облыстық әмбебап кітапханасы	2024-10-08T12:16:39Z	PT1M8S	10	0	0	60	surname-in-metadata,name-tokens:3/3	SUGGESTED		2026-08-16T22:00:19Z
adilet	167	Толыбаев Нурлан Алишерович	1986	председатель Туркестанского областного филиала «Партия «Әділет»	"""Толыбаев Нурлан Алишерович"" Казахстан"	0												0	no-video-results	NO_RESULT		2026-08-16T22:00:20Z
adilet	169	Тулеушин Каныш Аманбаевич	1983	заместитель председателя «Партия «Әділет»	"""Тулеушин Каныш Аманбаевич"" Казахстан"	1	DSv-5kGkk5Y	https://www.youtube.com/watch?v=DSv-5kGkk5Y	Тулеушин Каныш Аманбаевич - Astana Invest 2012	"Вопросы для обсуждения:
- Инвестиционные возможности и перспективы Астаны.
- Астана-сердце Евразии и ворота в Таможенный Союз.
- Инвестиции в «умную» столицу (в «умный город»)."	UC6EOrlp84-U8YK8MFRBRNuA	AstanaEconomicForum	2013-01-04T03:39:02Z	PT7M32S	357	1	0	80	surname-in-title,name-tokens:3/3	SUGGESTED		2026-08-16T22:00:21Z
adilet	169	Тулеушин Каныш Аманбаевич	1983	заместитель председателя «Партия «Әділет»	"""Тулеушин Каныш Аманбаевич"" Казахстан"	2	HlMinBfPwug	https://www.youtube.com/watch?v=HlMinBfPwug	Тулеушин Каныш Аманбаевич - VII Инновационный конгресс	"VII Инновационный конгресс: «Инновационный бизнес - путь к конкурентоспособной экономике»

Вопросы для обсуждения:
- Подведение итогов реализации ГПФИИР за период с 2010 по
2012 годы.
- Изучить передовой зарубежный опыт инновационного
развития и инструментов государственной поддержки
инноваций"	UC6EOrlp84-U8YK8MFRBRNuA	AstanaEconomicForum	2012-10-15T10:24:16Z	PT14M43S	900	3	1	80	surname-in-title,name-tokens:3/3	SUGGESTED		2026-08-16T22:00:21Z
adilet	169	Тулеушин Каныш Аманбаевич	1983	заместитель председателя «Партия «Әділет»	"""Тулеушин Каныш Аманбаевич"" Казахстан"	3	-9Nn4pgaynw	https://www.youtube.com/watch?v=-9Nn4pgaynw	Выступление К.Тулеушина	"Астана, 29.11.2011 г.
На заседании Правительства Вице-министр индустрии и новых технологий Каныш Тулеушин представил Комплексный план повышения энергоэффективности Республики Казахстан на 2012-2015 годы."	UCwRzyQYUV_T_6KYXX2FJSLQ	Karim Massimov	2011-11-29T06:09:05Z	PT7M3S	2228	14	2	68	surname-in-title,name-tokens:2/3	SUGGESTED		2026-08-16T22:00:21Z
adilet	169	Тулеушин Каныш Аманбаевич	1983	заместитель председателя «Партия «Әділет»	"""Тулеушин Каныш Аманбаевич"" Казахстан"	4	-UPjuHf5nvc	https://www.youtube.com/watch?v=-UPjuHf5nvc	Интервью. Каныш Тулеушин	"Подписывайтесь на «Хабар 24»:
 https://www.youtube.com/c/tv24kz 
Наш сайт - https://24.kz 
Facebook - https://www.facebook.com/tvkhabar24/ 
Instagram - https://www.instagram.com/tvkhabar24/ 
Telegram - https://t.me/tvkhabar24
Twitter - https://twitter.com/tvkhabar24 
Vkontakte - https://vk.com/tvkhabar24"	UCnAFKvDuqBGkIfV8Vn0J_CQ	Телеканал 24kz	2013-12-13T09:28:14Z	PT9M42S	1692	12	0	68	surname-in-title,name-tokens:2/3	SUGGESTED		2026-08-16T22:00:21Z
adilet	169	Тулеушин Каныш Аманбаевич	1983	заместитель председателя «Партия «Әділет»	"""Тулеушин Каныш Аманбаевич"" Казахстан"	5	zMfk1e31bdA	https://www.youtube.com/watch?v=zMfk1e31bdA	TechConnect Astana – Kanysh Tuleushin 12.11.2015	"Kanysh Tuleushin, Managing director at JSC “NH “Baiterek”, talks about “KAZAKHSTAN” brand.

Каныш Тулеушин о брэнде «Казахстан» 

Event is powered by the Ministry for Investments and Development of the Republic of Kazakhstan, NATD and Business Accelerator Happy Farm

http://techconnect.tech/"	UCOqjd-nKkKPNmAxSFHIjyEA	TechConnect.Tech	2016-01-30T22:11:14Z	PT8M24S	245	1	0	48	surname-in-metadata,name-tokens:2/3	SUGGESTED		2026-08-16T22:00:21Z
ak_zhol	1	Абильдин Ермек Толеуулы	1980	председатель Карагандинского областного филиала ДПК «Ак жол»	"""Абильдин Ермек Толеуулы"" Казахстан"	1	JPY6Qf2OoDQ	https://www.youtube.com/watch?v=JPY6Qf2OoDQ	Абильдин Ермек Толеуулы принял участие в программе «YAQYT.KZ»	"Председатель Карагандинского областного филиала партии «Ак жол», депутат Карагандинского областного Маслихата, Президент Казахстанской ассоциации предпринимателей Абильдин Ермек Толеуулы принял участие в программе «YAQYT.KZ» на телеканале «SARYARQA». Ермек Абильдин ответил на главный вопрос программы о том, какие меры предпринимаются для поддержки предпринимательства в Карагандинском регионе. В первую очередь депутат отметил, что для поддержки бизнеса в стране делается очень многое: мораторий на проведение проверок предпринимателей в срок до 2024 года; освобождение от уплаты налогов; реализация различных государственных программ по развитию малого и среднего бизнеса; утвержден национальный проект по развитию предпринимательства на 2021-2025 годы. В то же время Ермек Абильдин отметил, что необходимо менять налоговую политику путем введения дифференцированного подхода налогообложения, а также политику банков по отношению к залоговому имуществу предпринимателей. Вопрос поддержки и наставничества молодых предпринимателей является еще одним направлением, на которое необходимо обратить внимание, поскольку отсутствие юридической и бухгалтерской грамотности у предпринимателя может привести к возникновению проблем с законодательством. Ермек Толеуулы призвал потенциальных и действующих предпринимателей сделать акцент именно на сферу производства, переработки. Все необходимое для этого предполагается.   
В ходе программы заместитель руководителя Управления  предпринимательства Карагандинской области Ерлан Ержанов озвучил статистические данные, процент зарегистрированных субъектов бизнеса и   фактически действующих предпринимателей. При этом Ерлан Ержанов отметил динамику роста субъектов МСБ и возможность занятия предпринимательством.
Гости программы озвучили риски в бизнесе, напомнили предпринимателям об ответственности за нецелевое использование выделенных денежных средств и о том, что начинающие и действующие предприниматели всегда могут обратиться за поддержкой в Казахстанскую ассоциацию предпринимателей, Управление предпринимательства, к депутатам."	UCgSAP3gUjiU7kmpQh_TyE7A	АҚ ЖОЛ Қарағанды облыстық филиалы	2022-10-18T06:29:41Z	PT15M4S	41	1	0	100	surname-in-title,name-tokens:3/3,context:ак,депутат,жол,карагандинского,областного	SUGGESTED		2026-08-16T22:00:22Z
ak_zhol	1	Абильдин Ермек Толеуулы	1980	председатель Карагандинского областного филиала ДПК «Ак жол»	"""Абильдин Ермек Толеуулы"" Казахстан"	2	NLR-ltPSZvg	https://www.youtube.com/watch?v=NLR-ltPSZvg	101 карагандинец #22 - Ермек Абильдин о гражданской позиции, предпринимателях и политике	"Сегодня в гостях у «101 карагандинца» правозащитник и общественный деятель Ермек Абильдин. Больше десяти лет он защищает права бизнесменов. А совсем недавно активно включился в общественную жизнь  сейчас он председатель Гражданского совета Караганды. С политикой правда,  пока не вяжется. В депутаты Маслихата, к сожалению, он не прошел (понятно, что смешным бюрократическим причинам). 
__
Официальный сайт: http://101tv.kz/
Группа ВК: https://vk.com/krg101tvkz
Группа ОК: http://ok.ru/group/52689637605590
Группа FB: https://www.facebook.com/groups/473599179492838/"	UCoMHnToV85af14jIQI6Is6Q	101tv.kz	2016-08-08T06:24:12Z	PT5M12S	446	8	0	72	surname-in-title,name-tokens:2/3,context:председатель	SUGGESTED		2026-08-16T22:00:22Z
ak_zhol	1	Абильдин Ермек Толеуулы	1980	председатель Карагандинского областного филиала ДПК «Ак жол»	"""Абильдин Ермек Толеуулы"" Казахстан"	3	_ttpJaR4GF4	https://www.youtube.com/watch?v=_ttpJaR4GF4	АБИЛЬДИН ЕРМЕК ТОЛЕУОВИЧ		UCrmaLE7CXfZ81xrQFDug-QA	КАЗАХСТАНСКАЯ АССОЦИАЦИЯ ПРЕДПРИНИМАТЕЛЕЙ	2014-12-23T10:52:16Z	PT1M	193	3	0	68	surname-in-title,name-tokens:2/3	SUGGESTED		2026-08-16T22:00:22Z
ak_zhol	1	Абильдин Ермек Толеуулы	1980	председатель Карагандинского областного филиала ДПК «Ак жол»	"""Абильдин Ермек Толеуулы"" Казахстан"	4	X_dFsg4pbSw	https://www.youtube.com/watch?v=X_dFsg4pbSw	Подмена абитуриентов	Сотрудник органов внутренних дел из Актюбинской области отправил вместо себя младшего брата на  тестирование в магистратуру. Подмену выявила мониторинговая группа при Департаменте по противодействию коррупции во время просмотра видео с камер наблюдения.Об этом сообщил в интервью председатель Специальной мониторинговой группы по Карагандинской области Абильдин Ермек Толеуулы.	UCgSAP3gUjiU7kmpQh_TyE7A	АҚ ЖОЛ Қарағанды облыстық филиалы	2019-08-14T03:59:30Z	PT1M13S	349	5	0	64	surname-in-metadata,name-tokens:3/3,context:председатель	SUGGESTED		2026-08-16T22:00:22Z
ak_zhol	1	Абильдин Ермек Толеуулы	1980	председатель Карагандинского областного филиала ДПК «Ак жол»	"""Абильдин Ермек Толеуулы"" Казахстан"	5	2UYLjDZUNHc	https://www.youtube.com/watch?v=2UYLjDZUNHc	БОРЬБА С КОРРУПЦИЕЙ В НОВОМ ФОРМАТЕ	Как противостоять коррупции учили международные эксперты в специальной летней школе. Эти лекции посетили депутаты, общественники, госслужащие, представители НПО, а также выступил президент Казахстанской ассоциации предпринимателей и сервисных услуг Абильдин Ермек Толеуулы	UCgSAP3gUjiU7kmpQh_TyE7A	АҚ ЖОЛ Қарағанды облыстық филиалы	2019-08-07T05:09:59Z	PT2M17S	22	1	0	60	surname-in-metadata,name-tokens:3/3	SUGGESTED		2026-08-16T22:00:22Z
ak_zhol	12	Егинбаев Ермек Молдакулович	1965	председатель филиала ДПК «Ак жол» области Жетісу, председатель постоянной комиссии областного маслихата области Жетісу, область Жетісу	"""Егинбаев Ермек Молдакулович"" Казахстан"	0												0	no-video-results	NO_RESULT		2026-08-16T22:00:23Z
ak_zhol	19	Жутаев Махаббат Сагынбаевич	1968	председатель Костанайского областного филиала ДПК «Ак жол», председатель постоянной комиссии по вопросам социальной сферы Костанайского областного маслихата	"""Жутаев Махаббат Сагынбаевич"" Казахстан"	0												0	no-video-results	NO_RESULT		2026-08-16T22:00:24Z
ak_zhol	28	Кожахметов Асылхан Тулеббергенович	1984	секретарь Полититического совета, руководитель аппарата ДПК «Ак жол»	"""Кожахметов Асылхан Тулеббергенович"" Казахстан"	0												0	no-video-results	NO_RESULT		2026-08-16T22:00:25Z
ak_zhol	46	Салыкбаев Абзал Мырзаханович	1990	председатель Туркестанского областного филилала ДПК «Ак жол», предприниматель	"""Салыкбаев Абзал Мырзаханович"" Казахстан"	0												0	no-video-results	NO_RESULT		2026-08-16T22:00:25Z
ak_zhol	49	Смагулов Аскар Сайлаубекович	1970	председатель Астанинского филиала ДПК «Ак жол», председатель постоянной комиссии маслихата города Астана по вопросам социально-культурного развития	"""Смагулов Аскар Сайлаубекович"" Казахстан"	0												0	no-video-results	NO_RESULT		2026-08-16T22:00:26Z
ak_zhol	62	Шынасилова Мейраш	1971	председатель Алматинского областного филиала ДПК «Ак жол», заместитель директора ТОО «Специализированное предприятие по обработке камня»	"""Шынасилова Мейраш"" Казахстан"	0												0	no-video-results	NO_RESULT		2026-08-16T22:00:27Z
ak_zhol	63	Юсупов Ермеккалий Тулепкалиевич	1965	председатель Атырауского областного филиала ДПК «Ак жол», директор ТОО «Атырау көлік құрылыс»	"""Юсупов Ермеккалий Тулепкалиевич"" Казахстан"	0												0	no-video-results	NO_RESULT		2026-08-16T22:00:28Z
auyl	4	Абдыханов Улан Аманбекович	1974	председатель регионального филиала «Партии «Ауыл» по городу Астана, генеральный директор горнодобывающего ТОО «Aksenger mining»	"""Абдыханов Улан Аманбекович"" Казахстан"	0												0	no-video-results	NO_RESULT		2026-08-16T22:00:28Z
auyl	5	Абитаев Фарид Кумашевич	1966	председатель регионального филиала «Партии «Ауыл» по Восточно-Казахстанской области , директор ТОО «Опытное хозяйство масличных культур», депутат маслихата Восточно-Казахстанской области	"""Абитаев Фарид Кумашевич"" Казахстан"	1	xyvllXcBnxQ	https://www.youtube.com/watch?v=xyvllXcBnxQ	"Внеочередная конференция партии ""Аул"""	В областном офисе Палаты  предпринимателей «Атамекен» филиал Народно-демократической патриотической партии «Ауыл» по Восточно-Казахстанской  области прошла внеочередная конференция. В конференции областного филиала партии приняли участие делегаты, избранные городскими и районными Политсоветами. Также, в работе конференции принял участие председатель областного филиала партии Абитаев Фарид Кумашевич.	UCfjj9lJgwGixCDmPLoUdwXw	Телеканал Атамекен	2020-11-14T08:22:23Z	PT2M13S	264	11	2	80	surname-in-metadata,name-tokens:3/3,context:ауыл,восточно,казахстанской,области,партии	SUGGESTED		2026-08-16T22:00:29Z
auyl	7	Айтуганов Кайрат Капарович	1962	председатель «Партии «Ауыл»	"""Айтуганов Кайрат Капарович"" Казахстан"	0												0	no-video-results	NO_RESULT		2026-08-16T22:00:30Z
auyl	15	Базилов Асхат Мауленович	1989	председатель Жетысуского регионального филиала «Партии «Ауыл», руководитель Жетысуского филиала РГП «Республиканский противоэпизоотический отряд»	"""Базилов Асхат Мауленович"" Казахстан"	0												0	no-video-results	NO_RESULT		2026-08-16T22:00:31Z
auyl	16	Байжанов Нуртас Жарылгасинович	1988	председатель регионального филиала «Партии «Ауыл» по Атырауской области	"""Байжанов Нуртас Жарылгасинович"" Казахстан"	0												0	no-video-results	NO_RESULT		2026-08-16T22:00:32Z
auyl	18	Байманов Шахмардан Аскарович	1984	заместитель председателя «Партии «Ауыл»-руководитель Центрального аппарата	"""Байманов Шахмардан Аскарович"" Казахстан"	1	_JVVkrvRtvQ	https://www.youtube.com/watch?v=_JVVkrvRtvQ	НАЗНАЧЕН РУКОВОДИТЕЛЬ АППАРАТА АКИМА ОБЛАСТИ	Руководителем аппарата акима области назначен Шахмардан Байманов. Шахмардан Аскарович-опытный и квалифицированный специалист, занимавший ответственные должности в местных и центральных государственных органах. Как руководитель молодежных организаций республиканского уровня, внес большой вклад в развитие молодежной политики в стране.	UCR39AtjG1L4BLF8FQcvbsSw	QOǴAM TV Live	2022-04-28T06:34:15Z	PT1M16S	136	1	0	68	surname-in-metadata,name-tokens:3/3,context:аппарата,руководитель	SUGGESTED		2026-08-16T22:00:32Z
auyl	18	Байманов Шахмардан Аскарович	1984	заместитель председателя «Партии «Ауыл»-руководитель Центрального аппарата	"""Байманов Шахмардан Аскарович"" Казахстан"	2	gmrBl-e5IbI	https://www.youtube.com/watch?v=gmrBl-e5IbI	Брифинг «О реализации молодежной политики в Акмолинской области» прошел в Кокшетау	"В  «Ақмола Медиа Орталығы» состоялся брифинг «О реализации государственной молодежной политики в Акмолинской области», сообщает пресс-служба организации.

Основным спикером брифинга выступил руководитель управления по вопросам молодежной политики Акмолинской области Байманов Шахмардан Аскарович. 
Основные положения закона синхронизированы с задачами Концепции государственной молодежной политики до 2020 года «Казахстан 2020: путь в будущее». Закон формирует новый принцип адресной работы с молодежью, впервые закреплены понятия, волонтерская деятельность, определен статус молодого специалиста  отметил Байманов Шахмардан.

Так же руководитель управления проинформировал о достижениях в сфере молодежной политики области в 2014 году и перспективных направлениях работы на 2015 год. 
Кроме того, в рамках брифинга также выступил директор КГУ «Молодежный ресурсный центр Акмолинской области» управления по вопросам молодежной политики Акмолинской области Искаков Тимур Маратович с информацией об итогах работы молодежных ресурсных центров городов и районов области за 2014 год. 

Председатель ОО «Областной штаб молодежных и студенческих трудовых отрядов» Одинцов Владимир Дмитриевич рассказал о развитии движения «Жасыл ел» в Акмолинской области.  В 2015 году исполнилось 10 лет со дня объявления Главой государства Назарбаевым Н.А. инициативы о реализации программы «Жасыл ел», которая сегодня стала массовым молодежным движением.
За это время в Акмолинской области в рядах «Жасыл ел» отработали 7285 человек которые высадили 1500000 деревьев и кустарников отметил Одинцов Владимир.
 
Напомним, 9 февраля т.г. Президентом Республики Казахстан подписан обновленный Закон «О государственной молодежной политике», разработанный во исполнение поручений Главы государства, данных по итогам XIX сессии Ассамблеи народа Казахстана и II съезда Молодежного крыла «Жас Отан» партии «Нұр Отан».  
Канал ОК

#ok #kokchikago #zhas_akmola #akmola #kokshetau #кокшетау #акмола #жасакмола #кокчикаго #ок"	UCBRLeBLFLpgEKObpa8N8wmA	RYN	2015-03-01T13:49:47Z	PT1M1S	451	1	0	68	surname-in-metadata,name-tokens:3/3,context:партии,руководитель	SUGGESTED		2026-08-16T22:00:32Z
auyl	18	Байманов Шахмардан Аскарович	1984	заместитель председателя «Партии «Ауыл»-руководитель Центрального аппарата	"""Байманов Шахмардан Аскарович"" Казахстан"	3	rcaf8KgBmj8	https://www.youtube.com/watch?v=rcaf8KgBmj8	Халықпен есептік кездесудің қорытындылары туралы	"Тақырып / Тема: 
«Халықпен есептік кездесудің қорытындылары туралы» 
/ «Об итогах отчетной встречи перед населением»
Спикерлер / Спикеры: 
ҚР Ақпарат және қоғамдық даму министрі Аида Ғалымқызы Балаева.
Залда:
ҚР Ақпарат және қоғамдық даму министрлігінің Жауапты хатшысы Жанат Мұратұлы ҚОЖАХМЕТОВ;
ҚР Ақпарат және қоғамдық даму вице-министрі Марат Алмасұлы ӘЗІЛХАНОВ;
ҚР Ақпарат және қоғамдық даму вице-министрі Болат Анапияұлы ТЛЕПОВ;
ҚР Ақпарат және қоғамдық даму вице-министрі Кемелбек Бақтұғұлы ОЙШЫБАЕВ;
ҚР Ақпарат және қоғамдық даму министрлігі Жастар және отбасы істері комитеті төрағасының орынбасары Шахмардан Асқарұлы БАЙМАНОВ;
ҚР Ақпарат және қоғамдық даму министрлігі Ақпарат комитеті төрағасының орынбасары Михаил Александрович КОМИССАРОВ.
/ Министр информации и общественного развития РК Балаева Аида Галымовна.
В зале:
Министр информации и общественного развития РК КОЖАХМЕТОВ Жанат Муратович;
Ответственный секретарь Министерства информации и общественного развития РК АЗИЛЬХАНОВ Марат Алмасович;
Вице-министр информации и общественного развития РК ТЛЕПОВ Болат Анапияевич;
Вице-министр информации и общественного развития РК ОЙШЫБАЕВ Кемелбек Бактыгулович;
Вице-министр информации и общественного развития РК БАЙМАНОВ Шахмардан Аскарович;
Заместитель Председателя Комитета по делам молодежи и семьи Министерства информации и общественного развития РК КОМИССАРОВ Михаил Александрович.
Модератор: Абдилов Алибек. Назар аударыңыз! Берілген тақырып бойынша сұрақтарыңыз болса, осы жерде қалдыруыңызға болады."	UCB8Fk28jdzWpemE2hl2PYMA	ОРТАЛЫҚ КОММУНИКАЦИЯЛАР ҚЫЗМЕТІ	2020-06-29T06:34:44Z	PT13M11S	391	3	0	68	surname-in-metadata,name-tokens:3/3,context:заместитель,председателя	SUGGESTED		2026-08-16T22:00:32Z
auyl	18	Байманов Шахмардан Аскарович	1984	заместитель председателя «Партии «Ауыл»-руководитель Центрального аппарата	"""Байманов Шахмардан Аскарович"" Казахстан"	4	tnAnqPSIJh4	https://www.youtube.com/watch?v=tnAnqPSIJh4	РУКОВОДИТЕЛЬ АППАРАТА АКИМА ОБЛАСТИ ВОШЕЛ В КАТЕГОРИЮ ПОЛИТИЧЕСКИХ ГОССЛУЖАЩИХ	"В соответствии с распоряжением акима области на основании согласия Администрации Президента Республики Казахстан Байманов Шахмардан Аскарович назначен на политическую государственную должность руководителя аппарата акима области. Такое решение было принято правительством в соответствии с поручением Президента об оптимизации деятельности государственного аппарата усилен статус и роль руководителей аппаратов акима области в системе управления.

#qtvnewskzo #кызылорда"	UCR39AtjG1L4BLF8FQcvbsSw	QOǴAM TV Live	2023-07-10T10:48:27Z	PT49S	37	0	0	68	surname-in-metadata,name-tokens:3/3,context:аппарата,руководитель	SUGGESTED		2026-08-16T22:00:32Z
auyl	20	Бекиев Канат Ботаевич	1959	председатель регионального филиала «Партии «Ауыл» по Алматинской области	"""Бекиев Канат Ботаевич"" Казахстан"	0												0	no-video-results	NO_RESULT		2026-08-16T22:00:34Z
auyl	28	Егізбаев Серік Рахметоллаұлы	1963	первый заместитель председателя «Партии «Ауыл»	"""Егізбаев Серік Рахметоллаұлы"" Казахстан"	1	riUXHK4UGgk	https://www.youtube.com/watch?v=riUXHK4UGgk	Су министрлігі цифрландыру жұмысын қолға алуда | Серік Егізбаев | Уәде	"00:00 Басталуы 
1:30 Ауыл маңындағы 5 шақырымдық жайылым жерлер неге халықтың меншігіне берілмеген?
11:22 Ірі жер иеленушілердің мәселесі шешілді ме? 
15:25 Ауыл партиясы Жаңа Конституцияға қандай ұсыныстар енгізді?
18:34 Орталық Азиядағы су дипломатиясы Қазақстанның мүддесіне қаншалықты қызмет етуде? 
27:15 Су министрлігі цифрландыру жұмысын қолға алуда 
29:38 Уәде беремін! 

Ауыл маңындағы 5 шақырымдық жайылым жерлер неге халықтың меншігіне берілмеген?
2023 жылғы Жайылым жөніндегі Заң қайта қарастырылды ма? 

Ауыл партиясы Жаңа Конституцияға қандай ұсыныстар енгізді?

Орталық Азиядағы су дипломатиясы Қазақстанның мүддесіне қаншалықты қызмет етуде?

УӘДЕНІҢ бүгінгі қонағы - Қазақстан Республикасы Парламенті Мәжілісінің депутаты, «Ауыл» халықтық-демократиялық патриоттық партиясының төрағасы Егізбаев Серік Рахметоллаұлы.

Бізді Youtube, әлеуметтік желілерден көріңіздер. Видео астында пікір қалдыруды ұмытпаңыздар!

Jibek Joly TV: https://www.youtube.com/channel/UCTiXJBsDTL_NCU72OQjBNzA

Бүгінгі күннің басты жаңалықтары Jibek Joly NEWS:
https://www.youtube.com/channel/UCKfxPLNz-_G3mxCto_Sp71w

Jibek Joly әлеуметтік желілерде бақылаңыздар:
Instagram: https://www.instagram.com/jibek_joly.tv?igsh=bjc4N3NzanFuYnNw
TikTok: https://www.tiktok.com/@jj.kz?_r=1&_t=ZS-93J9ZBrep1E
Facebook: https://www.facebook.com/jibekjolytv?mibextid=LQQJ4d

-----------

Jibek Joly TV: Смотрите нас на ТВ, в YouTube и социальных сетях. Оставляйте комментарии под этим видео!

Jibek Joly TV: https://www.youtube.com/channel/UCTiXJBsDTL_NCU72OQjBNzA

Главные события сегодняшнего дня на Jibek Joly NEWS: https://www.youtube.com/channel/UCKfxPLNz-_G3mxCto_Sp71w

Подписывайтесь на Jibek Joly в социальных сетях: 
Instagram: https://www.instagram.com/jibek_joly.tv?igsh=bjc4N3NzanFuYnNw
TikTok: https://www.tiktok.com/@jj.kz?_r=1&_t=ZS-93J9ZBrep1E
Facebook: https://www.facebook.com/jibekjolytv?mibextid=LQQJ4d

#JIBEKJOLY"	UCoIOrQwXfvS-8oGT37NNqLQ	Jibek Joly podcast	2026-03-14T18:24:33Z	PT31M30S	125		1	84	surname-in-title,name-tokens:3/3,context:ауыл	SUGGESTED		2026-08-16T22:00:34Z
auyl	28	Егізбаев Серік Рахметоллаұлы	1963	первый заместитель председателя «Партии «Ауыл»	"""Егізбаев Серік Рахметоллаұлы"" Казахстан"	2	Dzgu-bY2cmw	https://www.youtube.com/watch?v=Dzgu-bY2cmw	Серік Егізбаев: реформалар саяси мінез бен жауапкершілікті талап етеді	"Бүгінгі реформа бізден тек білімді ғана емес, елдің болашағы үшін жауапкершілік алатын саяси мінезді талап етеді – Мәжіліс депутаты, «Ауыл» партиясы фракциясының жетекшісі Серік Егізбаев

*****
 
Сегодняшняя реформа требует от нас не только знаний, необходимы еще характер и готовность взять ответственность за будущее страны – депутат Мажилиса, руководитель фракции партии «Ауыл» Серик Егизбаев"	UCifqKk5L_cB86LlrlcUwN_A	ҚР Конституциялық Соты / Конституционный Суд РК	2026-01-29T13:09:31Z	PT1M28S	6	0	0	80	surname-in-title,name-tokens:2/3,context:ауыл,депутат,партии	SUGGESTED		2026-08-16T22:00:34Z
auyl	28	Егізбаев Серік Рахметоллаұлы	1963	первый заместитель председателя «Партии «Ауыл»	"""Егізбаев Серік Рахметоллаұлы"" Казахстан"	3	QPYQVyxu14Y	https://www.youtube.com/watch?v=QPYQVyxu14Y	ҚР Парламенті Мәжілісінің депутаты, «Ауыл» партиясы фракциясының жетекшісі Серік Егізбаев	"ҚР Парламенті Мәжілісінің депутаты, «Ауыл» партиясы фракциясының жетекшісі Серік Егізбаев

Конституция жобасы қоғамның өзекті сұраныстарына сай келеді – Серік Егізбаев"	UCU52AJSLT5GlFQqhvhMLn5g	Бостандық Әкімшілік Аппараты	2026-02-12T06:03:52Z	PT39S	0	0	0	72	surname-in-title,name-tokens:2/3,context:ауыл	SUGGESTED		2026-08-16T22:00:34Z
auyl	29	Жиенбаев Абзал Бахитович	1985	председатель регионального филиала «Партии «Ауыл» по области Ұлытау, ТОО «Корпорация Казахмыс», главный специалист	"""Жиенбаев Абзал Бахитович"" Казахстан"	0												0	no-video-results	NO_RESULT		2026-08-16T22:00:35Z
auyl	36	Калмуратов Торегельды Оразалиевич	1971	председатель Туркестанского областного филиала «Партии «Ауыл»	"""Калмуратов Торегельды Оразалиевич"" Казахстан"	0												0	no-video-results	NO_RESULT		2026-08-16T22:00:36Z
auyl	37	Карабеков Гани Ажединович	1968	председатель Шымкентского городского регионального филиала «Партии «Ауыл»	"""Карабеков Гани Ажединович"" Казахстан"	0												0	no-video-results	NO_RESULT		2026-08-16T22:00:37Z
auyl	41	Конырбаев Ахметбек Байрозович	1962	председатель Алматинского городского филиала «Партии «Ауыл»	"""Конырбаев Ахметбек Байрозович"" Казахстан"	0												0	no-video-results	NO_RESULT		2026-08-16T22:00:38Z
auyl	42	Курманбекова Слушаш Сатбековна	1963	председатель регионального филиала «Партии «Ауыл» по Жамбылской области	"""Курманбекова Слушаш Сатбековна"" Казахстан"	0												0	no-video-results	NO_RESULT		2026-08-16T22:00:38Z
auyl	47	Мұстафа Садық Шоңмұрынұлы	1966	председатель регионального филиала «Партии «Ауыл» по Кызылординской области, депутат областного маслихата	"""Мұстафа Садық Шоңмұрынұлы"" Казахстан"	0												0	no-video-results	NO_RESULT		2026-08-16T22:00:39Z
auyl	50	Озгамбаев Куанышбай Омирзакович	1968	председатель регионального филиала «Партии «Ауыл» по Мангистауской области	"""Озгамбаев Куанышбай Омирзакович"" Казахстан"	0												0	no-video-results	NO_RESULT		2026-08-16T22:00:40Z
baitaq	3	Амиртаев Азаматхан Сайлауович	1978	председатель Казахстанской партии зеленых «Байтақ»	"""Амиртаев Азаматхан Сайлауович"" Казахстан"	1	LlCgeP2wGqk	https://www.youtube.com/watch?v=LlCgeP2wGqk	Цели партии «Байтак». Коррупция. КазАгро. КТЖ. Транстелеком | Азаматхан Амиртаев	"Азаматхан Амиртаев – о целях партии ""Байтақ"" и путях их достижения, глубокой реформе экономики, исключении должности премьер-министра, своем опыте работы в КазАгро, КТЖ и Транстелекоме. Вы узнаете – почему партия ""зеленых"" поддерживает АЭС и оценивает действия акимата Алматы в роще Баума как правильные. Мнение об антикоррупционной политике и парламентской реформе, и конкуренции с партией ""Аманат"". Вы можете согласиться со спикером или нет, но задуматься и сформировать собственное мнение по перечисленным вопросам необходимо каждому гражданину Казахстана!

00:00 Вступление
02:00 История создания партии «Байтақ».
05:52 ""Аксакалы"" и Олжас Сулейменов. 
08:35 ТОП-3 проблем в фокусе партии.
11:00 Кто и как очистит воздух Алматы?
16:38 Акимат и Роща Баума – все идет по плану?! 
19:08 Реформа экономики по «Байтақ» – зачем стране премьер-министр?!
25:45 Партия зеленых поддерживает АЭС.
29:38 Первая цифровая партия.
32:15 Закон о выборах: нужны ли изменения? 
38:33 Кто главный конкурент партии ""Аманат""?
45:22 КазАгро. КТЖ. Транстелеком. Важные моменты биографии лидера.
58:49 Антикоррупционная политика и оценка Олжаса Бектенова.
1:01:35 Вместо послесловия.

Для поддержки канала:
https://pay.kaspi.kz/pay/mckignr5

Почта: altynbasskz@gmail.com

INST: https://www.instagram.com/altynbas.news/
TG: https://t.me/altynbaskz

#казахстан #политика #партия #байтак #baytaq #аманат #amanat #кошанов #бектенов #мажилис #сенат #парламент #президент #премьерминистр #мамин #масимов #ктж #зеленаяэнергетика #аэс #экология #выборы #народ #амиртаев #транстелеком #нуралиалиев"	UCfkTgltUx-UrWxRCveW5vZA	АЛТЫНБАС	2025-12-18T05:09:07Z	PT1H2M29S	1569	55	31	88	surname-in-title,name-tokens:2/3,context:байтақ,зеленых,мажилис,партии,партия	SUGGESTED		2026-08-16T22:00:40Z
baitaq	3	Амиртаев Азаматхан Сайлауович	1978	председатель Казахстанской партии зеленых «Байтақ»	"""Амиртаев Азаматхан Сайлауович"" Казахстан"	2	TfqiNGbVjvw	https://www.youtube.com/watch?v=TfqiNGbVjvw	МЫ ДОБЬЁМСЯ, ЧТОБЫ ЭКОЛОГИЯ СТАЛА ЧАСТЬЮ КУЛЬТУРЫ ВСЕГО НАРОДА! | Азаматхан Амиртаев | партия Байтак	"Гость - председатель Казахстанской партии зелёных ""Байтак"" Азаматхан Амиртаев. Интервью записано на двух языках. Разговор был максимально честный. Мы поговорили о позиции партии по многим актуальным вопросам. 
 
Телеграм: https://t.me/AskhatAssylbekov
Фейсбук: https://www.facebook.com/askhat.assylbekov.3 
Инстаграм: https://instagram.com/askhatassylbekov

#АзаматханАмиртаев #партияБайтак #выборы2026"	UCEFsZi9PawmlQRPdb5N3vZw	Асхат Асылбеков	2026-07-29T04:59:02Z	PT1H56M15S	42272	170	89	88	surname-in-title,name-tokens:2/3,context:зеленых,казахстанской,партии,партия,председатель	SUGGESTED		2026-08-16T22:00:40Z
baitaq	3	Амиртаев Азаматхан Сайлауович	1978	председатель Казахстанской партии зеленых «Байтақ»	"""Амиртаев Азаматхан Сайлауович"" Казахстан"	3	H_PQKm2AmRY	https://www.youtube.com/watch?v=H_PQKm2AmRY	Интервью. Азаматхан Амиртаев	"Сайт телеканала  http://24.kz/ru/news/ 
Twitter  https://twitter.com/tv24kz   
Facebook  https://www.facebook.com/tv24KZ/ 
Вконтакте https://vk.com/tv24kz Подписывайтесь на «Хабар 24»:
 https://www.youtube.com/c/tv24kz 
Наш сайт - https://24.kz 
Facebook - https://www.facebook.com/tvkhabar24/ 
Instagram - https://www.instagram.com/tvkhabar24/ 
Telegram - https://t.me/tvkhabar24
Twitter - https://twitter.com/tvkhabar24 
Vkontakte - https://vk.com/tvkhabar24"	UCnAFKvDuqBGkIfV8Vn0J_CQ	Телеканал 24kz	2016-11-18T15:12:42Z	PT14M3S	198	2		68	surname-in-title,name-tokens:2/3	SUGGESTED		2026-08-16T22:00:40Z
baitaq	3	Амиртаев Азаматхан Сайлауович	1978	председатель Казахстанской партии зеленых «Байтақ»	"""Амиртаев Азаматхан Сайлауович"" Казахстан"	4	P0tiGBfORf8	https://www.youtube.com/watch?v=P0tiGBfORf8	Ряды партии «Байтақ» пополнились новыми членами	Партия зелёных «Байтақ» пополнилась новыми членами. Сегодня около 50 человек подали заявления о вступлении в партию. По их словам, это было осознанное решение. История партии «Байтақ» берет начало в 2015 году. Тогда председатель партии Азаматхан Амиртаев вместе с единомышленниками создал экологическое движение «Байтақ-Болашақ».  #новостихабар #новости2026 #Хабар #жаңалықтар #Хабаржаңалықтар #жаңалықтар2026	UCv_UKgrCSZxdNsSpvraPksg	Khabar NEWS 	2026-08-05T15:09:28Z	PT1M7S	27	0	0	68	surname-in-metadata,name-tokens:2/3,context:байтақ,зеленых,партии,партия,председатель	SUGGESTED		2026-08-16T22:00:40Z
baitaq	3	Амиртаев Азаматхан Сайлауович	1978	председатель Казахстанской партии зеленых «Байтақ»	"""Амиртаев Азаматхан Сайлауович"" Казахстан"	5	inobiJQFApQ	https://www.youtube.com/watch?v=inobiJQFApQ	АМИРТАЙ бросил «БАЙТАК»: Тимур ЕЛЕУСИЗОВ о лидере партии «зеленых» #байтак #baytaq #Амиртай #скандал	Смотрите выпуск «BAYTAQ: КАК ТАК?» тут https://youtu.be/bPE91cDkl3o	UCCsjnzCkAW7sO1PApnOOdOQ	Эксперты KZ	2023-05-14T07:00:16Z	PT21S	1566	25	2	8	context:зеленых,партии	SUGGESTED		2026-08-16T22:00:40Z
baitaq	10	Баяжума Асылбек	1978	председатель Акмолинского областного филиала Казахстанской партии зеленых «Байтақ»	"""Баяжума Асылбек"" Казахстан"	1	4oEuMdu83bQ	https://www.youtube.com/watch?v=4oEuMdu83bQ	Мемлекеттік рәміздерге 30 жыл	"Тақырыбы/Тема:
«Мемлекеттік рәміздерге 30 жыл»

/«30 лет Государственным символам»

Спикерлер/Спикеры:
«ҚР Мәдениет және спорт вице-министрі Дәуешов Нұрғиса Мұратұлы;»
«Геральдикалық зерттеулер орталығы” РММ директоры Баяжұма Асылбек Баяжұмаұлы;»

/
«Вице-министр культуры и спорта Республики Казахстан Дауешов Нуркиса  Муратович;»
«Директор РГУ «Центр геральдических исследований» Баяжума Асылбек Баяжумаевич;»


МОДЕРАТОР: Әйгерім Ағылтаева"	UCB8Fk28jdzWpemE2hl2PYMA	ОРТАЛЫҚ КОММУНИКАЦИЯЛАР ҚЫЗМЕТІ	2022-06-02T09:02:36Z	PT25M26S	249	12		60	surname-in-metadata,name-tokens:2/2	SUGGESTED		2026-08-16T22:00:42Z
baitaq	16	Иманалиев Аскар Муратович	1978	общественный деятель	"""Иманалиев Аскар Муратович"" Казахстан"	1	FXLfo7A1vLk	https://www.youtube.com/watch?v=FXLfo7A1vLk	Обращение Олжаса СУЛЕЙМЕНОВА к участникам Регионального экологического САММИТА 2026	"Тема: Концепция «Осознанной взаимозависимости». Зеленая повестка 2.0
Спикер: Аскар Муратович ИМАНАЛИЕВ. Казахстанская партия зеленых «БАЙТАҚ»"	UCKsUORWhgukXos-JvoUtJrg	Academka Almaty	2026-04-24T11:34:53Z	PT2M20S	69	8	0	64	surname-in-metadata,name-tokens:3/3,context:партия	SUGGESTED		2026-08-16T22:00:43Z
baitaq	16	Иманалиев Аскар Муратович	1978	общественный деятель	"""Иманалиев Аскар Муратович"" Казахстан"	2	d7LJWByU4OY	https://www.youtube.com/watch?v=d7LJWByU4OY	"Дебаты на Барыс Медиа: ""АЭС - за или против"""	"Количество АЭС в мире постепенно сокращается. Передовые страны стараются перейти на «зелёную» энергетику. Казахстан обладая резко континентальным климатом может реализовать проект по преобразованию солнечной и ветровой энергии. Но огромной проблемой в мире является создание качественных накопителей энергии, которые могли бы длительное время полноценно работать, чтобы огромные здания, больницы и школы могли бесперебойно снабжаться энергией. 
Редакция Барыс Медиа приглашает всех посмотреть в прямом эфире дебат на тему «АЭС: за и против», который состоится 20 октября в 19.00. Наши спикеры: 
Заместитель генерального директора по производству ИЯФ - Ермак Евгений Леонидович
Председатель Алматинского филиала политической партии зеленых ""Байтақ"" - Иманалиев Асқар Муратович
Гражданский активист - Мейірхан Абдуманапов 
Энергетик и экономист - Асет Наурызбаев 

#дебатказахстан #дебатнатемуаэс #аэс #проблемавмире #аэсказахстан #накопительнаяэнергия #энергия #климатказахстан #количествоаэс #передовыестраны  #строительствоаэсвказахстане #атомнаяэлектростанциявказахстане 


Не забудь подписаться:  
► Канал -  / @barysmedia    
► Telegram - https://t.me/barysmediakz  
► Instagram - https://instagram.com/barys.media?igs...  
► TikTok - https://www.tiktok.com/@barys.media?i...  
► Сайт - https://www.barysmedia.kz/  
► Дзен - https://dzen.ru/id/651d12614e191e4a5f182cdd 
► Спорт - https://youtube.com/@baryssport?si=BFhCAPLw6r0occH6  
► Гороскоп - https://youtube.com/@ai-zhuldyz?si=ixBQlQk9IiWG7SUD"	UCotU5BzMjeNnJ2-MC_2towg	BARYS MEDIA	2023-10-21T02:26:07Z	PT1H11M55S	4076	300	322	48	surname-in-metadata,name-tokens:2/3	SUGGESTED		2026-08-16T22:00:43Z
baitaq	16	Иманалиев Аскар Муратович	1978	общественный деятель	"""Иманалиев Аскар Муратович"" Казахстан"	3	OHC1R2lGy9Y	https://www.youtube.com/watch?v=OHC1R2lGy9Y	Кыргызстанда “International Face-2017” сулуулар сынагы өтөт / Таң Шоола / 29.05.17 / НТС	Аскар Думанаев – сулуулук сынагынын уюштуруучусу	UCpyHowazEXA8JjengWn-DFA	Телеканал НТС	2017-05-29T07:15:32Z	PT6M10S	503	5	1	12	name-tokens:1/3	SUGGESTED		2026-08-16T22:00:43Z
baitaq	16	Иманалиев Аскар Муратович	1978	общественный деятель	"""Иманалиев Аскар Муратович"" Казахстан"	4	AUb_GFKU0JY	https://www.youtube.com/watch?v=AUb_GFKU0JY	Вольная борьба. Чемпионат Кыргызстана-2017. 65 кг 1\32 Алмаз уулу Бекжан-Расул Кулуев		UCO2kwdvpA6T_c0i2dfFrsIw	Тахир Гафуров	2017-03-02T15:55:19Z	PT4M38S	199	2	0	0	no-identity-signals	SUGGESTED		2026-08-16T22:00:43Z
baitaq	16	Иманалиев Аскар Муратович	1978	общественный деятель	"""Иманалиев Аскар Муратович"" Казахстан"	5	svFTAKNS6Nw	https://www.youtube.com/watch?v=svFTAKNS6Nw	Отношение Назарбаева к подчиненным	"Отношение Назарбаева к подчиненным.

#Астана #посланиепрезидента #МВД #министры #Назарбаев #Казахстан 



Бізге жазылыңыздар: 
Фейсбук: https://www.facebook.com/azattyq/
Твиттер: https://twitter.com/AzattyqRadiosy
Телеграм: https://telegram.me/azattyq
Ютуб: https://www.youtube.com/user/AzattyqRadio
http://www.azattyq.org/

----
Подписывайтесь на этот канал и будьте в курсе самых важных событий в жизни Казахстана и мира.

Также, Вы можете читать нас в Твиттере: https://twitter.com/Radio_Azattyk
в Facebook: https://www.facebook.com/RadioAzattyq
а также в Одноклассниках:
http://ok.ru/group/52682482909249 
Подписывайтесь на AzattyqTV в YouTube:
https://www.youtube.com/user/AzattyqRadio 

Азаттык в вашем телефоне:
http://rus.azattyq.mobi
http://rus.azattyq.org/"	UCiJ6RBthQvEPI4UsSNtM8jw	Azattyq TV - Азаттық - Азаттык	2018-10-05T17:06:41Z	PT2M1S	8532675	45152	7429	0	no-identity-signals	SUGGESTED		2026-08-16T22:00:43Z
baitaq	30	Мамытов Нургалый Киябаевич	1958	руководитель Центрального аппарата Казахстанской партии зеленых «Байтақ»	"""Мамытов Нургалый Киябаевич"" Казахстан"	0												0	no-video-results	NO_RESULT		2026-08-16T22:00:44Z
npk	3	Агибаев Алимбек Тулегенович	1981	председатель Павлодарского областного филиала ОО «Народная партия Казахстана»	"""Агибаев Алимбек Тулегенович"" Казахстан"	0												0	no-video-results	NO_RESULT		2026-08-16T22:00:45Z
npk	4	Аккозиев Рахман Сейлханович	1963	председатель Жамбылского областного филиала ОО «Народная партия Казахстана»	"""Аккозиев Рахман Сейлханович"" Казахстан"	0												0	no-video-results	NO_RESULT		2026-08-16T22:00:45Z
npk	12	Аукенов Мирас Серикбекович	1985	заместитель председателя ОО «Народная партия Казахстана»	"""Аукенов Мирас Серикбекович"" Казахстан"	0												0	no-video-results	NO_RESULT		2026-08-16T22:00:46Z
npk	25	Досмухамбетова Балжан Ибатовна	1964	председатель Атырауского областного филиала ОО «Народная партия Казахстана»	"""Досмухамбетова Балжан Ибатовна"" Казахстан"	1	a7P5Ov_9iRE	https://www.youtube.com/watch?v=a7P5Ov_9iRE	ЗАКОНОДАТЕЛЬНЫЕ НОВОВВЕДЕНИЯ В СИСТЕМЕ ЗПП И ВОПРОСЫ БЕЗОПАСНОСТИ И КАЧЕСТВА ТОВАРОВ И УСЛУГ	"Начало новой недели. А это означает серию новых прямых эфиров Национальной экспертной диалоговой платформы «Parasat Ideas». Как вы знаете мы освещаем наиболее актуальные темы экспертного характера и приглашаем авторитетных и состоявшихся экспертов на такие дискуссии. 
Часто бывает, что мы поднимает новую тему, малоизвестную как для экспертов, так и для наших зрителей. Но сегодня, мы решили продолжить тему касающуюся всех нас. 
«Законодательные нововведения в системе ЗПП и вопросы безопасности и качества товаров и услуг». Защита прав потребителей была всегда бурно равзивающейся и интересной темой для общества. Граждане сами защищают свои интересы, а в особых случаях прибегают к работе экспертов. И сегодня мы затронем такую интересную область данной темы как законодательные нормы в сфере ЗПП.
А для того чтобы наше обсуждение прошло в экспертном ключе, мы пригласили ряд экспертов:
1. Досмухамбетова Балжан Ибатовна Президент ОО «Защита прав потребителей»
2. Сутемгенов Даулет Булатович ОЮЛ «Казахстанская ассоциация органов по оценке соответствия»
3. Кусаинов Серик Куанышевич Заместитель председателя Комитета по защите прав потребителей МТИ РК
4. Суюнбаев Шынгыс Нурманович Руководитель Департамента по защите прав потребителей города Нур-Султан КЗПП МТИ РК
5. Арман Максут – модератор площадки

Совместно с нашими зрителями и экспертами мы попытаемся найти ответы на интересующие вас вопросы. 
1. Какие требования имеет право предъявить потребитель?
2. Правовое регулирование защиты прав потребителей.
3. Что такое сертификация товара или услуги и кем она осуществляется?
4. Рассмотрим международный опыт в сфере защиты прав потребителя.
5. Как самому отстоять свои права?

При этом у вас есть уникальная возможность принять участие и задать свой вопрос гостю студии. Для этого напишите свой вопрос в комментарии под эфиром."	UCE1COf2zi7KLpNp9-rwftDg	Parasat Ideas	2022-07-11T22:14:43Z	PT1H3M20S	107	1	0	64	surname-in-metadata,name-tokens:3/3,context:оо	SUGGESTED		2026-08-16T22:00:47Z
npk	26	Дудабаев Еркебулан Бакытович	1983	исполняющий обязанности председателя Алматинского областного филиала ОО «Народная партия Казахстана»	"""Дудабаев Еркебулан Бакытович"" Казахстан"	0												0	no-video-results	NO_RESULT		2026-08-16T22:00:48Z
npk	28	Ерназаров Кайрат Шаршыбекович	1965	председатель Кызылординского областного филиала ОО «Народная партия Казахстана»	"""Ерназаров Кайрат Шаршыбекович"" Казахстан"	0												0	no-video-results	NO_RESULT		2026-08-16T22:00:48Z
npk	31	Ибраимов Олжас Бекдаулетович	1986	председатель филиала ОО «Народная партия Казахстана» в области Жетісу	"""Ибраимов Олжас Бекдаулетович"" Казахстан"	0												0	no-video-results	NO_RESULT		2026-08-16T22:00:49Z
npk	34	Исабаев Орынбасар Душанович	1955	председатель филиала ОО «Народная партия Казахстана» в области Абай	"""Исабаев Орынбасар Душанович"" Казахстан"	0												0	no-video-results	NO_RESULT		2026-08-16T22:00:50Z
npk	37	Кабдешев Дамир Каирович	1999	руководитель Центрального аппарата ОО «Народная партия Казахстана»	"""Кабдешев Дамир Каирович"" Казахстан"	0												0	no-video-results	NO_RESULT		2026-08-16T22:00:50Z
npk	40	Камбарова Зухра Медеуовна	1967	председатель Туркестанского областного филиала ОО «Народная партия Казахстана»	"""Камбарова Зухра Медеуовна"" Казахстан"	0												0	no-video-results	NO_RESULT		2026-08-16T22:00:51Z
npk	42	Куленова Лейла Искандеровна	1980	заместитель председателя ОО «Народная партия Казахстана»	"""Куленова Лейла Искандеровна"" Казахстан"	1	R4jWN9Upbv0	https://www.youtube.com/watch?v=R4jWN9Upbv0	Эксперт ответил на вопросы о необходимости лицензирования дошкольных учреждений	"В Казахстане предлагают лицензировать дошкольные учреждения.

Это, по мнению членов Национального совета общественного доверия, позволит повысить качество услуг. По поручению президента уже создана рабочая группа. Она займется разработкой проекта лицензирования детских садов страны. В состав рабочей группы вошла и председатель Казахстанской ассоциации непрерывного образования Лейла Куленова.

Лейла Искандеровна, зачем вообще нужна эта система лицензирования, как-то сейчас работают без нее. Что изменится? Есть ли гарантия, что не станет хуже?
    
 
«Хабар» әлеуметтік желілерде / «Хабар» в социальных сетях:

Instagram: https://www.instagram.com/khabartv/
Facebook: https://www.facebook.com/khabartv
Twitter: https://twitter.com/KhabarTV
Вконтакте: https://vk.com/khabartv
Одноклассники: https://ok.ru/khabar.agentstvo"	UCv_UKgrCSZxdNsSpvraPksg	Khabar NEWS 	2020-05-29T03:04:41Z	PT2M4S	103	0	0	60	surname-in-metadata,name-tokens:3/3	SUGGESTED		2026-08-16T22:00:52Z
npk	43	Курмангазин Бауржан Олжашевич	1986	председатель Актюбинского областного филиала ОО «Народная партия Казахстана»	"""Курмангазин Бауржан Олжашевич"" Казахстан"	0												0	no-video-results	NO_RESULT		2026-08-16T22:00:53Z
npk	45	Кусаинов Бейбут Булатович	1985	заместитель председателя ОО «Народная партия Казахстана»	"""Кусаинов Бейбут Булатович"" Казахстан"	1	Hv7KCMMav8Y	https://www.youtube.com/watch?v=Hv7KCMMav8Y	В боксера Жанкоша Турарова стреляли в Алматы	"Больше новостей на http://www.bnews.kz/ru/
Новости 31 канала http://bnews.kz/ru/tv-news/channel/1/
Новости Хабара http://bnews.kz/ru/tv-news/channel/6/"	UCSHsfd5bzN6YMsnpvQSqHuw	BAQ KZ / rus	2018-06-06T08:25:39Z	PT1M1S	1296829	3547	484	0	no-identity-signals	SUGGESTED		2026-08-16T22:00:54Z
npk	47	Лаврентьев Борис Георгиевич	1984	председатель Западно-Казахстанского областного филиала ОО «Народная партия Казахстана»	"""Лаврентьев Борис Георгиевич"" Казахстан"	1	K_0sMqWLDVk	https://www.youtube.com/watch?v=K_0sMqWLDVk	Кто озвучивал и дублировал мультфильм Зверополис	"Мультфильм: Зверополис

#shorts #cartoon #voiceover #шортс #мультик #мультфильм #озвучка
#zootopia #зверополис"	UC6BI-JaTNDuVJEuBau5OhCQ	Drew Carter Shorts	2023-05-09T13:07:25Z	PT55S	1134305	71622	277	0	no-identity-signals	SUGGESTED		2026-08-16T22:00:55Z
npk	48	Максутов Калел Мухатаевич	1964	заместитель председателя ОО «Народная партия Казахстана», председатель Карагандинского областного филиала ОО «Народная партия Казахстана» и филиала ОО «Народная партия Казахстана» в области Ұлытау	"""Максутов Калел Мухатаевич"" Казахстан"	0												0	no-video-results	NO_RESULT		2026-08-16T22:00:56Z
npk	67	Тулеугалиев Рашид Бектурович	1973	председатель Мангистауского областного филиала ОО «Народная партия Казахстана»	"""Тулеугалиев Рашид Бектурович"" Казахстан"	0												0	no-video-results	NO_RESULT		2026-08-16T22:00:57Z
npk	69	Умаров Баймырза Абденбаевич	1965	председатель Шымкентского городского филиала ОО «Народная партия Казахстана»	"""Умаров Баймырза Абденбаевич"" Казахстан"	0												0	no-video-results	NO_RESULT		2026-08-16T22:00:57Z
npk	71	Шоканов Нурсултан Нурланович	1986	председатель ОО «Народная партия Казахстана»	"""Шоканов Нурсултан Нурланович"" Казахстан"	1	lXZRrHOxzIo	https://www.youtube.com/watch?v=lXZRrHOxzIo	Нурсултан Шоканов возглавил Народную партию Казахстана	"В Астане избрали нового председателя Народной партии Казахстана. Им стал предприниматель, общественный деятель, депутат маслихата Алматы нескольких созывов и руководитель региональных структур Нурсултан Шоканов, передает «24KZ».

#хабар24 #казахстан #жаңалықтар #новости"	UCnAFKvDuqBGkIfV8Vn0J_CQ	Телеканал 24kz	2026-06-27T18:26:58Z	PT1M55S	1063	2	2	76	surname-in-title,name-tokens:2/3,context:депутат,казахстана	SUGGESTED		2026-08-16T22:00:58Z
npk	71	Шоканов Нурсултан Нурланович	1986	председатель ОО «Народная партия Казахстана»	"""Шоканов Нурсултан Нурланович"" Казахстан"	2	kTyB--bFLFg	https://www.youtube.com/watch?v=kTyB--bFLFg	Нурсултан Шоканов избран председателем Народной партии Казахстана		UC7KHPrzcEkEyuiCoHsGg98g	НПК | Народная партия Казахстана	2026-06-27T09:02:54Z	PT1M17S	2903	69	4	72	surname-in-title,name-tokens:2/3,context:казахстана	SUGGESTED		2026-08-16T22:00:58Z
npk	71	Шоканов Нурсултан Нурланович	1986	председатель ОО «Народная партия Казахстана»	"""Шоканов Нурсултан Нурланович"" Казахстан"	3	wSmX0Opii8Q	https://www.youtube.com/watch?v=wSmX0Opii8Q	Нурсултан Шоканов заявил, что его сын осознал ошибку и изучает историю Казахстана.		UC7KHPrzcEkEyuiCoHsGg98g	НПК | Народная партия Казахстана	2026-06-30T09:45:49Z	PT15S	27914	160	13	72	surname-in-title,name-tokens:2/3,context:казахстана	SUGGESTED		2026-08-16T22:00:58Z
npk	71	Шоканов Нурсултан Нурланович	1986	председатель ОО «Народная партия Казахстана»	"""Шоканов Нурсултан Нурланович"" Казахстан"	4	ZDvhIJ13A0M	https://www.youtube.com/watch?v=ZDvhIJ13A0M	Нурсултан Шоканов опроверг слухи о родстве с Даригой Назарбаевой.		UC7KHPrzcEkEyuiCoHsGg98g	НПК | Народная партия Казахстана	2026-06-30T09:39:17Z	PT17S	21274	147	11	68	surname-in-title,name-tokens:2/3	SUGGESTED		2026-08-16T22:00:58Z
npk	71	Шоканов Нурсултан Нурланович	1986	председатель ОО «Народная партия Казахстана»	"""Шоканов Нурсултан Нурланович"" Казахстан"	5	YuHFmWOOiFU	https://www.youtube.com/watch?v=YuHFmWOOiFU	Глава НПК ответил по поводу сына, который не знает историю Казахстана #новостиказахстана	"В Казнете завирусилось видео с сыном недавно избранного председателя Народной партии Казахстана Нурсултана Шоканова.

На кадрах подростка спрашивают, когда было образовано Казахское ханство. В ответ он говорит: «У нас нет истории Казахстана. У нас английская школа». Видео быстро разлетелось по соцсетям и вызвало бурные обсуждения.

Позже ситуацию прокомментировал отец подростка — Нурсултан Шоканов. Он заявил, что слова сына не соответствуют действительности. По его словам, в школе есть предмет «История Казахстана», а сам ролик был снят ради просмотров, поскольку его сын ведет блог и занимается созданием контента."	UCRZPcf1Txvcv88eSkicoP5g	JURT	2026-06-30T12:00:24Z	PT1M27S	86060	1321	490	52	surname-in-metadata,name-tokens:2/3,context:казахстана	SUGGESTED		2026-08-16T22:00:58Z
osdp	1	Абенова Анаргул Жаксагалиевна	1973	председатель Западно-Казахстанского областного филиала «ОСДП»	"""Абенова Анаргул Жаксагалиевна"" Казахстан"	0												0	no-video-results	NO_RESULT		2026-08-16T22:00:59Z
osdp	3	Аленова Аружан Дарменовна	2000	исполняющий обязанности председателя Актюбинского областного филиала «ОСДП»	"""Аленова Аружан Дарменовна"" Казахстан"	0												0	no-video-results	NO_RESULT		2026-08-16T22:01:00Z
osdp	6	Аубакиров Нурлан Какимович	1970	председатель Карагандинского областного филиала «ОСДП»	"""Аубакиров Нурлан Какимович"" Казахстан"	0												0	no-video-results	NO_RESULT		2026-08-16T22:01:01Z
osdp	12	Бугабаев Сапарбай Дуйсенович	1959	председатель Туркестанского областного филиала «ОСДП»	"""Бугабаев Сапарбай Дуйсенович"" Казахстан"	0												0	no-video-results	NO_RESULT		2026-08-16T22:01:01Z
osdp	13	Дауренбеков Ержан Каханович	1982	председатель Жамбылского областного филиала «ОСДП»	"""Дауренбеков Ержан Каханович"" Казахстан"	0												0	no-video-results	NO_RESULT		2026-08-16T22:01:02Z
osdp	14	Джаканов Дамир Сатпаевич	1990	председатель Костанайского областного филиала «ОСДП»	"""Джаканов Дамир Сатпаевич"" Казахстан"	0												0	no-video-results	NO_RESULT		2026-08-16T22:01:03Z
osdp	15	Джусупова Роза Кенженовна	1967	председатель Павлодарского областного филиала «ОСДП»	"""Джусупова Роза Кенженовна"" Казахстан"	0												0	no-video-results	NO_RESULT		2026-08-16T22:01:04Z
osdp	17	Жанғали Ілияс Әбілқазыұлы	1993	председатель Акмолинского областного филиала «ОСДП»	"""Жанғали Ілияс Әбілқазыұлы"" Казахстан"	1	--rcKVct09U	https://www.youtube.com/watch?v=--rcKVct09U	"Ілияс Жансүгіров ""Күйші поэмасы"""		UCwkjhtxEl-bpaFszec62Isg	Диас Токобай	2025-02-28T06:50:15Z	PT4M23S	849	23	27	12	name-tokens:1/3	SUGGESTED		2026-08-16T22:01:04Z
osdp	17	Жанғали Ілияс Әбілқазыұлы	1993	председатель Акмолинского областного филиала «ОСДП»	"""Жанғали Ілияс Әбілқазыұлы"" Казахстан"	2	5gNmYEdfyvA	https://www.youtube.com/watch?v=5gNmYEdfyvA	Ілияс Жансүгіров “Күйші” поэмасы		UCTV9kIvdCihNwLJSbRozr5w	Akmaral Toishybekova	2026-01-20T22:06:20Z	PT2M20S	596	8	0	12	name-tokens:1/3	SUGGESTED		2026-08-16T22:01:04Z
osdp	17	Жанғали Ілияс Әбілқазыұлы	1993	председатель Акмолинского областного филиала «ОСДП»	"""Жанғали Ілияс Әбілқазыұлы"" Казахстан"	3	Ef3BD7ad2zs	https://www.youtube.com/watch?v=Ef3BD7ad2zs	Ілияс Жансүгіров - Күйші (Аудио Кітап)	"Күйші — Ілияс Жансүгіровтың 1934 жылы жазылған романтикалық сарында шалқыған шабытпен, поэзиялық құдіретті қуатпен жазылған, қазақ әдебиетінде теңдесі жоқ үздік поэмасы. Поэма жеті тараудан тұрады. Қара өлең ұйқасына құрылған , 11 буынды , 4 тармақты туынды.

#илиясжансугиров #қазақша"	UC4PU0UW9eoi0q1GJwkaDwBg	QAZAGYM ÚSHIN	2023-08-13T17:32:22Z	PT1H19M19S	5843	85	18	12	name-tokens:1/3	SUGGESTED		2026-08-16T22:01:04Z
osdp	17	Жанғали Ілияс Әбілқазыұлы	1993	председатель Акмолинского областного филиала «ОСДП»	"""Жанғали Ілияс Әбілқазыұлы"" Казахстан"	4	dJNRp7ad9vY	https://www.youtube.com/watch?v=dJNRp7ad9vY	"Ілияс Жансүгіров-""Күйші"" поэмасы."		UCrB0AEVOY6Se9WMfipTSQ0Q	Уланская основная школа	2025-02-25T18:37:48Z	PT1M32S	1270	7	0	12	name-tokens:1/3	SUGGESTED		2026-08-16T22:01:04Z
osdp	17	Жанғали Ілияс Әбілқазыұлы	1993	председатель Акмолинского областного филиала «ОСДП»	"""Жанғали Ілияс Әбілқазыұлы"" Казахстан"	5	4GWq1CampRM	https://www.youtube.com/watch?v=4GWq1CampRM	"Буктрейлер.І.Жансүгіров ""Дала"" поэмасы"	"Орындаған : Фариза Оңғарсынова атындағы &41 МГ 11""Ә"" сынып оқушысы Зинуллина Алтынай"	UCTMPaoYpjTo1iTt6BFFQVpA	Ерғалиева Мөлдір 	2025-04-04T15:45:39Z	PT55S	103	10	0	0	no-identity-signals	SUGGESTED		2026-08-16T22:01:04Z
osdp	18	Калгин Виктор Евгеньевич	1981	председатель Восточно-Казахстанского областного филиала «ОСДП»	"""Калгин Виктор Евгеньевич"" Казахстан"	0												0	no-video-results	NO_RESULT		2026-08-16T22:01:05Z
osdp	19	Камалова Нурайнаш Балтабаевна	1977	председатель Атырауского областного филиала «ОСДП»	"""Камалова Нурайнаш Балтабаевна"" Казахстан"	1	cM8Lx_EZd4M	https://www.youtube.com/watch?v=cM8Lx_EZd4M	АП-КНБ требуют от руководства ОСДП бойкота выборов и объявить на Съезде. Народ, идем к Съезду ОСДП	"#шындық #нарымбай #назарбаевКЕТ 
Присылайте видео, фото и аудио. Все желающие выйти в эфир на дебаты, дискуссии, поговорить о насущных проблемах либо если есть вопросы по моей деятельности и биографии, прошу написать мне. Всегда готов к конструктивному диалогу и дебатам.
+380 63 639 38 49 Ватсап, Телеграм, Вайбер, Сигнал
Скайп: narymbayev.ermek70
Большие видео скидывайте на имейл:
sunwud02@gmail.com
ermek.shantimes@gmail.com
Пожалуйста, делайте описание (где, когда, и кто снимал, ссылку на первоисточник, в случае если вы пересылали) к каждому видео.
Ермек Нарымбай в Фейсбуке 
https://www.facebook.com/profile.php?id=100011569305686


ОСДП Телефоны
АСТАНА
Нурлыбеков Нурым Комекович
 г. Нур-Султан, ул. Шевченко 10/1, офис 203
 +7 707 527-07-54
-------------------------------------------
АЛМАТЫ
Самбетбай Тазабек Дакенайулы
 +7 747 869-16-12
--------------------------------
ШЫМКЕНТ
Кожаханов Нуртай Тыныштыханович
 +7 702 499-06-06
--------------------------------
АКМОЛИНСКАЯ ОБЛАСТЬ
Смоквин Валерий Леонидович
 +7 705 533-99-66
--------------------------------------
АЛМАТИНСКАЯ ОБЛАСТЬ
Кунболатов Куат Куанышевич
 +7 701 161-80-30
------------------------
АТЫРАУСКАЯ ОБЛАСТЬ
Камалова Нурайнаш Балтабаевна
Председатель Атырауского областного филиала
 +7 701 84-27790
------------------------
АКТЮБИНСКАЯ ОБЛАСТЬ
Камалов Мирамбек Аманжолович
 +7 701 732-85-56
________________________
ЖАМБЫЛСКАЯ ОБЛАСТЬ
Нугуманов Дамир Маратович
Председатель Жамбылского областного филиала
 +7 700 957-15-37
_______________________
ЗАПАДНО-КАЗАХСТАНСКАЯ ОБЛАСТЬ
Муканова Кадиша Халиковна
Председатель Западно-Казахстанского областного филиала
 +7 701 444-67-37
---------------------------------
КАРАГАНДИНСКАЯ ОБЛАСТЬ
Токсамбаева Макиля Алтаевна
 +7 775 373-60-04
______________________________
КОСТАНАЙСКАЯ ОБЛАСТЬ
Богатырев Сергей Алексеевич
 +7 7142 53-25-76
 +7 705 450-30-81
__________________________
КЫЗЫЛОРДИНСКАЯ ОБЛАСТЬ
Бактыбаева Ляззат Шайзадаевна
 +7 775 000-50-82
-------------------------------
МАНГЫСТАУСКАЯ ОБЛАСТЬ
Мынбаев Сакен Саламатович
 +7 775 322-88-88
______________________
ПАВЛОДАРСКАЯ ОБЛАСТЬ
Сагандыкова Ажар Бахитовна
 +7 701 707-87-16
______________________
СЕВЕР-КАЗАХСТАНСКАЯ ОБЛАСТЬ
Андриевский Владимир Тадеушевич
 +7 777 363-55-00
_______________________
ВОСТОЧНО-КАЗАХСТАНСКАЯ ОБЛАСТЬ
Булгаков Иван Михайлович
 г.Усть-Каменогорск
 +7 705 530-92-13
_______________________
ТУРКЕСТАНСКАЯ ОБЛАСТЬ
Ашимбеков Абдукамал
 +7 778 500-88-23
---------------------
СЕМЕЙ
Машпиев Роллан Мухтарович
 +7 747 371-74-50"	UCaxLFsyo424jgM01zYLw3vA	Ермек Нарымбай	2020-11-26T15:52:55Z	PT14M26S	8294	259	77	80	surname-in-metadata,name-tokens:3/3,context:атырауского,областного,осдп,председатель,филиала	SUGGESTED		2026-08-16T22:01:06Z
