party,order,surname,given_names,birth_year,age_2026,gender_guess,position_raw,residence_raw,place_type,place,sector,employer_type,is_party_insider,seniority,is_incumbent
Respublica,1,Алибеков,Бейбит Бахытович,1984,42,M,управляющий партнер медиахолдинга First Media Group,городе Алматы,город,Алматы,Media,Private company,no,Top executive,no
Respublica,2,Абдихаликова,Шолпан Аскаровна,1987,39,F,председатель Алматинского городского филиала партии «Respublica»,городе Алматы,город,Алматы,Party apparatus,Political party,yes,Top executive,no
Respublica,3,Абдугалиева,Асель Жоломановна,1981,45,F,руководитель отдела РГУ «Департамент комитета государственной инспекции труда Северо-Казахстанской области»,городе Петропавловск,город,Петропавловск,Government,State body,no,Senior management,no
Respublica,4,Абдушарипова,Карагоз Аллаяровна,1986,40,F,директор КГКП «Филармония им.Тайжана Калмагамбетова области Ұлытау»,городе Жезказгане,город,Жезказган,Culture,State body,no,Top executive,no
Respublica,5,Айткулов,Бекжан Бахтыбекович,1991,35,M,председатель Туркестанского областного филиала партии «Respublica»,Туркестанской области,область,Туркестанская область,Party apparatus,Political party,yes,Top executive,no
Respublica,6,Алимбаева,Адия Базиловна,1978,48,F,директор департамента по взаимодействию с государственными органами «Центра развития цифровой экономики» АО «Казахтелеком»,городе Караганде,город,Караганда,Business,Quasi-governmental,no,Senior management,no
Respublica,7,Алпысов,Мейир Серикович,1988,38,M,заместитель директора ТОО «Akmola Industry»,городе Астане,город,Астана,Business,Private company,no,Senior management,no
Respublica,8,Амангелді,Маханбет,1988,38,M,председатель Павлодарского областного филиала партии «Respublica»,Павлодарской области,область,Павлодарская область,Party apparatus,Political party,yes,Top executive,no
Respublica,9,Аубакиров,Нурлан Ерикбаевич,1975,51,M,председатель Карагандинского областного филиала партии «Respublica»,городе Караганде,город,Караганда,Party apparatus,Political party,yes,Top executive,no
Respublica,10,Ахметканов,Арман Шамаевич,1981,45,M,учредитель ТОО «Семей Көркем»,городе Семей,город,Семей,Business,Private company,no,Entrepreneur,no
Respublica,11,Ахметов,Еркебулан Картаевич,1987,39,M,вице-президент Федерации Кокпара РК,городе Астане,город,Астана,Sport,NGO,no,Senior management,no
Respublica,12,Ахметов,Сеилжан Адилханович,1980,46,M,заместитель председателя Комитета государственных доходов Министерства финансов РК,городе Астане,город,Астана,Government,State body,no,Senior management,no
Respublica,13,Байконова,Даурия Бейбитовна,1988,38,F,"ИП «Байконова», руководитель",городе Караганде,город,Караганда,Business,Self-employed,no,Entrepreneur,no
Respublica,14,Балғожа,Айнаш Қабибуллақызы,1980,46,F,заведующий сектором государственно-правового отдела Администрации Президента Республики Казахстан,городе Астане,город,Астана,Government,State body,no,Senior management,no
Respublica,15,Бейсембаева,Сабина Сакеновна,1986,40,F,специалист Мангистауского областного филиала партии «Respublica»,городе Актау,город,Актау,Party apparatus,Political party,yes,Specialist,no
Respublica,16,Бергенев,Чингиз Адылгазыевич,1988,38,M,советник Руководителя Центрального аппарата партии «Respublica»,городе Астане,город,Астана,Party apparatus,Political party,yes,Specialist,no
Respublica,17,Болысов,Тохтар Коммунарович,1994,32,M,советник Руководителя Центрального аппарата партии «Respublica»,городе Астане,город,Астана,Party apparatus,Political party,yes,Specialist,no
Respublica,18,Ботабекова,Баян Жайдархановна,1977,49,F,"аким сельского округа имени Магжан Жумабаева, Северо-Казахстанской области",Северо-Казахстанской области,область,Северо-Казахстанская область,Government,State body,no,Top executive,no
Respublica,19,Боярова,Маргарита Владимировна,1990,36,F,"ИП «Royal Event», директор ТОО «Shanyraq Partners»",городе Алматы,город,Алматы,Business,Self-employed,no,Entrepreneur,no
Respublica,20,Вайгорова,Лаура Ринатовна,1995,31,F,генеральный директор «Smartest Prep LTD»,городе Астане,город,Астана,Business,Private company,no,Top executive,no
Respublica,21,Габбасов,Еркин Тлеугабылович,1983,43,M,"Центр спортивной подготовки для лиц с ограниченными физическими возможностями, параспортсмен",городе Кокшетау,город,Кокшетау,Sport,State body,no,Specialist,no
Respublica,22,Дәулетбаева,Венера Нартайқызы,1983,43,F,директор ТОО «Venera Print»,городе Кызылорда,город,Кызылорда,Business,Private company,no,Top executive,no
Respublica,23,Домаев,Сергей Александрович,1988,38,M,генеральный директор ТОО «Б-Агро-Север»,городе Петропавловск,город,Петропавловск,Agriculture,Private company,no,Top executive,no
Respublica,24,Доскалиев,Айдос Жаксылыкович,1982,44,M,директор по стратегии и науке АО «Национальный центр нейрохирургии»,городе Астане,город,Астана,Healthcare,State body,no,Senior management,no
Respublica,25,Дуйсекенов,Ержан Нусипбекович,1970,56,M,председатель Алматинского областного филиала партии «Respublica»,городе Алматы,город,Алматы,Party apparatus,Political party,yes,Top executive,no
Respublica,26,Дуйсенбаева,Малика Муратжановна,1978,48,F,ИП «Malika Duisenbayeva»,городе Актобе,город,Актобе,Business,Self-employed,no,Entrepreneur,no
Respublica,27,Жабасов,Даурен Еркинович,1986,40,M,вице-президент Федерации борьбы РК,городе Астане,город,Астана,Sport,NGO,no,Senior management,no
Respublica,28,Жайнарбай,Жалынбек,1983,43,M,учредитель и директор группы компаний «Sign Tech»,городе Алматы,город,Алматы,Business,Private company,no,Top executive,no
Respublica,29,Жампеисов,Думан Абильтаевич,1982,44,M,главный менеджер-аналитик Фракции партии «Respublica»,городе Астане,город,Астана,Party apparatus,Political party,yes,Specialist,no
Respublica,30,Жунусов,Олжас Файзуллаевич,1982,44,M,директор колледжа «Отырар»,городе Шымкент,город,Шымкент,Education & science,Private company,no,Top executive,no
Respublica,31,Идрисов,Руслан Рашитович,1984,42,M,заместитель директора ТОО «Global Foods»,городе Алматы,город,Алматы,Business,Private company,no,Senior management,no
Respublica,32,Иманов,Нуржан Ибрагимович,1980,46,M,председатель правления АО «УлыТау Холдинг»,городе Астане,город,Астана,Business,Private company,no,Top executive,no
Respublica,33,Искаков,Жанат Маратович,1977,49,M,руководитель Центрального аппарата партии «Respublica»,городе Астане,город,Астана,Party apparatus,Political party,yes,Top executive,no
Respublica,34,Қази,Асылжан Ешжанұлы,1989,37,M,директор ТОО «Espresso Day»,городе Астане,город,Астана,Business,Private company,no,Top executive,no
Respublica,35,Карин,Сакен Абуханович,1978,48,M,управляющий партнер ТОО «Finex-Audit»,городе Астане,город,Астана,Business,Private company,no,Top executive,no
Respublica,36,Карпикова,Назым Ермековна,1987,39,F,"генеральный директор ТОО «Atelier Arunaz», ИП «Ателье Аруназ Дизайн»",городе Алматы,город,Алматы,Business,Private company,no,Top executive,no
Respublica,37,Касымбаев,Мейрхат Мейрамханович,1980,46,M,председатель наблюдательного совета ТОО «Capital Road Construction»,городе Астане,город,Астана,Business,Private company,no,Top executive,no
Respublica,38,Келимбетова,Айнур Шайзханкызы,1990,36,F,председатель Жамбылского областного филиала партии «Respublica»,городе Тараз,город,Тараз,Party apparatus,Political party,yes,Top executive,no
Respublica,39,Кәрімжан,Гүлназ Кәрімжанқызы,1985,41,F,директор центра кино и искусства «BN Prodaction»,городе Атырау,город,Атырау,Culture,Private company,no,Top executive,no
Respublica,40,Кикимов,Максат Сакенович,1986,40,M,генеральный директор - член наблюдательного совета «Dala Edge Creative Park»,городе Алматы,город,Алматы,Business,Private company,no,Top executive,no
Respublica,41,Конилхан,Алия,1988,38,F,"ИП «Алия Конилхан», руоводитель",городе Усть-Каменогорск,город,Усть-Каменогорск,Business,Self-employed,no,Entrepreneur,no
Respublica,42,Кумысбеков,Айбек Кумысбекович,1985,41,M,"ТОО «B2C», директор",городе Астане,город,Астана,Business,Private company,no,Top executive,no
Respublica,43,Куспеков,Олжас Хайроллаевич,1986,40,M,депутат Мажилиса Парламента VIII созыва,городе Астане,город,Астана,Legislator,State body,no,Legislator,yes
Respublica,44,Мадиева,Дилафруз Давлятбековна,1980,46,F,президент ТОО «Балмуздак»,городе Шымкент,город,Шымкент,Business,Private company,no,Top executive,no
Respublica,45,Мақатов,Дулат Нұрланұлы,1992,34,M,председатель Западно-Казахстанского областного филиала партии «Respublica»,городе Уральск,город,Уральск,Party apparatus,Political party,yes,Top executive,no
Respublica,46,Марклен,Азамат Ержанулы,1995,31,M,"ИП «Марклен», руководитель",городе Алматы,город,Алматы,Business,Self-employed,no,Entrepreneur,no
Respublica,47,Мәдәлі,Мейрамгүл Ералықызы,1988,38,F,"ТОО «Телевидение Астана», продюсер",городе Астане,город,Астана,Media,Private company,no,Specialist,no
Respublica,48,Мункебаев,Даурен Биркутович,1984,42,M,"GR директор, АО «Костанайские минералы»",городе Астане,город,Астана,Business,Private company,no,Senior management,no
Respublica,49,Муратбеков,Даурен Булатович,1984,42,M,секретарь Высшего Судебного Совета РК - руководитель аппарата,городе Астане,город,Астана,Government,State body,no,Senior management,no
Respublica,50,Мұхамеджан,Ерболат Амангелдіұлы,1988,38,M,советник директора Телерадиокомплекса Президента РК,городе Астане,город,Астана,Media,State body,no,Specialist,no
Respublica,51,Мухамедрахимова,Анаргуль Хаиржановна,1978,48,F,Индивидуальный предприниматель,городе Кокшетау,город,Кокшетау,Business,Self-employed,no,Entrepreneur,no
Respublica,52,Нагуманова,Тахмина Утагалиевна,1974,52,F,заместитель Генерального директора АО «КазАзот» по корпоративному и устойчивому развитию,городе Астане,город,Астана,Business,Private company,no,Senior management,no
Respublica,53,Наскенов,Жабай Алемгерович,1987,39,M,генеральный директор группы компаний ТОО «NQDC GROUP»,городе Астане,город,Астана,Business,Private company,no,Top executive,no
Respublica,54,Науатбек,Ақмарал Маратқызы,1999,27,F,"Центр спортивной подготовки для лиц с ограниченными физическими возможностями, инструктор-спортсмен",городе Астане,город,Астана,Sport,State body,no,Specialist,no
Respublica,55,Наумова,Динара Рустамовна,1997,29,F,депутат Мажилиса Парламента РК VIII созыва,городе Астане,город,Астана,Legislator,State body,no,Legislator,yes
Respublica,56,Нұғман,Ақмоншақ Нұртазақызы,1991,35,F,директор школы-гимназии № 58,городе Астане,город,Астана,Education & science,State body,no,Top executive,no
Respublica,57,Сагади,Сауле,1972,54,F,Индивидуальный предприниматель,городе Астане,город,Астана,Business,Self-employed,no,Entrepreneur,no
Respublica,58,Сайдуллаева,Нилуфар Пахритдиновна,1988,38,F,директор ТОО «Art school 2020»,городе Шымкент,город,Шымкент,Education & science,Private company,no,Top executive,no
Respublica,59,Смаилов,Нурсултан Сагындыкович,1991,35,M,директор департамента экономики и планирования АО «НК «Казахстан инжиниринг»,городе Астане,город,Астана,Business,Quasi-governmental,no,Senior management,no
Respublica,60,Смолякова,Екатерина Сергеевна,1987,39,F,депутат Мажилиса Парламента РК VIII созыва,городе Талдыкорган,город,Талдыкорган,Legislator,State body,no,Legislator,yes
Respublica,61,Солтиев,Ернат Бакытжанович,1989,37,M,руководитель ТОО «Алматы Лакшери Трэвел»,городе Алматы,город,Алматы,Business,Private company,no,Top executive,no
Respublica,62,Суентаев,Дамир Серкбаевич,1984,42,M,"независимый директор АО «KEGOC», генеральный директор АО «НацЭКС»",городе Алматы,город,Алматы,Business,Quasi-governmental,no,Senior management,no
Respublica,63,Сулейменов,Ерлан Мельсович,1974,52,M,генеральный директор ТОО «КДЛ «Олимп»,городе Астане,город,Астана,Healthcare,Private company,no,Top executive,no
Respublica,64,Сулименко,Ирина Юрьевна,1979,47,F,"учредительный директор ТОО «КАС Консалтинг софт», Президент Казахстанской ассоциации информационных технологий и инноваций»",городе Костанай,город,Костанай,Business,Private company,no,Top executive,no
Respublica,65,Сураган,Дурвудхан,1988,38,M,"профессор Nazarbayev University, академик НАН",городе Астане,город,Астана,Education & science,Quasi-governmental,no,Specialist,no
Respublica,66,Тау,Нургул,1973,53,F,депутат Мажилиса Парламента РК VIII созыва,городе Алматы,город,Алматы,Legislator,State body,no,Legislator,yes
Respublica,67,Темірхан,Нұрсұлтан Талғатұлы,1993,33,M,учредитель ТОО «Энерджи Тараз»,городе Тараз,город,Тараз,Business,Private company,no,Entrepreneur,no
Respublica,68,Тогизбаева,Айдана Кенбаевна,1990,36,F,советник Руководителя Центрального аппарата партии «Respublica»,городе Астане,город,Астана,Party apparatus,Political party,yes,Specialist,no
Respublica,69,Тулеубаева,Анар Абетаевна,1986,40,F,заместитель председателя Ассоциации по развитию искусственного интеллекта в Казахстане,городе Астане,город,Астана,Civil society,NGO,no,Senior management,no
Respublica,70,Уразгалиева,Зульфия Мергеновна,1982,44,F,руководитель ИП «Евротекстиль»,городе Уральск,город,Уральск,Business,Self-employed,no,Entrepreneur,no
Respublica,71,Утебаев,Галымжан Саламатович,1989,37,M,председатель Атырауского областного филиала партии «Respublica»,городе Атырау,город,Атырау,Party apparatus,Political party,yes,Top executive,no
Respublica,72,Хайруллаев,Нуржигит Нурболатович,1980,46,M,председатель Мангистауского областного филиала партии «Respublica»,городе Актау,город,Актау,Party apparatus,Political party,yes,Top executive,no
Respublica,73,Хасенов,Махамбет Кабдулкаироич,1975,51,M,генеральный директор ТОО «Special oil Projets»,городе Алматы,город,Алматы,Business,Private company,no,Top executive,no
Respublica,74,Хорошаш,Аскар Насибуллович,1974,52,M,председатель правления НАО «Turar Healthcare»,городе Астане,город,Астана,Healthcare,Quasi-governmental,no,Top executive,no
Respublica,75,Ходжаназаров,Айдарбек Асанович,1983,43,M,депутат Мажилиса Парламента РК VIII созыва,городе Астане,город,Астана,Legislator,State body,no,Legislator,yes
Ақ жол,1,Абильдин,Ермек Толеуулы,1980,46,M,председатель Карагандинского областного филиала ДПК «Ак жол»,городе Караганда,город,Караганда,Party apparatus,Political party,yes,Top executive,no
Ақ жол,2,Арыстанова,Айгерим Атыгаевна,1996,30,F,Руководитель службы поддержки молодежного предпринимательства ДПК «Ак жол»,городе Астана,город,Астана,Party apparatus,Political party,yes,Senior management,no
Ақ жол,3,Ахметжаев,Даурен Хайруллаевич,1982,44,M,директор ТОО «Даниял құрылыс дизайн»,городе Тараз,город,Тараз,Business,Private company,no,Top executive,no
Ақ жол,4,Әуес,Жоламан Бейсеханұлы,1997,29,M,Индивидуальный предприниматель,городе Шу,город,Шу,Business,Self-employed,no,Entrepreneur,no
Ақ жол,5,Барлыбаев,Ерлан Хайланович,1967,59,M,"заместитель Председателя ДПК «Ак жол», депутат Мажилиса Парламента РК VII, VIII созыва",городе Алматы,город,Алматы,Party apparatus,Political party,yes,Top executive,yes
Ақ жол,6,Бейсенбаев,Ержан Алмабекович,1990,36,M,заместитель председателя Алматинского городского филиала ДПК «Ак жол»,селе Абай Карасайского района Алматинской области,село,Абай,Party apparatus,Political party,yes,Senior management,no
Ақ жол,7,Белшер,Нұрлан Тукмағанбетұлы,1973,53,M,президент АО «KazPetroDrilling»,городе Актау,город,Актау,Business,Private company,no,Top executive,no
Ақ жол,8,Бибаев,Бактыбек Сальбекович,1995,31,M,директор филиала ТОО «Texol Транс»,городе Астана,город,Астана,Business,Private company,no,Senior management,no
Ақ жол,9,Бисенов,Бекнур Амантаевич,1992,34,M,директор Атырауского филиала ТОО «КМG EP-Catering»,городе Актау,город,Актау,Business,Private company,no,Senior management,no
Ақ жол,10,Джумагалиев,Рустам Айсултанович,1981,45,M,секретарь Политического совета ДПК «Ак жол»,городе Астана,город,Астана,Party apparatus,Political party,yes,Senior management,no
Ақ жол,11,Дюсембинов,Берик Салимжанович,1971,55,M,"депутат Мажилиса Парламента РК VII созыва, секретарь Политического совета ДПК «Ақ жол»",городе Астана,город,Астана,Party apparatus,Political party,yes,Senior management,no
Ақ жол,12,Егинбаев,Ермек Молдакулович,1965,61,M,"председатель филиала ДПК «Ак жол» области Жетісу, председатель постоянной комиссии областного маслихата области Жетісу, область Жетісу",городе Талдыкорган,город,Талдыкорган,Party apparatus,Political party,yes,Top executive,no
Ақ жол,13,Елубаева,Марал Куандыковна,1965,61,F,декан школы педиатрии НАО «Карагандинский Медицинский университет»,городе Караганда,город,Караганда,Education & science,Quasi-governmental,no,Senior management,no
Ақ жол,14,Ерубаев,Серик Сарсенович,1968,58,M,"заместитель председателя ДПК «Ак жол», депутат Мажилиса Парламента РК VII, VIII созыва",городе Атырау,город,Атырау,Party apparatus,Political party,yes,Top executive,yes
Ақ жол,15,Еспаева,Дания Мадиевна,1961,65,F,"председатель ДПК «Ақ жол», депутат Мажилиса Парламента РК VII, VIII созыва",городе Астана,город,Астана,Party apparatus,Political party,yes,Top executive,yes
Ақ жол,16,Жалмуканова,Лаззат Жумагуловна,1962,64,F,директор КГУ «Средняя школа комплекс национального возрождения № 17» города Петропавловска,городе Петропавловск,город,Петропавловск,Education & science,State body,no,Top executive,no
Ақ жол,17,Жампиисов,Рамазан Купесбаевич,1982,44,M,исполнительный директор «Ассоциации ECOJER»,городе Астана,город,Астана,Civil society,NGO,no,Top executive,no
Ақ жол,18,Жаукебаев,Бек-Мүхаммед Мейірбекұлы,1999,27,M,инженер ТОО «Connectivity Solutions»,городе Алматы,город,Алматы,Business,Private company,no,Specialist,no
Ақ жол,19,Жутаев,Махаббат Сагынбаевич,1968,58,M,"председатель Костанайского областного филиала ДПК «Ак жол», председатель постоянной комиссии по вопросам социальной сферы Костанайского областного маслихата",городе Костанай,город,Костанай,Party apparatus,Political party,yes,Top executive,no
Ақ жол,20,Ибатуллина,Эльмира Павловна,1974,52,F,управляющий партнер ТОО «First Legal Consulting group»,городе Алматы,город,Алматы,Law,Private company,no,Top executive,no
Ақ жол,21,Иса,Қазыбек Жарылқасынұлы,1962,64,M,"заместитель Председателя ДПК «Ак жол», депутат Мажилиса Парламента РК VII, VIII созыва",городе Алматы,город,Алматы,Party apparatus,Political party,yes,Top executive,yes
Ақ жол,22,Исин,Алибек Ерликович,1989,37,M,Генеральный директор ТОО «Samadi A Group»,городе Жезказган,город,Жезказган,Business,Private company,no,Top executive,no
Ақ жол,23,Кабдыгалиева,Мейрамгуль Кенжелагиевна,1977,49,F,управляющий директор ТОО «Казахстанский завод магнезитовых изделий»,городе. Астана,город,Астана,Business,Private company,no,Top executive,no
Ақ жол,24,Кайркан,Азат Серикжанулы,1992,34,M,председатель наблюдательного Совета ТОО «Best Product Pavlodar»,городе Павлодар,город,Павлодар,Business,Private company,no,Top executive,no
Ақ жол,25,Калинкин,Анатолий Дмитриевич,1997,29,M,"директор ТОО «Discovery Coffee Semey», депутат городского маслихата г. Семей",городе Семей,город,Семей,Business,Private company,no,Top executive,no
Ақ жол,26,Кинсфатер,Артур Сергеевич,1995,31,M,директор ОЮЛ «ИП «КАПиСУ»; заместитель председателя по правовым вопросам Карагандинского областного филиала ДПК «Ак жол»,городе Караганда,город,Караганда,Civil society,NGO,no,Top executive,no
Ақ жол,27,Кинцель,Евгений Юрьевич,1977,49,M,председатель партийной комиссии ДПК «Ак жол»,городе Петропавловск,город,Петропавловск,Party apparatus,Political party,yes,Senior management,no
Ақ жол,28,Кожахметов,Асылхан Тулеббергенович,1984,42,M,"секретарь Полититического совета, руководитель аппарата ДПК «Ак жол»",городе Астана,город,Астана,Party apparatus,Political party,yes,Top executive,no
Ақ жол,29,Козыбаков,Улан Ермекович,1988,38,M,заместитель директора ТОО «Astana Energo Hub»,городе Актобе,город,Актобе,Business,Private company,no,Senior management,no
Ақ жол,30,Корганбаев,Батыржан,1979,47,M,директор филиала ТОО «KMG Security» в городе Жанаозен,городе Актау,город,Актау,Business,Private company,no,Senior management,no
Ақ жол,31,Ли,Юрий Виссарионович,1977,49,M,Генеральный директор ОФ «Финансовая культура Казахстана»,городе Астана,город,Астана,Civil society,NGO,no,Top executive,no
Ақ жол,32,Линник,Андрей Григорьевич,1974,52,M,советник ТОО «Aspara Munay»,городе Алматы,город,Алматы,Business,Private company,no,Specialist,no
Ақ жол,33,Логутов,Константин Николаевич,1981,45,M,"Генеральный директор ТОО «Billboards Empire», директор ТОО «Terra Invest Group», директор ТОО «Энерго Трэйдинг Групп»",городе Алматы,город,Алматы,Business,Private company,no,Top executive,no
Ақ жол,34,Малимов,Бакдаулет Алиакбарович,1985,41,M,Генеральный директор ТОО «Смарт-энергетика»,городе Шымкент,город,Шымкент,Business,Private company,no,Top executive,no
Ақ жол,35,Мендыханов,Алим Болатулы,1994,32,M,Генеральный директор ТОО «ENCOS Group»,городе Астана,город,Астана,Business,Private company,no,Top executive,no
Ақ жол,36,Мергалиев,Аскар Серикович,1981,45,M,директор ТОО «Урал Пром Энерго»,городе. Уральск,город,Уральск,Business,Private company,no,Top executive,no
Ақ жол,37,Микрюков,Виктор Николаевич,1981,45,M,президент ОЮЛ «Ассоциация Застройщиков Казахстана»,городе Астана,город,Астана,Civil society,NGO,no,Top executive,no
Ақ жол,38,Мусапарбеков,Канат Жантуякович,1963,63,M,руководитель департамента экологии по Павлодарской области,городе Павлодар,город,Павлодар,Government,State body,no,Senior management,no
Ақ жол,39,Найзакулов,Бауыржан Онланбекулы,1980,46,M,Генеральный директор ТОО «Таразкий кожевенный завод»,городе Тараз,город,Тараз,Business,Private company,no,Top executive,no
Ақ жол,40,Нуралдинов,Олжас Ельтайулы,1989,37,M,депутат Мажилиса Парламента РК VІІІ созыва,городе Астана,город,Астана,Legislator,State body,no,Legislator,yes
Ақ жол,41,Өмірғали,Ерлік Қайдарұлы,1979,47,M,предприниматель,городе Астана,город,Астана,Business,Self-employed,no,Entrepreneur,no
Ақ жол,42,Перуашев,Азат Турлыбекулы,1967,59,M,"депутат Мажилиса Парламента РК V, VI, VII, VIII созыва",городе Астана,город,Астана,Legislator,State body,no,Legislator,yes
Ақ жол,43,Ракишева,Алия Булатовна,1987,39,F,директор департамента ПХВ «Информационно-вычислительный центр»,городе Алматы,город,Алматы,Government,State body,no,Senior management,no
Ақ жол,44,Раманкулов,Максат Базаралыевич,1974,52,M,"директор СКФ «Туркестан», директор ТОО «DG-art», советник Генерального директора ТОО «Mabex Trade LTD»",городе Астана,город,Астана,Business,Private company,no,Top executive,no
Ақ жол,45,Сағымбекұлы,Абзалбек,1972,54,M,заместитель председателя Алматинского областного филиала ДПК «Ак жол»,городе Талгар,город,Талгар,Party apparatus,Political party,yes,Senior management,no
Ақ жол,46,Салыкбаев,Абзал Мырзаханович,1990,36,M,"председатель Туркестанского областного филилала ДПК «Ак жол», предприниматель",городе Арыс,город,Арыс,Party apparatus,Political party,yes,Top executive,no
Ақ жол,47,Сартбаев,Сакен Сатвалдиевич,1971,55,M,первый заместитель Генерального директора ТОО «Dostyk Gaz Terminal»,городе Алматы,город,Алматы,Business,Private company,no,Senior management,no
Ақ жол,48,Сергазинова,Александра Кабдуллаевна,1969,57,F,"заместитель директора ТОО «Газета «Наш Костанай», редактор ИА «Тобол Инфо»",городе Костанай,город,Костанай,Media,Private company,no,Senior management,no
Ақ жол,49,Смагулов,Аскар Сайлаубекович,1970,56,M,"председатель Астанинского филиала ДПК «Ак жол», председатель постоянной комиссии маслихата города Астана по вопросам социально-культурного развития",городе Астана,город,Астана,Party apparatus,Political party,yes,Top executive,no
Ақ жол,50,Смагулов,Рустем Сагадатович,1991,35,M,директор ТОО «Стройгрупп PVL»,селе Чернорецк Павлодарского района Павлодарской области,село,Чернорецк,Business,Private company,no,Top executive,no
Ақ жол,51,Сыздыков,Саят Толегенулы,1977,49,M,председатель постоянной комиссии по социальным вопросам Акмолинского областного маслихата,городе Кокшетау,город,Кокшетау,Legislator,State body,no,Legislator,no
Ақ жол,52,Тастекей,Дулат Тұрсынұлы,1982,44,M,"основатель и управляющий группы компаний «TASGROUP», Генеральный директор ТОО «МФО «TAS FINANSCE GROUP»",городе Алматы,город,Алматы,Business,Private company,no,Top executive,no
Ақ жол,53,Тлеужанов,Ержан Хамитович,1989,37,M,директор ресторана «Жібек жолы»,городе Семей,город,Семей,Business,Private company,no,Top executive,no
Ақ жол,54,Тулебаев,Исламбек Насруллаевич,1980,46,M,председатель постоянной комиссии по инвестициям и развитию городской комфортной среды маслихата города Шымкент,городе Шымкент,город,Шымкент,Legislator,State body,no,Legislator,no
Ақ жол,55,Тулегенова,Акманат Муратовна,1979,47,F,заместитель директора ТОО «Арал газ»,поселке Тасбогет города Кызылорда,поселок,Тасбогет,Business,Private company,no,Senior management,no
Ақ жол,56,Уткин,Сергей Геннадьевич,1965,61,M,"индивидуальный предприниматель, юрист международного фонда защиты свободы слова «Адил сөз»",городе Алматы,город,Алматы,Business,Self-employed,no,Entrepreneur,no
Ақ жол,57,Хамзин,Ғани Булатұлы,1994,32,M,заместитель директора департамента стратегии ТОО «Корпорация «Казахмыс»,городе Астана,город,Астана,Business,Private company,no,Senior management,no
Ақ жол,58,Хасанов,Ержан Кайржанович,1975,51,M,"директор ИП «Мағжан», депутат областного маслихата по Западно-Казахстанской области",городе Уральск,город,Уральск,Business,Self-employed,no,Entrepreneur,no
Ақ жол,59,Шагимолдин,Ержан Омирканович,1985,41,M,учитель истории Назарбаев интеллектуальная школа в городе Астана,городе Астана,город,Астана,Education & science,State body,no,Specialist,no
Ақ жол,60,Шардинов,Бахтияр Ахметжанович,1972,54,M,Генеральный директор ТОО ДП «Жаркент»,городе Алматы,город,Алматы,Business,Private company,no,Top executive,no
Ақ жол,61,Шимиров,Мухтар Аскарович,1982,44,M,"депутат городского маслихата города Шымкент, директор кооператива «BIOMAK»",городе. Шымкент,город,Шымкент,Legislator,State body,no,Legislator,no
Ақ жол,62,Шынасилова,Мейраш,1971,55,F,"председатель Алматинского областного филиала ДПК «Ак жол», заместитель директора ТОО «Специализированное предприятие по обработке камня»",городе Каскелен Карасайского района Алматинской области,город,Каскелен,Party apparatus,Political party,yes,Top executive,no
Ақ жол,63,Юсупов,Ермеккалий Тулепкалиевич,1965,61,M,"председатель Атырауского областного филиала ДПК «Ак жол», директор ТОО «Атырау көлік құрылыс»",городе Атырау,город,Атырау,Party apparatus,Political party,yes,Top executive,no
Ауыл,1,Абден,Қарақат Жақсылыққызы,1974,52,F,член Политсовета «Партии «Ауыл»,городе Астане,город,Астана,Party apparatus,Political party,yes,Senior management,no
Ауыл,2,Абдижаппаров,Жандос,1991,35,M,руководитель ТОО «Бірлік АЖА»,Алматинской области,область,Алматинская область,Business,Private company,no,Top executive,no
Ауыл,3,Абдуразакова,София Ринатовна,1979,47,F,советник председателя «Партии «Ауыл»,городе Астане,город,Астана,Party apparatus,Political party,yes,Specialist,no
Ауыл,4,Абдыханов,Улан Аманбекович,1974,52,M,"председатель регионального филиала «Партии «Ауыл» по городу Астана, генеральный директор горнодобывающего ТОО «Aksenger mining»",городе Астане,город,Астана,Party apparatus,Political party,yes,Top executive,no
Ауыл,5,Абитаев,Фарид Кумашевич,1966,60,M,"председатель регионального филиала «Партии «Ауыл» по Восточно-Казахстанской области , директор ТОО «Опытное хозяйство масличных культур», депутат маслихата Восточно-Казахстанской области",городе Усть-Каменогорске,город,Усть-Каменогорск,Party apparatus,Political party,yes,Top executive,no
Ауыл,6,Айтбаев,Талгат Ергенович,1966,60,M,директор ТОО «АвтоНурМах»,городе Шымкенте,город,Шымкент,Business,Private company,no,Top executive,no
Ауыл,7,Айтуганов,Кайрат Капарович,1962,64,M,председатель «Партии «Ауыл»,городе Астане,город,Астана,Party apparatus,Political party,yes,Top executive,no
Ауыл,8,Алдашбаев,Сәкен Мінуарұлы,1980,46,M,редактор газеты «Сыр Дидары»,городе Кызылорде,город,Кызылорда,Media,Private company,no,Specialist,no
Ауыл,9,Алтангадас,Жанат,1983,43,M,руководитель ТОО «Алтын Жулдыз»,городе Алматы,город,Алматы,Business,Private company,no,Top executive,no
Ауыл,10,Ануарбеков,Жакыпбек Жылкыбаевич,1983,43,M,"директор ТОО «Ремспецстрой», директор ТОО «Улдана»",городе Караганде,город,Караганда,Business,Private company,no,Top executive,no
Ауыл,11,Арсютин,Николай Геннадьевич,1970,56,M,член Политсовета «Партии «Ауыл»,городе Экибастузе,город,Экибастуз,Party apparatus,Political party,yes,Senior management,no
Ауыл,12,Аскаров,Канат Каирлыевич,1961,65,M,директор филиала «Есиль су» РГП на ПХВ» Казводхоз» МВРИ РК,городе Петропавловске,город,Петропавловск,Government,State body,no,Senior management,no
Ауыл,13,Ахметова,Балнур Сериковна,1984,42,F,заведующая кафедрой Шәкәрім университета,городе Семей,город,Семей,Education & science,State body,no,Senior management,no
Ауыл,14,Бабамуратов,Даурен Абуталипович,1984,42,M,советник председателя «Партии «Ауыл»,городе Астане,город,Астана,Party apparatus,Political party,yes,Specialist,no
Ауыл,15,Базилов,Асхат Мауленович,1989,37,M,"председатель Жетысуского регионального филиала «Партии «Ауыл», руководитель Жетысуского филиала РГП «Республиканский противоэпизоотический отряд»",городе Талдыкорган,город,Талдыкорган,Party apparatus,Political party,yes,Top executive,no
Ауыл,16,Байжанов,Нуртас Жарылгасинович,1988,38,M,председатель регионального филиала «Партии «Ауыл» по Атырауской области,городе Атырау,город,Атырау,Party apparatus,Political party,yes,Top executive,no
Ауыл,17,Байкин,Айдар Косымович,1986,40,M,декан факультета экономики и права Костанайского университета им. А. Байтұрсынұлы,городе Костанай,город,Костанай,Education & science,State body,no,Senior management,no
Ауыл,18,Байманов,Шахмардан Аскарович,1984,42,M,заместитель председателя «Партии «Ауыл»-руководитель Центрального аппарата,городе Астане,город,Астана,Party apparatus,Political party,yes,Top executive,no
Ауыл,19,Бегалиева,Захира Онгарбаевна,1971,55,F,"директор Общественного фонда «ITeachMe» центр развития компетенций», внештатный советник министра труда и социальной защиты населения Республики Казахстан",городе Алматы,город,Алматы,Civil society,NGO,no,Top executive,no
Ауыл,20,Бекиев,Канат Ботаевич,1959,67,M,председатель регионального филиала «Партии «Ауыл» по Алматинской области,Алматинской области,область,Алматинская область,Party apparatus,Political party,yes,Top executive,no
Ауыл,21,Берікқожа,Серікбол Қайратұлы,1991,35,M,исполнительный директор общественного фонда «Саналы Қоғам»,городе Астане,город,Астана,Civil society,NGO,no,Top executive,no
Ауыл,22,Білеш,Ерали Нұржанұлы,1999,27,M,руководитель ТОО «Металл-инжениринг»,городе Астане,город,Астана,Business,Private company,no,Top executive,no
Ауыл,23,Дайрабаев,Жигули Молдакалыкович,1954,72,M,"член Политсовета «Партии «Ауыл», председатель правления «Ассоциация фермеров Казахстана»",городе Астане,город,Астана,Party apparatus,Political party,yes,Senior management,no
Ауыл,24,Двуреченский,Андрей Валентинович,1976,50,M,директор ТОО «Александровское»,городе Костанай,город,Костанай,Business,Private company,no,Top executive,no
Ауыл,25,Джакашев,Ернар Камидинович,1990,36,M,учредитель ТОО «Basic Agro»,городе Астане,город,Астана,Agriculture,Private company,no,Entrepreneur,no
Ауыл,26,Джакупов,Жаслан Кабибуллинович,1974,52,M,член совета директоров ТОО «Батыс Пауэр»,городе Уральске,город,Уральск,Business,Private company,no,Senior management,no
Ауыл,27,Досхожаев,Ильяс Алмасханович,1989,37,M,"частное учреждение «Samruk Business Academy», заместитель генерального директора",городе Астане,город,Астана,Education & science,Quasi-governmental,no,Senior management,no
Ауыл,28,Егізбаев,Серік Рахметоллаұлы,1963,63,M,первый заместитель председателя «Партии «Ауыл»,городе Астане,город,Астана,Party apparatus,Political party,yes,Top executive,no
Ауыл,29,Жиенбаев,Абзал Бахитович,1985,41,M,"председатель регионального филиала «Партии «Ауыл» по области Ұлытау, ТОО «Корпорация Казахмыс», главный специалист",городе Сатпаеве,город,Сатпаев,Party apparatus,Political party,yes,Top executive,no
Ауыл,30,Жолдығали,Алшын Әділханұлы,1994,32,M,директор ТОО «Батыс Өнім»,городе Уральске,город,Уральск,Business,Private company,no,Top executive,no
Ауыл,31,Жумагулова,Диляра Темиргалиевна,1978,48,F,"индивидуальный предприниматель, ИП «Жумагулова»",городе Петропавловске,город,Петропавловск,Business,Self-employed,no,Entrepreneur,no
Ауыл,32,Идрисова,Айнур Маратовна,1984,42,F,заместитель директора филиала Академии государственного управления при Президенте Республики Казахстан по городу Алматы,городе Алматы,город,Алматы,Education & science,State body,no,Senior management,no
Ауыл,33,Иргибаев,Мурат Саматович,1991,35,M,заместитель председателя Комитета государственной инспекции в агропромышленном комплексе Министерства сельского хозяйства Республики Казахстан,городе Астане,город,Астана,Government,State body,no,Senior management,no
Ауыл,34,Исмаилов,Арман Оразалиевич,1974,52,M,ректор Костанайского инженерно-экономического университета им. М. Дулатова,городе Костанай,город,Костанай,Education & science,Private company,no,Top executive,no
Ауыл,35,Каджибекова,Ажар Елемесовна,1978,48,F,руководитель Управления сельского хозяйства Восточно-Казахстанской области,городе Астане,город,Астана,Government,State body,no,Senior management,no
Ауыл,36,Калмуратов,Торегельды Оразалиевич,1971,55,M,председатель Туркестанского областного филиала «Партии «Ауыл»,городе Шымкенте,город,Шымкент,Party apparatus,Political party,yes,Top executive,no
Ауыл,37,Карабеков,Гани Ажединович,1968,58,M,председатель Шымкентского городского регионального филиала «Партии «Ауыл»,городе Шымкенте,город,Шымкент,Party apparatus,Political party,yes,Top executive,no
Ауыл,38,Каримбаев,Сейтжапар Ноянович,1972,54,M,директор ТОО «BS Aqro продукт»,городе Шымкенте,город,Шымкент,Agriculture,Private company,no,Top executive,no
Ауыл,39,Киян,Владимир Сергеевич,1985,41,M,"ТОО «Национальный центр биотехнологии», заведующий лабораторией биоразнообразия и генетических ресурсов",городе Астане,город,Астана,Education & science,State body,no,Senior management,no
Ауыл,40,Клишина,Ольга Геннадьевна,1961,65,F,"Северо-Казахстанский областной маслихат, председатель постоянной комиссии Северо-Казахстанского областного маслихата по вопросам охраны здоровья населения, его социальной защиты, образования, культуры и делам молодежи",Северо-Казахстанской области,область,Северо-Казахстанская область,Legislator,State body,no,Legislator,no
Ауыл,41,Конырбаев,Ахметбек Байрозович,1962,64,M,председатель Алматинского городского филиала «Партии «Ауыл»,городе Алматы,город,Алматы,Party apparatus,Political party,yes,Top executive,no
Ауыл,42,Курманбекова,Слушаш Сатбековна,1963,63,F,председатель регионального филиала «Партии «Ауыл» по Жамбылской области,городе Тараз,город,Тараз,Party apparatus,Political party,yes,Top executive,no
Ауыл,43,Қуатбаев,Айбек Нурланұлы,1992,34,M,генеральный директор ТОО «Bugin Holding Corp»,городе Алматы,город,Алматы,Business,Private company,no,Top executive,no
Ауыл,44,Мухаметжанов,Арнур Сагиндыкович,1986,40,M,директор департамента стратегического планирования и анализа Министерства экологии и природных ресурсов Республики Казахстан,городе Астане,город,Астана,Government,State body,no,Senior management,no
Ауыл,45,Мухаметов,Алмас Ерекұлы,1992,34,M,ведущий научный сотрудник РГП на ПХВ «Институт биологии и биотехнологии растений» КН МНВО РК,городе Алматы,город,Алматы,Education & science,State body,no,Specialist,no
Ауыл,46,Мұқатов,Қажғалей Сипуллаұлы,1962,64,M,советник генерального директора ТОО «Гранит Талес-Электроникс»,городе Астане,город,Астана,Business,Private company,no,Specialist,no
Ауыл,47,Мұстафа,Садық Шоңмұрынұлы,1966,60,M,"председатель регионального филиала «Партии «Ауыл» по Кызылординской области, депутат областного маслихата",городе Кызылорда,город,Кызылорда,Party apparatus,Political party,yes,Top executive,no
Ауыл,48,Нугманова,Самал Болатовна,1973,53,F,заместитель директора филиала НАО «Государственная корпорация «Правительство для граждан»,городе Актобе,город,Актобе,Government,Quasi-governmental,no,Senior management,no
Ауыл,49,Нурбеков,Болатжан Саймасаевич,1972,54,M,"председатель постоянной комиссии Алматинского областного маслихата по вопросам здравоохранения, образования, социальной защиты населения, развития культуры и спорта»",городе Алматы,город,Алматы,Legislator,State body,no,Legislator,no
Ауыл,50,Озгамбаев,Куанышбай Омирзакович,1968,58,M,председатель регионального филиала «Партии «Ауыл» по Мангистауской области,Мангистауской области,область,Мангистауская область,Party apparatus,Political party,yes,Top executive,no
Ауыл,51,Омарова,Гульназ Шинтуриновна,1973,53,F,"депутат маслихата области Ұлытау, председатель сельскохозяйственного производственного кооператива «Жетіконыр»",городе Жезказган,город,Жезказган,Legislator,State body,no,Legislator,no
Ауыл,52,Ораш,Нұрхат Серікқалиұлы,1994,32,M,заместитель руководителя аппарата «Партии «Ауыл»,городе Астане,город,Астана,Party apparatus,Political party,yes,Senior management,no
Ауыл,53,Разинков,Александр Александрович,1982,44,M,директор ТОО «Vista Company 2010»,городе Астане,город,Астана,Business,Private company,no,Top executive,no
Ауыл,54,Райханова,Динара Куанышевна,1979,47,F,генеральный директор ТОО «ЮДИ принт»,городе Косшы,город,Косшы,Business,Private company,no,Top executive,no
Ауыл,55,Рахымбек,Дәурен Берікбайұлы,1998,28,M,председатель молодежного крыла «Аuyl jastary» при «Партии «Ауыл»,городе Астане,город,Астана,Party apparatus,Political party,yes,Senior management,no
Ауыл,56,Рзаханов,Максат Кикбаевич,1966,60,M,председатель постоянной комиссии Мангистауского областного маслихата,городе Актау,город,Актау,Legislator,State body,no,Legislator,no
Ауыл,57,Савин,Тимур Владимирович,1983,43,M,руководитель научно-производственного центра зернового хозяйства им. А.И. Бараева,городе Астане,город,Астана,Agriculture,State body,no,Top executive,no
Ауыл,58,Сағындықұлы,Бекен,1965,61,M,профессор Павлодарского педагогического университета им. А. Маргулана,городе Павлодаре,город,Павлодар,Education & science,State body,no,Specialist,no
Ауыл,59,Саурыков,Ерболат Байузакович,1971,55,M,учредитель учреждения «Международный Таразский университет им. Шерхана Муртазы»,городе Тараз,город,Тараз,Education & science,Private company,no,Top executive,no
Ауыл,60,Сәрсенбаев,Марлен Ибрагимұлы,1989,37,M,директор Актюбинского филиала «Национального центра экспертизы и сертификации»,городе Актобе,город,Актобе,Government,State body,no,Senior management,no
Ауыл,61,Султанкулова,Жазира Кайратовна,1980,46,F,руководитель аппарата фракции «Партии «Ауыл» в Мажилисе Парламента Республики Казахстан,городе Астане,город,Астана,Party apparatus,Political party,yes,Senior management,no
Ауыл,62,Сүйін,Бейімбет Жұмабекұлы,1993,33,M,"председатель Общественного объединения «Общество инвалидов» Capable Group», директор ТОО «Төрт Таға»",городе Шымкенте,город,Шымкент,Civil society,NGO,no,Top executive,no
Ауыл,63,Тастанбекова,Гульнара Рахимбердыевна,1973,53,F,декан аграрного факультета ЮКЗУ им. М. Ауэзова,городе Шымкенте,город,Шымкент,Education & science,State body,no,Senior management,no
Ауыл,64,Токсеитова,Рабига Альбековна,1962,64,F,вице-президент холдинговой компании АО «Aitas-KZ»,городе Косшы,город,Косшы,Business,Private company,no,Senior management,no
Ауыл,65,Траисова,Эльмара Аскаровна,1967,59,F,учитель Школа-гимназия №34 им. Асана Тайманова города Уральска,городе Уральске,город,Уральск,Education & science,State body,no,Specialist,no
Ауыл,66,Тулеуова,Камшат Шакирбековна,1985,41,F,менеджер проекта в КХ «Нуралы»,городе Актобе,город,Актобе,Agriculture,Private company,no,Specialist,no
Ауыл,67,Турмухамбетова,Анар Акылбековна,1969,57,F,"НАО «Медицинский университет Астана», председатель правления - ректор",городе Астане,город,Астана,Education & science,Quasi-governmental,no,Top executive,no
Ауыл,68,Турумбаева,Жанна Куатовна,1981,45,F,заведующая отделом аппарата Мажилиса Парламента Республики Казахстан,городе Астане,город,Астана,Government,State body,no,Senior management,no
Ауыл,69,Устемирова,Айнагуль Амантаевна,1982,44,F,индивидуальный предприниматель «Bilgir Studio»,городе Кокшетау,город,Кокшетау,Business,Self-employed,no,Entrepreneur,no
Байтақ,1,Абдуалиева,Айгуль Кадесовна,1974,52,F,"президент учреждения «Международная академия экологии», председатель ОЮЛ «Международная ассоциация производителей экологической чистой продукции»",городе Астане,город,Астана,Civil society,NGO,no,Top executive,no
Байтақ,2,Айбеков,Елдос Айбекұлы,1990,36,M,директор НИИ «Центр исследования цифрового права и глобальных технологий»,городе Алматы,город,Алматы,Education & science,Private company,no,Top executive,no
Байтақ,3,Амиртаев,Азаматхан Сайлауович,1978,48,M,председатель Казахстанской партии зеленых «Байтақ»,городе Астане,город,Астана,Party apparatus,Political party,yes,Top executive,no
Байтақ,4,Амиртаев,Сапар Абдраманович,1962,64,M,адвокат Туркестанской областной коллегии адвокатов,городе Шымкенте,город,Шымкент,Law,Self-employed,no,Specialist,no
Байтақ,5,Аскаров,Бекзат Ерикович,1988,38,M,юрист Казахстанской партии зеленых «Байтақ»,городе Астане,город,Астана,Party apparatus,Political party,yes,Specialist,no
Байтақ,6,Әмірова,Шолпан Кеңесқызы,1983,43,F,директор ТОО «Tau Ken Geology»,городе Атырау,город,Атырау,Business,Private company,no,Top executive,no
Байтақ,7,Байзаханов,Аслан Адильханович,1988,38,M,главный врач ТОО «Медицинский центр клеточных технологий»,городе Астане,город,Астана,Healthcare,Private company,no,Top executive,no
Байтақ,8,Байтемиров,Турсынбек Шерниязович,1967,59,M,генеральный директор ТОО «БатысСуШар»,городе Уральске,город,Уральск,Business,Private company,no,Top executive,no
Байтақ,9,Баубек,Нариман Асқарұлы,1982,44,M,директор ТОО «Baiterek Engineering»,городе Астане,город,Астана,Business,Private company,no,Top executive,no
Байтақ,10,Баяжума,Асылбек,1978,48,M,председатель Акмолинского областного филиала Казахстанской партии зеленых «Байтақ»,городе Кокшетау,город,Кокшетау,Party apparatus,Political party,yes,Top executive,no
Байтақ,11,Бекахметов,Габит Кайратович,1984,42,M,заместитель директора ТОО «Paradigm Shift»,городе Астане,город,Астана,Business,Private company,no,Senior management,no
Байтақ,12,Деркач,Марина Владимировна,1979,47,F,ИП «ArtLab»,городе Актобе,город,Актобе,Business,Self-employed,no,Entrepreneur,no
Байтақ,13,Джакишев,Алмаз Ажибекович,1997,29,M,исполнительный секретарь Восточно- Казахстанского областного филиала Казахстанской партии зеленых «Байтақ»,городе Усть-Каменагорске,город,Усть-Каменогорск,Party apparatus,Political party,yes,Senior management,no
Байтақ,14,Джаппарова,Ардак Сарсенбековна,1981,45,F,директор ТОО «СПМК-5»,городе Астане,город,Астана,Business,Private company,no,Top executive,no
Байтақ,15,Досанов,Абай Сабитович,1970,56,M,заместитель директора АО «НК «ҚТЖ» - дирекция магистральной сети,городе Астане,город,Астана,Business,Quasi-governmental,no,Senior management,no
Байтақ,16,Иманалиев,Аскар Муратович,1978,48,M,общественный деятель,городе Алматы,город,Алматы,Party apparatus,Political party,yes,Top executive,no
Байтақ,17,Иманбаев,Айдос Бейбитович,1981,45,M,председатель Президиума Республиканской палаты частных судебных исполнителей,городе Астане,город,Астана,Law,NGO,no,Top executive,no
Байтақ,18,Кажиев,Сериккан Ергалиевич,1967,59,M,директор ТОО «Семстройлидер»,Астане,город,Астана,Business,Private company,no,Top executive,no
Байтақ,19,Каметов,Бакыт Хабидуллаевич,1967,59,M,председатель постоянной комиссии по социальному и культурному развитию Атырауского областного маслихата,городе Атырау,город,Атырау,Legislator,State body,no,Legislator,no
Байтақ,20,Камытбекова,Сауле Жайлауовна,1969,57,F,заместитель заведующего отделом аппарата Мажилиса Парламента РК,городе Астане,город,Астана,Government,State body,no,Senior management,no
Байтақ,21,Кенжалиев,Эльнар Багдаулетович,1978,48,M,менеджер проекта ТОО «Salplanet»,городе Экибастуз,город,Экибастуз,Business,Private company,no,Specialist,no
Байтақ,22,Кенжебекова,Роза Темуркуловна,1971,55,F,исполнительный директор KTZ Express,городе Астане,город,Астана,Business,Quasi-governmental,no,Top executive,no
Байтақ,23,Керей,Бекберген Дүйсенбайұлы,1971,55,M,секретарь по вопросам зеленой экономики Казахстанской партии зелёных «Байтақ»,городе Астане,город,Астана,Party apparatus,Political party,yes,Senior management,no
Байтақ,24,Краснокуцкий,Андрей Анатольевич,1986,40,M,заместитель директора ТОО «ATON+»,городе Алматы,город,Алматы,Business,Private company,no,Senior management,no
Байтақ,25,Кудеринов,Мурат Тасбулатович,1977,49,M,директор ТОО «Наше право»,городе Караганде,город,Караганда,Business,Private company,no,Top executive,no
Байтақ,26,Кунгожин,Алмаз Мухамбетович,1978,48,M,первый заместитель председателя правления НАО «Республиканская физико- математическая школа»,городе Астане,город,Астана,Education & science,Quasi-governmental,no,Senior management,no
Байтақ,27,Кыдырбаев,Ерлан Жайлаубаевич,1976,50,M,специалист по коммерциализацииТОО «Азия-Auto Казахстан»,городе Астане,город,Астана,Business,Private company,no,Specialist,no
Байтақ,28,Қадырбаева,Нұргүл Жұмахметқызы,1979,47,F,самозанятая,городе Астане,город,Астана,Business,Self-employed,no,Entrepreneur,no
Байтақ,29,Қараш,Алма,1977,49,F,ИП «Alma»,городе Алматы,город,Алматы,Business,Self-employed,no,Entrepreneur,no
Байтақ,30,Мамытов,Нургалый Киябаевич,1958,68,M,руководитель Центрального аппарата Казахстанской партии зеленых «Байтақ»,городе Астане,город,Астана,Party apparatus,Political party,yes,Top executive,no
Байтақ,31,Мартель,Владимир Александрович,1969,57,M,самозанятый,городе Алматы,город,Алматы,Business,Self-employed,no,Entrepreneur,no
Байтақ,32,Махамбетова,Назген Мансұрханқызы,1994,32,F,начальник отдела охраны окружающей среды ТОО «ПетроКазахстан Ойл Продактс»,городе Шымкенте,город,Шымкент,Business,Private company,no,Senior management,no
Байтақ,33,Мусаев,Улан Жолдошбекович,1979,47,M,учитель школы-гимназии № 131,Карасайском районе Алматинской области,район,Карасайский район,Education & science,State body,no,Specialist,no
Байтақ,34,Мұратұлы,Руслан,1989,37,M,директор ТОО «КазОйлЭнерджи»,Сайрамском районе Туркестанской области,район,Сайрамский район,Business,Private company,no,Top executive,no
Байтақ,35,Ордабеков,Айдос Бахытжанулы,1988,38,M,ИП «Томирис»,городе Шымкенте,город,Шымкент,Business,Self-employed,no,Entrepreneur,no
Байтақ,36,Ордабеков,Алтай Еркебекович,1980,46,M,директор ТОО «Bbi Project»,городе Шымкенте,город,Шымкент,Business,Private company,no,Top executive,no
Байтақ,37,Өміртай,Амалбек Даркенұлы,1994,32,M,руководитель аппарата ГУ «Аппарат акима Толебийского района Туркестанской области»,городе Шымкенте,город,Шымкент,Government,State body,no,Senior management,no
Байтақ,38,Сабурова,Нургул Едигеевна,1982,44,F,генеральный директор ТОО «Атыраугидрогеология»,городе Атырау,город,Атырау,Business,Private company,no,Top executive,no
Байтақ,39,Сагимбаев,Таир Амантаевич,1983,43,M,врач стамотолог стоматологии ALFA-DENT»,городе Астане,город,Астана,Healthcare,Private company,no,Specialist,no
Байтақ,40,Садинов,Самат Камысбаевич,1990,36,M,заместитель директора ГККП «Колледж № 7» управления образования Туркестанской области,городе Кентау Туркестанской области,город,Кентау,Education & science,State body,no,Senior management,no
Байтақ,41,Сексенова,Айман Казиевна,1980,46,F,директор ТОО «Eco Madeniet»,городе Актобе,город,Актобе,Business,Private company,no,Top executive,no
Байтақ,42,Серикбаев,Айбол Усенович,1990,36,M,управляющий директор по безопасности ТОО «RS-ЖОЛ СЕРВИС»,городе Кызылорде,город,Кызылорда,Business,Private company,no,Senior management,no
Байтақ,43,Скаков,Ануарбек Адылбекович,1980,46,M,директор ТОО «Астанинская Энергосбытовая компания»,городе Астане,город,Астана,Business,Private company,no,Top executive,no
Байтақ,44,Туртаев,Алмат Керимбаевич,1969,57,M,исполнительный секретарь Казахстанской партии зеленых «Байтақ»,городе Алматы,город,Алматы,Party apparatus,Political party,yes,Senior management,no
Байтақ,45,Туртаев,Болат Талгасулы,1992,34,M,начальник отдела бурения и КПРС ТОО «KazPetrol Group»,городе Алматы,город,Алматы,Business,Private company,no,Senior management,no
Байтақ,46,Файзулин,Тамирлан Банияминович,1990,36,M,самозанятый,городе Талдыкоргане,город,Талдыкорган,Business,Self-employed,no,Entrepreneur,no
Байтақ,47,Ысматуллаев,Руслан Серікұлы,1990,36,M,директор ТОО «АS-ЖОЛ СЕРВИС»,городе Кызылорде,город,Кызылорда,Business,Private company,no,Top executive,no
НПК,1,Абдраймов,Галимжан Райлович,1965,61,M,советник директора ТОО «Inter Group Story Invest»,селе Кыргаулды Карасайского района Алматинской области,село,Кыргаулды,Business,Private company,no,Specialist,no
НПК,2,Абдрахманов,Темиржан Кайратович,1987,39,M,член правления Союза машиностроителей Казахстана,городе Астане,город,Астана,Civil society,NGO,no,Senior management,no
НПК,3,Агибаев,Алимбек Тулегенович,1981,45,M,председатель Павлодарского областного филиала ОО «Народная партия Казахстана»,городе Павлодаре,город,Павлодар,Party apparatus,Political party,yes,Top executive,no
НПК,4,Аккозиев,Рахман Сейлханович,1963,63,M,председатель Жамбылского областного филиала ОО «Народная партия Казахстана»,городе Тараз,город,Тараз,Party apparatus,Political party,yes,Top executive,no
НПК,5,Актаева,Лязат Мейрашевна,1965,61,F,генеральный директор РГП на ПХВ «Республиканский научно-исследовательский институт по охране труда»,городе Астане,город,Астана,Education & science,State body,no,Top executive,no
НПК,6,Альмадиев,Алибек Бекболатович,1994,32,M,артист-солист эстрадного отдела РГКП Государственная академическая концертная организация «Қазақконцерт имени Розы Баглановой» Комитета культуры Министерства культуры и информации Республики Казахстан. председатель Комиссии по культуре Общественного совета Министерства культуры и информации Республики Казахстан,городе Астане,город,Астана,Culture,State body,no,Specialist,no
НПК,7,Амантаев,Кайыркен Калкенович,1975,51,M,председатель совета директоров ТОО «Астана Авто Снаб Сервис-НС»,городе Астане,город,Астана,Business,Private company,no,Top executive,no
НПК,8,Аппасова,Найля Темиргалиевна,1980,46,F,директор Союза проектных компаний Казахстана,городе Астане,город,Астана,Civil society,NGO,no,Top executive,no
НПК,9,Аргумбаев,Данияр Даулеткелдиевич,1983,43,M,советник председателя ОО «Народная партия Казахстана»,городе Алматы,город,Алматы,Party apparatus,Political party,yes,Specialist,no
НПК,10,Аскарбекова,Акбота Маратовна,1988,38,F,руководитель индивидуального предприятия «Аскарбекова»,городе Алматы,город,Алматы,Business,Self-employed,no,Entrepreneur,no
НПК,11,Ауезова,Эльмира Тугелбаевна,1970,56,F,старший преподаватель КазНУ имени Аль-Фараби,городе Алматы,город,Алматы,Education & science,State body,no,Specialist,no
НПК,12,Аукенов,Мирас Серикбекович,1985,41,M,заместитель председателя ОО «Народная партия Казахстана»,городе Астане,город,Астана,Party apparatus,Political party,yes,Top executive,no
НПК,13,Ахметов,Алмат Сагындыкұлы,1975,51,M,генеральный директор ТОО «Жигалма»,городе Алматы,город,Алматы,Business,Private company,no,Top executive,no
НПК,14,Балажанова,Ардак Байдилхановна,1977,49,F,главный хормейстер Туркестанского музыкального драматического театра,городе Астаны,город,Астана,Culture,State body,no,Specialist,no
НПК,15,Балыкбаева,Асемгуль Асылбековна,1987,39,F,руководитель отдела финансов РГУ «Департамента юстиции города Астаны Министерства юстиции РК»,городе Астане,город,Астана,Government,State body,no,Senior management,no
НПК,16,Бегалинов,Алибек Серикбекович,1987,39,M,исполняющий обязанности ассоциированного профессора в Международном университете информационных технологий,городе Алматы,город,Алматы,Education & science,Private company,no,Specialist,no
НПК,17,Беглова,Александра Леонидовна,1995,31,F,ведущая Youtube-канала ОО «Народная партия Казахстана»,городе Астане,город,Астана,Party apparatus,Political party,yes,Specialist,no
НПК,18,Беркамалов,Серик Нуртазаевич,1977,49,M,директор департамента юридической службы Министерства труда и социальной защиты населения Республики Казахстан,городе Астане,город,Астана,Government,State body,no,Senior management,no
НПК,19,Бидайбеков,Жандос Зарипович,1979,47,M,заместитель директора департамента законодательства НПП РК «Атамекен»,городе Астане,город,Астана,Civil society,Quasi-governmental,no,Senior management,no
НПК,20,Биякаев,Нуржан Темиргалиевич,1976,50,M,независимый эксперт по банковским вопросам,городе Астане,город,Астана,Business,Self-employed,no,Specialist,no
НПК,21,Біләл,Уатхан Қабылтайұлы,1995,31,M,журналист-редактор ОО «Народная партия Казахстана»,городе Астане,город,Астана,Party apparatus,Political party,yes,Specialist,no
НПК,22,Газиз,Джанибек Газизұлы,1997,29,M,генеральный директор частной компании «Omir Group»,городе Алматы,город,Алматы,Business,Private company,no,Top executive,no
НПК,23,Гноевой,Игорь Андреевич,1996,30,M,учитель начальных классов КГУ «Средняя школа №40»,селе Павлодарское Павлодарской области,село,Павлодарское,Education & science,State body,no,Specialist,no
НПК,24,Дигай,Дамир Анатольевич,1990,36,M,вице-президент группы компаний «Шин-Лайн»,городе Алматы,город,Алматы,Business,Private company,no,Senior management,no
НПК,25,Досмухамбетова,Балжан Ибатовна,1964,62,F,председатель Атырауского областного филиала ОО «Народная партия Казахстана»,городе Атырау,город,Атырау,Party apparatus,Political party,yes,Top executive,no
НПК,26,Дудабаев,Еркебулан Бакытович,1983,43,M,исполняющий обязанности председателя Алматинского областного филиала ОО «Народная партия Казахстана»,городе Конаеве,город,Конаев,Party apparatus,Political party,yes,Top executive,no
НПК,27,Едильбаева,Лаура Ибрагимовна,1965,61,F,руководитель центра научных исследований Министерства труда и социальной защиты населения Республики Казахстан,городе Алматы,город,Алматы,Government,State body,no,Senior management,no
НПК,28,Ерназаров,Кайрат Шаршыбекович,1965,61,M,председатель Кызылординского областного филиала ОО «Народная партия Казахстана»,городе Кызылорде,город,Кызылорда,Party apparatus,Political party,yes,Top executive,no
НПК,29,Жанқұл,Тамараасар Қалниязқызы,1976,50,F,солист Мангистауской областной филармонии им. М. Өскінбаева,городе Астане,город,Астана,Culture,State body,no,Specialist,no
НПК,30,Жапарова,Асель Абилхановна,1986,40,F,"учредитель ТОО «Ясли Сад Айшатай», директор и редактор ТОО «Информационное агентство «SERT-inform.kz»",городе Тараз,город,Тараз,Education & science,Private company,no,Top executive,no
НПК,31,Ибраимов,Олжас Бекдаулетович,1986,40,M,председатель филиала ОО «Народная партия Казахстана» в области Жетісу,городе Талдыкорган,город,Талдыкорган,Party apparatus,Political party,yes,Top executive,no
НПК,32,Илиев,Фарух Абдувалиевич,1984,42,M,самозанятый,городе Алматы,город,Алматы,Business,Self-employed,no,Entrepreneur,no
НПК,33,Инкарбеков,Улан Аскербекович,1970,56,M,председатель правления Алматинского городского Общества инвалидов,городе Алматы,город,Алматы,Civil society,NGO,no,Top executive,no
НПК,34,Исабаев,Орынбасар Душанович,1955,71,M,председатель филиала ОО «Народная партия Казахстана» в области Абай,городе Семей,город,Семей,Party apparatus,Political party,yes,Top executive,no
НПК,35,Исмаилов,Жумагали Казыбаевич,1972,54,M,ректор АО «Казахский медицинский университет непрерывного образования»,городе Алматы,город,Алматы,Education & science,Quasi-governmental,no,Top executive,no
НПК,36,Кабаков,Тениз Сайлауович,1991,35,M,директор ТОО «Sadu»,городе Астане,город,Астана,Business,Private company,no,Top executive,no
НПК,37,Кабдешев,Дамир Каирович,1999,27,M,руководитель Центрального аппарата ОО «Народная партия Казахстана»,городе Астане,город,Астана,Party apparatus,Political party,yes,Top executive,no
НПК,38,Кайдаров,Айдын Серикказыевич,1973,53,M,руководитель филиала Республиканской палаты частных судебных исполнителей,городе Алматы,город,Алматы,Law,NGO,no,Senior management,no
НПК,39,Каймаков,Аскар Абаевич,1984,42,M,управляющий партнер адвокатской конторы «QALQAN ADVISORS»,городе Алматы,город,Алматы,Law,Private company,no,Top executive,no
НПК,40,Камбарова,Зухра Медеуовна,1967,59,F,председатель Туркестанского областного филиала ОО «Народная партия Казахстана»,городе Сарыагаше,город,Сарыагаш,Party apparatus,Political party,yes,Top executive,no
НПК,41,Каюмов,Дамир Ирекович,1984,42,M,генеральный директор ТОО «Light Engineering»,городе Караганде,город,Караганда,Business,Private company,no,Top executive,no
НПК,42,Куленова,Лейла Искандеровна,1980,46,F,заместитель председателя ОО «Народная партия Казахстана»,городе Астане,город,Астана,Party apparatus,Political party,yes,Top executive,no
НПК,43,Курмангазин,Бауржан Олжашевич,1986,40,M,председатель Актюбинского областного филиала ОО «Народная партия Казахстана»,городе Актобе,город,Актобе,Party apparatus,Political party,yes,Top executive,no
НПК,44,Курумбаев,Надир Шамуратович,1984,42,M,заместитель председателя Комитета государственных услуг Министерства искусственного интеллекта и цифрового развития Республики Казахстан,городе Астане,город,Астана,Government,State body,no,Senior management,no
НПК,45,Кусаинов,Бейбут Булатович,1985,41,M,заместитель председателя ОО «Народная партия Казахстана»,городе Алматы,город,Алматы,Party apparatus,Political party,yes,Top executive,no
НПК,46,Қанатұлы,Аман,1997,29,M,тренер по правам лиц с инвалидностью в ОФ «Асыл Дария»,городе Алматы,город,Алматы,Civil society,NGO,no,Specialist,no
НПК,47,Лаврентьев,Борис Георгиевич,1984,42,M,председатель Западно-Казахстанского областного филиала ОО «Народная партия Казахстана»,городе Уральске,город,Уральск,Party apparatus,Political party,yes,Top executive,no
НПК,48,Максутов,Калел Мухатаевич,1964,62,M,"заместитель председателя ОО «Народная партия Казахстана», председатель Карагандинского областного филиала ОО «Народная партия Казахстана» и филиала ОО «Народная партия Казахстана» в области Ұлытау",городе Караганде,город,Караганда,Party apparatus,Political party,yes,Top executive,no
НПК,49,Маргулан,Едиге Саулебекович,1988,38,M,генеральный директор ТОО «Nigin Industry»,городе Алматы,город,Алматы,Business,Private company,no,Top executive,no
НПК,50,Маханов,Муратбек Мамытханович,1982,44,M,заместитель председателя правления НПП РК «Атамекен»,городе Астане.,город,Астана,Civil society,Quasi-governmental,no,Senior management,no
НПК,51,Миронов,Евгений Николаевич,1986,40,M,коммерческий директор ТОО «Объединенная сырьевая компания»,городе Павлодаре,город,Павлодар,Business,Private company,no,Senior management,no
НПК,52,Нигматулина,Венера Махаметовна,1962,64,F,"актриса, продюсер",городе Алматы,город,Алматы,Culture,Self-employed,no,Specialist,no
НПК,53,Нұралин,Асылбек Жамашұлы,1959,67,M,"депутат VIII созыва Мажилиса Парламента Республики Казахстан, председатель ОО «Казахстанский отраслевой горно-металлургический профсоюз»",городе Астане,город,Астана,Legislator,State body,no,Legislator,yes
НПК,54,Нурсейтов,Илияс Болатович,1984,42,M,управляющий директор частной школы International Future School,городе Астане,город,Астана,Education & science,Private company,no,Top executive,no
НПК,55,Оразханов,Нурдаулет Амантаевич,1983,43,M,руководитель организационного отдела Центрального аппарата ОО «Народная партия Казахстана»,городе Астане,город,Астана,Party apparatus,Political party,yes,Senior management,no
НПК,56,Пан,Владислав Виссарионович,1987,39,M,директор ТОО «Camrades Group»,городе Алматы,город,Алматы,Business,Private company,no,Top executive,no
НПК,57,Поднебесный,Виктор Викторович,1976,50,M,вице-президент по БИОТ ТОО «Холдинговая компания Базис»,городе Алматы,город,Алматы,Business,Private company,no,Senior management,no
НПК,58,Рамазанов,Дархан Булатович,1987,39,M,генеральный директор ТОО «Kap Logistics»,городе Астане,город,Астана,Business,Private company,no,Top executive,no
НПК,59,Рысбеков,Марлен Жаксыбекович,1986,40,M,нотариус города Алматы,городе Алматы,город,Алматы,Law,Self-employed,no,Specialist,no
НПК,60,Сеитов,Совет Саутович,1965,61,M,советник директора «Государственный фонд развития молодежной политики города Алматы»,городе Алматы,город,Алматы,Government,State body,no,Specialist,no
НПК,61,Сейтжан,Кенжеғұл Социалұлы,1982,44,M,"депутат VIII созыва Мажилиса Парламента Республики Казахстан, уполномоченный по правам социально уязвимых слоев населения при Президенте Республики Казахстан",городе Алматы,город,Алматы,Legislator,State body,no,Legislator,yes
НПК,62,Смагулов,Болат Советович,1964,62,M,генеральный директор Международной ассоциации «Глобальный шёлковый путь»,городе Астане,город,Астана,Civil society,NGO,no,Top executive,no
НПК,63,Смирнова,Ирина Владимировна,1960,66,F,"депутат VIII созыва Мажилиса Парламента Республики Казахстан, государственный и общественный деятель",городе Алматы,город,Алматы,Legislator,State body,no,Legislator,yes
НПК,64,Сүлеймен,Ләззат Жаңылысқызы,1961,65,F,"государственный и общественный деятель, заместитель председателя Национальной комиссии по делам женщин и семейно-демографической политике при Президенте Республики Казахстан",городе Астане,город,Астана,Government,State body,no,Senior management,no
НПК,65,Сұңқар,Ислам Еркінұлы,1995,31,M,"депутат VIII созыва Мажилиса Парламента Республики Казахстан, руководитель молодежного крыла ОО «Народная партия Казахстана»",городе Астане,город,Астана,Legislator,State body,no,Legislator,yes
НПК,66,Сыдыкова,Карлыгаш Нурдаулетовна,1977,49,F,менеджер Центрального аппарата ОО «Народная партия Казахстана»,городе Астане,город,Астана,Party apparatus,Political party,yes,Specialist,no
НПК,67,Тулеугалиев,Рашид Бектурович,1973,53,M,председатель Мангистауского областного филиала ОО «Народная партия Казахстана»,городе Актау,город,Актау,Party apparatus,Political party,yes,Top executive,no
НПК,68,Уалихан,Жандос Шоханұлы,1999,27,M,преподаватель в КазНПУ имени Абая,городе Алматы,город,Алматы,Education & science,State body,no,Specialist,no
НПК,69,Умаров,Баймырза Абденбаевич,1965,61,M,председатель Шымкентского городского филиала ОО «Народная партия Казахстана»,городе Шымкенте,город,Шымкент,Party apparatus,Political party,yes,Top executive,no
НПК,70,Харбедия,Омари Омианович,1967,59,M,директор ТОО «NK-CARGO»,городе Петропавловске,город,Петропавловск,Business,Private company,no,Top executive,no
НПК,71,Шоканов,Нурсултан Нурланович,1986,40,M,председатель ОО «Народная партия Казахстана»,городе Алматы,город,Алматы,Party apparatus,Political party,yes,Top executive,no
НПК,72,Шонаева,Елена Геннадьевна,1983,43,F,руководитель управления тарифообразования и методологии оплаты медицинских услуг Министерства здравоохранения Республики Казахстан,городе Астане,город,Астана,Government,State body,no,Senior management,no
ОСДП,1,Абенова,Анаргул Жаксагалиевна,1973,53,F,председатель Западно-Казахстанского областного филиала «ОСДП»,городе Уральск,город,Уральск,Party apparatus,Political party,yes,Top executive,no
ОСДП,2,Ақылбай,Арман Серікұлы,1983,43,M,"Министерство юстиции Республики Казахстан, директор департамента по работе с персоналом",городе Астане,город,Астана,Government,State body,no,Senior management,no
ОСДП,3,Аленова,Аружан Дарменовна,2000,26,F,исполняющий обязанности председателя Актюбинского областного филиала «ОСДП»,городе Актобе,город,Актобе,Party apparatus,Political party,yes,Top executive,no
ОСДП,4,Алшынбай,Ару Мұратқызы,2000,26,F,руководитель женского крыла Акмолинского областного филиала «ОСДП»,городе Кокшетау,город,Кокшетау,Party apparatus,Political party,yes,Senior management,no
ОСДП,5,Андрюшин,Максим Валерьевич,1968,58,M,журналист центрального аппарата «ОСДП»,городе Астане,город,Астана,Party apparatus,Political party,yes,Specialist,no
ОСДП,6,Аубакиров,Нурлан Какимович,1970,56,M,председатель Карагандинского областного филиала «ОСДП»,городе Караганде,город,Караганда,Party apparatus,Political party,yes,Top executive,no
ОСДП,7,Аубакирова,Раушан Абдрахманқызы,1987,39,F,руководитель женского крыла Столичного филиала «ОСДП»,городе Астане,город,Астана,Party apparatus,Political party,yes,Senior management,no
ОСДП,8,Ауесбаев,Нурлан Сатыбалдиевич,1957,69,M,депутат Мажилиса Парламента VIII созыва,городе Астане,город,Астана,Legislator,State body,no,Legislator,yes
ОСДП,9,Әбдиев,Еркін Қайырбекұлы,1998,28,M,руководитель молодежного крыла Жамбылского областного филиала «ОСДП»,городе Тараз,город,Тараз,Party apparatus,Political party,yes,Senior management,no
ОСДП,10,Баекенов,Камбар Абдысатарович,1979,47,M,специалист «ОСДП» по Алматинской области,городе Конаев,город,Конаев,Party apparatus,Political party,yes,Specialist,no
ОСДП,11,Балтабайқызы,Нурия,1975,51,F,председатель национальной ассоциации «AUTISM KAZAKHSTAN»,городе Астане,город,Астана,Civil society,NGO,no,Top executive,no
ОСДП,12,Бугабаев,Сапарбай Дуйсенович,1959,67,M,председатель Туркестанского областного филиала «ОСДП»,городе Туркестан,город,Туркестан,Party apparatus,Political party,yes,Top executive,no
ОСДП,13,Дауренбеков,Ержан Каханович,1982,44,M,председатель Жамбылского областного филиала «ОСДП»,городе Тараз,город,Тараз,Party apparatus,Political party,yes,Top executive,no
ОСДП,14,Джаканов,Дамир Сатпаевич,1990,36,M,председатель Костанайского областного филиала «ОСДП»,городе Костанай,город,Костанай,Party apparatus,Political party,yes,Top executive,no
ОСДП,15,Джусупова,Роза Кенженовна,1967,59,F,председатель Павлодарского областного филиала «ОСДП»,городе Павлодар,город,Павлодар,Party apparatus,Political party,yes,Top executive,no
ОСДП,16,Жабаев,Нурлан Койшыбаевич,1979,47,M,исполнительный секретарь центрального аппарата «ОСДП»,городе Астане,город,Астана,Party apparatus,Political party,yes,Senior management,no
ОСДП,17,Жанғали,Ілияс Әбілқазыұлы,1993,33,M,председатель Акмолинского областного филиала «ОСДП»,городе Кокшетау,город,Кокшетау,Party apparatus,Political party,yes,Top executive,no
ОСДП,18,Калгин,Виктор Евгеньевич,1981,45,M,председатель Восточно-Казахстанского областного филиала «ОСДП»,городе Усть-Каменогорск,город,Усть-Каменогорск,Party apparatus,Political party,yes,Top executive,no
ОСДП,19,Камалова,Нурайнаш Балтабаевна,1977,49,F,председатель Атырауского областного филиала «ОСДП»,городе Атырау,город,Атырау,Party apparatus,Political party,yes,Top executive,no
ОСДП,20,Кульмагамбетов,Аслан Мухтарович,1978,48,M,аналитик Столичного филиала «ОСДП»,городе Астане,город,Астана,Party apparatus,Political party,yes,Specialist,no
ОСДП,21,Кусаинова,Анара Бахытовна,1974,52,F,"адвокат коллегии адвокатов Восточно-Казахстанской области, член президиума Республиканской коллегии адвокатов",городе Астане,город,Астана,Law,Self-employed,no,Specialist,no
ОСДП,22,Ли,Лариса Юрьевна,1978,48,F,руководитель партийного проекта PANA,городе Конаев,город,Конаев,Party apparatus,Political party,yes,Senior management,no
ОСДП,23,Мукаманов,Жасулан Мирзахметович,1978,48,M,председатель филиала области Жетысу «ОСДП»,городе Текели,город,Текели,Party apparatus,Political party,yes,Top executive,no
ОСДП,24,Мынбаев,Сакен Саламатович,1988,38,M,исполняющий обязанности председателя Мангистауского областного филиала «ОСДП»,городе Актау,город,Актау,Party apparatus,Political party,yes,Top executive,no
ОСДП,25,Насибулов,Мақсұт Бейбитұлы,1992,34,M,"руководитель центрального аппарата «ОСДП», председатель молодежного крыла",городе Астане,город,Астана,Party apparatus,Political party,yes,Top executive,no
ОСДП,26,Нурлыбеков,Нурым Комекович,1980,46,M,председатель Алматинского областного филиала «ОСДП»,городе Конаев,город,Конаев,Party apparatus,Political party,yes,Top executive,no
ОСДП,27,Нұржау,Қуандық Оңдасынұлы,1979,47,M,исполняющий обязанности председателя Шымкентского городского филиала «ОСДП»,городе Шымкент,город,Шымкент,Party apparatus,Political party,yes,Top executive,no
ОСДП,28,Рахимжанов,Асхат Нурмагамбетович,1983,43,M,"председатель партии «ОСДП», Депутат Мажилиса Парламента VIII созыва",городе Астане,город,Астана,Party apparatus,Political party,yes,Top executive,yes
ОСДП,29,Сагандыкова,Ажар Бахитовна,1971,55,F,"руководитель Женского крыла «ОСДП», Депутат Мажилиса Парламента VIII созыва",городе Астане,город,Астана,Party apparatus,Political party,yes,Senior management,yes
ОСДП,30,Сайлаубай,Наурыз Саятұлы,1994,32,M,"руководитель молодежного крыла «ОСДП», Депутат Мажилиса Парламента VIII созыва",городе Астане,город,Астана,Party apparatus,Political party,yes,Senior management,yes
ОСДП,31,Самбетбай,Тазабек Дакенайұлы,1980,46,M,заместитель председателя партии «ОСДП»,городе Астане,город,Астана,Party apparatus,Political party,yes,Top executive,no
ОСДП,32,Сарманов,Рустем Сабитович,1989,37,M,председатель филиала «ОСДП» области Абай,городе Семей,город,Семей,Party apparatus,Political party,yes,Top executive,no
ОСДП,33,Татиков,Талгат Кайруллович,1961,65,M,эксперт Столичного филиала «ОСДП» по жилищно-коммунальному хозяйству и объединению собственников имущества,городе Астане,город,Астана,Party apparatus,Political party,yes,Specialist,no
Әділет,1,Абдикешов,Алмат Жанболатович,1984,42,M,исполнительный директор ТОО «Казахмыс Барлау»,городе Косшы,город,Косшы,Business,Private company,no,Top executive,no
Әділет,2,Абенов,Мурат Абдуламитович,1965,61,M,депутат Мажилиса Парламента РК VIII созыва,городе Астане,город,Астана,Legislator,State body,no,Legislator,yes
Әділет,3,Абилева,Айымгул Акылбаевна,1990,36,F,президент Казахстанской ассоциации IT-компаний,городе Астане,город,Астана,Civil society,NGO,no,Top executive,no
Әділет,4,Авершин,Константин Викторович,1976,50,M,депутат Мажилиса Парламента РК VIII созыва,городе Астане,город,Астана,Legislator,State body,no,Legislator,yes
Әділет,5,Адаев,Ербол Даненович,1978,48,M,заведующий Общим отделом Администрации Президента Республики Казахстан,городе Астане,город,Астана,Government,State body,no,Senior management,no
Әділет,6,Адамбаева,Алия Раймкуловна,1984,42,F,президент Фонда Президентских инициатив «Dara»,городе Астане,город,Астана,Civil society,NGO,no,Top executive,no
Әділет,7,Адамбек,Кендебай Сарыбайұлы,1965,61,M,депутат маслихата города Астаны,городе Астане,город,Астана,Legislator,State body,no,Legislator,no
Әділет,8,Адамбеков,Тилектес Серикбайулы,1989,37,M,депутат Мажилиса Парламента РК VIII созыва,городе Астане,город,Астана,Legislator,State body,no,Legislator,yes
Әділет,9,Аймагамбетов,Асхат Канатович,1982,44,M,"депутат Мажилиса Парламента РК VIII созыва, преподаватель МNU",городе Астане,город,Астана,Legislator,State body,no,Legislator,yes
Әділет,10,Аймаганова,Айжан Талгатовна,1987,39,F,экс-начальник управления прокуратуры по городу Астана,городе Астане,город,Астана,Government,State body,no,Senior management,no
Әділет,11,Алимкулов,Бекжан Мухидинұлы,1989,37,M,заместитель исполнительного директора Некоммерческая организация «Atomic Industry Development Association Non-profit Organisation»,городе Астане,город,Астана,Civil society,NGO,no,Senior management,no
Әділет,12,Алтай,Абай,1991,35,M,заместитель управляющего Управления делами Президента Республики Казахстан,городе Астане,город,Астана,Government,State body,no,Senior management,no
Әділет,13,Амантай,Жаркынбек,1988,38,M,депутат Мажилиса Парламента РК VIII созыва,городе Астане,город,Астана,Legislator,State body,no,Legislator,yes
Әділет,14,Амиргалиев,Мадияр Орынтаевич,1986,40,M,председатель маслихата Жамбылского района Алматинской области,Алматинской области,область,Алматинская область,Legislator,State body,no,Legislator,no
Әділет,15,Аскеров,Эмин Халилович,1983,43,M,председатель «Social Innovation Hub»,городе Астане,город,Астана,Civil society,NGO,no,Top executive,no
Әділет,16,Атабаева,Гульзира Нуржановна,1994,32,F,председатель РОО ПОФ «Казахстанский отраслевой профессиональный союз малого и среднего бизнеса»,городе Астане,город,Астана,Civil society,NGO,no,Top executive,no
Әділет,17,Атамкулова,Гульназ Турехановна,1968,58,F,"независимый директор, член комитета АО «Самрук-Казына»",городе Астане,город,Астана,Business,Quasi-governmental,no,Senior management,no
Әділет,18,Ахмедиев,Дархан Мейрамулы,1990,36,M,заместитель министра обороны Республики Казахстан,городе Астане,город,Астана,Government,State body,no,Top executive,no
Әділет,19,Ахметов,Сабит Мейрамович,1979,47,M,директор РГП «Национальный институт интеллектуальной собственности» Министерства юстиции Республики Казахстан,городе Астане,город,Астана,Government,State body,no,Top executive,no
Әділет,20,Ахметов,Съезбек Рахышевич,1971,55,M,"учредитель медицинского центра «Жан-Ер», доцент НАО «Медицинский университет Семей»",городе Семее,город,Семей,Healthcare,Private company,no,Top executive,no
Әділет,21,Ашимжанов,Жанарбек Садыканович,1976,50,M,депутат Мажилиса Парламента Республики Казахстан VIII созыва,городе Астане,город,Астана,Legislator,State body,no,Legislator,yes
Әділет,22,Ашимова,Аяужан Турсынбековна,1982,44,F,директор Института анализа и прогнозирования,городе Усть-Каменогорске,город,Усть-Каменогорск,Education & science,Quasi-governmental,no,Top executive,no
Әділет,23,Ашимова,Ульяна Жумагалиевна,1984,42,F,журналист телеканала «Jibek Joly/Silk Way» РГП «Телерадиокомплекс Президента Республики Казахстан»,городе Петропавловске,город,Петропавловск,Media,State body,no,Specialist,no
Әділет,24,Әбілов,Алпамыс Сұнгатұлы,1999,27,M,пресс-секретарь МОО «Жаңа адамдар»,городе Астане,город,Астана,Civil society,NGO,no,Specialist,no
Әділет,25,Баденова,Асель Жанбулатовна,1989,37,F,директор МОО «Жаңа адамдар»,городе Астане,город,Астана,Civil society,NGO,no,Top executive,no
Әділет,26,Базенов,Айрат Базенович,1976,50,M,проректор института Алихана Бокейхана,городе Семее,город,Семей,Education & science,Private company,no,Senior management,no
Әділет,27,Байбеков,Шалкар Заманбекович,1967,59,M,председатель маслихата области Абай,городе Семее,город,Семей,Legislator,State body,no,Legislator,no
Әділет,28,Байсакова,Зульфия Мухамедбековна,1966,60,F,директор ОЮЛ «Союз кризисных центров»,городе Алматы,город,Алматы,Civil society,NGO,no,Top executive,no
Әділет,29,Байтурсынов,Ғиззат Сейдахметұлы,1994,32,M,вице-министр искусственного интеллекта и цифрового развития Республики Казахстан,городе Астане,город,Астана,Government,State body,no,Top executive,no
Әділет,30,Бақытбекұлы,Нұркен,1978,48,M,директор ТОО «Ер-Ару»,городе Кызылорде,город,Кызылорда,Business,Private company,no,Top executive,no
Әділет,31,Балтабаев,Адиль Серикулы,1997,29,M,"шеф-редактор Агентства «Хабар», телеканала «24KZ»",городе Астане,город,Астана,Media,State body,no,Senior management,no
Әділет,32,Балташева,Айнагуль Кыдырбаевна,1972,54,F,руководитель Управления образования Акмолинской области,городе Кокшетау,город,Кокшетау,Government,State body,no,Senior management,no
Әділет,33,Басин,Вадим Борисович,1962,64,M,генеральный директор АО «QARMET»,городе Темиртау,город,Темиртау,Business,Quasi-governmental,no,Top executive,no
Әділет,34,Батырбеков,Эрлан Гадлетович,1961,65,M,генеральный директор РГП «Национальный ядерный центр Республики Казахстан»,городе Курчатове,город,Курчатов,Education & science,State body,no,Top executive,no
Әділет,35,Батырхан,Жолдас Нұрланұлы,1978,48,M,заместитель акима Актюбинской области,городе Актобе,город,Актобе,Government,State body,no,Top executive,no
Әділет,36,Башимов,Марат Советович,1966,60,M,депутат Мажилиса Парламента Республики Казахстан VIII созыва,городе Астане,город,Астана,Legislator,State body,no,Legislator,yes
Әділет,37,Баялиев,Рустам Ахатханович,1975,51,M,посол по особым поручениям Министерства иностранных дел Республики Казахстан,городе Астане,город,Астана,Government,State body,no,Top executive,no
Әділет,38,Баялышбаев,Елдос Кайыркенұлы,1992,34,M,директор реабилитационного центра,городе Талдыкоргане,город,Талдыкорган,Healthcare,Private company,no,Top executive,no
Әділет,39,Бежецкий,Сергей Владимирович,1969,57,M,председатель правления АО «Ульбинский металлургический завод»,городе Усть-Каменогорске,город,Усть-Каменогорск,Business,Quasi-governmental,no,Top executive,no
Әділет,40,Бекназаров,Нурлан Кудиярович,1964,62,M,депутат Сената Парламента Республики Казахстан,городе Астане,город,Астана,Legislator,State body,no,Legislator,yes
Әділет,41,Бектуров,Ренат Нурмолдаевич,1984,42,M,управляющий Международным финансовым центром «Астана»,городе Астане,город,Астана,Government,Quasi-governmental,no,Top executive,no
Әділет,42,Беркимбаев,Берик Серикович,1980,46,M,заместитель акима города Шымкент,городе Шымкенте,город,Шымкент,Government,State body,no,Top executive,no
Әділет,43,Беспалинов,Берген Маратович,1975,51,M,председатель филиала «Партия «Әділет» Акмолинской области,городе Кокшетау,город,Кокшетау,Party apparatus,Political party,yes,Top executive,no
Әділет,44,Бирмагамбетов,Наурызбек Мерекешевич,1992,34,M,председатель ОФ «Экологический клуб «NECO»,городе Костанае,город,Костанай,Civil society,NGO,no,Top executive,no
Әділет,45,Битемиров,Даурен Мухтарович,1984,42,M,директор ТОО «Зерде-Фарм»,Туркестанской области,область,Туркестанская область,Business,Private company,no,Top executive,no
Әділет,46,Больгерт,Евгений Андреевич,1984,42,M,депутат Сената Парламента Республики Казахстан,городе Астане,город,Астана,Legislator,State body,no,Legislator,yes
Әділет,47,Буршаков,Сатыбалды Ересович,1968,58,M,чрезвычайный и полномочный посол Казахстана в Республике Северная Македония,городе Астане,город,Астана,Government,State body,no,Top executive,no
Әділет,48,Газдиева,Белла Асланбековна,1982,44,F,"ассоциированный профессор кафедры общего языкознания и литературы Кокшетауского университета им. Ш. Уалиханова, разработка курсов по лингвистике, билингвизму, мультилингвизму и языковой политике; руководство студенческими и магистерскими исследованиями",городе Кокшетау,город,Кокшетау,Education & science,State body,no,Specialist,no
Әділет,49,Годунова,Наталья Николаевна,1972,54,F,независимый директор совета директоров АО НК «КТЖ»,городе Астане,город,Астана,Business,Quasi-governmental,no,Senior management,no
Әділет,50,Данағұлов,Ербол Жеткергенұлы,1981,45,M,секретарь Актюбинского областного филиала «Партия «Әділет»,городе Актобе,город,Актобе,Party apparatus,Political party,yes,Senior management,no
Әділет,51,Данбаева,Жулдыз Сейткамзиновна,1965,61,F,директор ГКП на ПХВ «Многопрофильная городская больница №3»,городе Астане,город,Астана,Healthcare,State body,no,Top executive,no
Әділет,52,Данилов,Александр Сергеевич,1991,35,M,сооснователь аналитической платформы «Astana open dialogue»,городе Астане,город,Астана,Civil society,Private company,no,Top executive,no
Әділет,53,Дауталиев,Казыбек Нурсеитович,1983,43,M,директор филиала Академии государственного управления при Президенте Республики Казахстан по Алматинской области,Алматинской области,область,Алматинская область,Education & science,State body,no,Senior management,no
Әділет,54,Дәдебай,Айбек Арқабайұлы,1980,46,M,председатель «Партии «Әділет»,городе Астане,город,Астана,Party apparatus,Political party,yes,Top executive,no
Әділет,55,Джамалов,Бауыржан Салдарович,1971,55,M,председатель Совета директоров ТОО «AZALA Group» и АО «Жалтырбулак»,Туркестанской области,область,Туркестанская область,Business,Private company,no,Top executive,no
Әділет,56,Джаманкулова,Карлыгаш Калибековна,1982,44,F,президент Международного фонда защиты свободы слова «Әділ сөз»,городе Астане,город,Астана,Civil society,NGO,no,Top executive,no
Әділет,57,Джансенгиров,Арман Серикович,1985,41,M,директор Талдыкорганской городской многопрофильной больницы,городе Талдыкоргане,город,Талдыкорган,Healthcare,State body,no,Top executive,no
Әділет,58,Ділдәбек,Дидарбек Жұмағалиұлы,1997,29,M,председатель Алматинского городского филиала Жастар Рухы,городе Алматы,город,Алматы,Civil society,NGO,no,Top executive,no
Әділет,59,Дулатбеков,Нурлан Орынбасарович,1962,64,M,ректор Карагандинского национального исследовательского университета им. Е.А. Букетова,городе Караганде,город,Караганда,Education & science,State body,no,Top executive,no
Әділет,60,Егамбердиева,Динара Асиловна,1988,38,F,директор «Асыл – LTD»,Туркестанской области,область,Туркестанская область,Business,Private company,no,Top executive,no
Әділет,61,Елеусизова,Бота Сериковна,1975,51,F,аким Уйгурского района Алматинской области,Алматинской области,область,Алматинская область,Government,State body,no,Top executive,no
Әділет,62,Ералиев,Бегалы Ералиевич,1970,56,M,директор ТОО «Азия Газкубыры»,городе Тараз,город,Тараз,Business,Private company,no,Top executive,no
Әділет,63,Ералиев,Магжан Абзалович,1989,37,M,директор полного товарищества «Абзал и К»,городе Кызылорде,город,Кызылорда,Business,Private company,no,Top executive,no
Әділет,64,Ергарин,Даурен Тлекович,1982,44,M,заведующий отделом правоохранительной системы Администрации Президента Республики Казахстан,городе Астане,город,Астана,Government,State body,no,Senior management,no
Әділет,65,Ергешбек,Нұрсадық,1972,54,M,советник акима Туркестанской области,городе Туркестане,город,Туркестан,Government,State body,no,Specialist,no
Әділет,66,Ерназар,Шынасыл Жеңісұлы,1992,34,M,"заместитель председателя правления, член правления АО «Жасыл даму»",городе Астане,город,Астана,Business,Quasi-governmental,no,Senior management,no
Әділет,67,Ерниязова,Айсулу Алимжановна,1994,32,F,руководитель Управления по вопросам молодежной политики Карагандинской области,городе Караганде,город,Караганда,Government,State body,no,Senior management,no
Әділет,68,Есимханов,Сунгат Куатович,1973,53,M,вице-министр энергетики Республики Казахстан,городе Астане,город,Астана,Government,State body,no,Top executive,no
Әділет,69,Есматов,Серик Аманжолулы,1998,28,M,паралимпиец,городе Алматы,город,Алматы,Sport,State body,no,Specialist,no
Әділет,70,Жакселекова,Ботагоз Шаймардановна,1980,46,F,вице-министр юстиции Республики Казахстан,городе Астане,город,Астана,Government,State body,no,Top executive,no
Әділет,71,Жукебаев,Алмат Отаубаевич,1983,43,M,директор ТОО «GR Kenes»,городе Жезказгане,город,Жезказган,Business,Private company,no,Top executive,no
Әділет,72,Жумагазиев,Эльдар Тынышбаевич,1973,53,M,внештатный советник Председателя «Партии «Әділет» по предпринимательскому крылу,городе Астане,город,Астана,Party apparatus,Political party,yes,Specialist,no
Әділет,73,Жылкыбаева,Ляззат Ауесхановна,1975,51,F,аким района Жетысу города Алматы,городе Алматы,город,Алматы,Government,State body,no,Top executive,no
Әділет,74,Закиева,Динара Болатовна,1982,44,F,соучредитель Благотворительного фонда «Қасиетті жол»,городе Астане,город,Астана,Civil society,NGO,no,Top executive,no
Әділет,75,Зенченко,Геннадий Геннадьевич,1964,62,M,директор КТ «Зенченко и компания»,Северо-Казахстанской области,область,Северо-Казахстанская область,Agriculture,Private company,no,Top executive,no
Әділет,76,Ильясов,Еркебулан Сайдуллаевич,1985,41,M,генеральный директор ТОО «Alageum Electric»,городе Астане,город,Астана,Business,Private company,no,Top executive,no
Әділет,77,Имашева,Снежанна Валерьевна,1981,45,F,депутат Мажилиса Парламента Республики Казахстан VIII созыва,городе Астане,город,Астана,Legislator,State body,no,Legislator,yes
Әділет,78,Искандерова,Ақерке Нұрғалиқызы,1997,29,F,председатель Молодежного крыла «Жастар Рухы»,городе Астане,город,Астана,Civil society,NGO,no,Top executive,no
Әділет,79,Кажибаева,Раушан Жанабергеновна,1978,48,F,директор РГП на ПХВ «Телерадиокомплекс Президента РК» Управления делами Президента Республики Казахстан,городе Астане,город,Астана,Media,State body,no,Top executive,no
Әділет,80,Каипов,Даурен Айтасович,1985,41,M,секретарь Жамбылского областного филиала «Партии «Әділет»,городе Астане,город,Астана,Party apparatus,Political party,yes,Senior management,no
Әділет,81,Кайдарова,Диляра Радиковна,1967,59,F,первый проректор Казахского Национального медицинского университета имени С.Д.Асфендиярова,городе Алматы,город,Алматы,Education & science,State body,no,Senior management,no
Әділет,82,Калижанова,Сандугаш Каиргельдиновна,1973,53,F,председатель комиссии экономики и бюджета маслихата Павлодарской области,городе Павлодаре,город,Павлодар,Legislator,State body,no,Legislator,no
Әділет,83,Калыков,Арман Кобыландынович,1973,53,M,депутат Мажилиса Парламента Республики Казахстан VIII созыва,городе Караганде,город,Караганда,Legislator,State body,no,Legislator,yes
Әділет,84,Карабасова,Лаура Чапаевна,1987,39,F,председатель правления-ректор НАО «Актюбинский региональный университет имени К.Жубанова»,городе Астане,город,Астана,Education & science,Quasi-governmental,no,Top executive,no
Әділет,85,Кариева,Шолпан Кайратовна,1991,35,F,председатель межотраслевого совета женского предпринимательства,городе Таразе,город,Тараз,Civil society,NGO,no,Top executive,no
Әділет,86,Карин,Ерлан Тынымбайұлы,1976,50,M,первый заместитель руководителя Администрации Президента Республики Казахстан,городе Астане,город,Астана,Government,State body,no,Top executive,no
Әділет,87,Каринова,Шолпан Танаткызы,1972,54,F,внештатный советник Председателя «Партии «Әділет» по вопросам образования,городе Астане,город,Астана,Party apparatus,Political party,yes,Specialist,no
Әділет,88,Кәрібек,Дәулет Жамаубайұлы,1990,36,M,внештатный советник Председателя «Партии «Әділет» по проектам,городе Астане,город,Астана,Party apparatus,Political party,yes,Specialist,no
Әділет,89,Кемалов,Мейрамбай Тамабаевич,1969,57,M,пенсионер,городе Астане,город,Астана,Other / unclear,Unclear,no,Unclear,no
Әділет,90,Кенжеханұлы,Рауан,1979,47,M,президент ОО «Международный фонд казахского языка»,городе Астане,город,Астана,Civil society,NGO,no,Top executive,no
Әділет,91,Керимбаева,Наргиза Абайдуллаевна,1981,45,F,"генеральный директор ТОО «Retail Stores Kazakhstan», президент БОФ «Mobil Plus Komek»",городе Шымкенте,город,Шымкент,Business,Private company,no,Top executive,no
Әділет,92,Кисикова,Актоты Жанараловна,1975,51,F,директор средней школы № 7 города Аркалык,городе Аркалыке,город,Аркалык,Education & science,State body,no,Top executive,no
Әділет,93,Кобеева,Алтынай Орманкалиевна,1972,54,F,директор ОФ «Информационно-ресурсный центр»,городе Алматы,город,Алматы,Civil society,NGO,no,Top executive,no
Әділет,94,Кожаев,Марат Шадетханович,1964,62,M,депутат Сената Парламента Республики Казахстан,городе Астане,город,Астана,Legislator,State body,no,Legislator,yes
Әділет,95,Кожаниязов,Серик Салаватович,1965,61,M,вице-президент АО «Петро Казахстан Құмкөл»,Кызылординской области,область,Кызылординская область,Business,Private company,no,Senior management,no
Әділет,96,Кожахметова,Лаззат Таймыровна,1976,50,F,заместитель директора «Қоғамдық келісім»,городе Астане,город,Астана,Government,State body,no,Senior management,no
Әділет,97,Кузиева,Замира Закиржановна,1996,30,F,председатель правления группы компаний «Универсал»,городе Астане,город,Астана,Business,Private company,no,Top executive,no
Әділет,98,Куйкабаев,Аскар Нуртуганович,1987,39,M,"директор «КБТО», руководитель филиала ТОО «Корпорация Казахмыс»",городе Караганде,город,Караганда,Business,Private company,no,Top executive,no
Әділет,99,Кучинская,Юлия Владимировна,1982,44,F,депутат Мажилиса Парламента Республики Казахстан VIII созыва,городе Астане,город,Астана,Legislator,State body,no,Legislator,yes
Әділет,100,Қамзабекұлы,Дихан,1966,60,M,генеральный директор ТОО «Қазақ газеттері»,городе Астане,город,Астана,Media,State body,no,Top executive,no
Әділет,101,Құрмансейіт,Ақжол Ахатұлы,1990,36,M,секретарь областного филиала «Партия «Әділет» области Ұлытау,городе Жезказган,город,Жезказган,Party apparatus,Political party,yes,Senior management,no
Әділет,102,Құрметұлы,Абылай,1994,32,M,руководитель Атырауского областного филиала МК «Жастар Рухы»,городе Атырау,город,Атырау,Civil society,NGO,no,Top executive,no
Әділет,103,Лаврентьев,Андрей Сергеевич,1979,47,M,председатель Совета директоров АО «Группа компаний «Аллюр»,городе Астане,город,Астана,Business,Private company,no,Top executive,no
Әділет,104,Маралов,Даурен Адилмырзаевич,1980,46,M,председатель Совета директоров АО «Алтын»,городе Алматы,город,Алматы,Business,Private company,no,Top executive,no
Әділет,105,Матжани,Нурбек Сеилханулы,1989,37,M,ведущий РГП на ПХВ «Телерадиокомплекс Президента Республики Казахстан Управления делами Президента Республики Казахстан»,городе Астане,город,Астана,Media,State body,no,Specialist,no
Әділет,106,Медеуова,Дана Теміртайқызы,1978,48,F,менеджер ТОО «ДЦР Funny School»,городе Астане,город,Астана,Education & science,Private company,no,Specialist,no
Әділет,107,Мекеева,Жанат Жумагазиновна,1979,47,F,секретарь Восточно-Казахстанского областного филиала партии «Әділет»,городе Усть-Каменогорске,город,Усть-Каменогорск,Party apparatus,Political party,yes,Senior management,no
Әділет,108,Мусин,Багдат Батырбекович,1983,43,M,председатель правления АО «Казахтелеком»,городе Астане,город,Астана,Business,Quasi-governmental,no,Top executive,no
Әділет,109,Муталип,Шахмурат,1990,36,M,"председатель наблюдательного совета ТОО «Интегра Констракшн КЗ», президент Федерации бокса Казахстана, член Совета менеджеров ERG",городе Астане,город,Астана,Business,Private company,no,Top executive,no
Әділет,110,Мухамбедиев,Муратбек Кайрсапиевич,1987,39,M,учредитель ТОО «КазКонстракшн Групп»,городе Уральске,город,Уральск,Business,Private company,no,Top executive,no
Әділет,111,Муханбетжанова,Алия Бигазиевна,1978,48,F,аким Теректинского района Западно-Казахстанской области,Западно-Казахстанской области,область,Западно-Казахстанская область,Government,State body,no,Top executive,no
Әділет,112,Мухтарова,Назгуль Батыржановна,1990,36,F,заведующий сектором Канцелярии Президента Республики Казахстан,городе Астане,город,Астана,Government,State body,no,Senior management,no
Әділет,113,Мұсылманбек,Ерқанат Серікұлы,1992,34,M,директор Палаты предпринимателей Акмолинской области,городе Кокшетау,город,Кокшетау,Civil society,Quasi-governmental,no,Top executive,no
Әділет,114,Мырзағараев,Мади Жомартұлы,1975,51,M,председатель республиканской палаты адвокатов,городе Уральске,город,Уральск,Law,NGO,no,Top executive,no
Әділет,115,Наимбекова,Айжан Избасхановна,1972,54,F,директор ТОО «Барыс 2007»,городе Шымкенте,город,Шымкент,Business,Private company,no,Top executive,no
Әділет,116,Нарымбетов,Бахадыр Мадалиевич,1972,54,M,председатель маслихата города Шымкент,городе Шымкенте,город,Шымкент,Legislator,State body,no,Legislator,no
Әділет,117,Нахбаева,Гүлісхан Сайфулинқызы,1991,35,F,директор научно-исследовательского центра «Молодежь»,городе Астане,город,Астана,Education & science,Quasi-governmental,no,Top executive,no
Әділет,118,Ниязалиев,Нуржан Ауезович,1989,37,M,председатель наблюдательного совета ТОО «РСИТА АЗИЯ»,городе Алматы,город,Алматы,Business,Private company,no,Top executive,no
Әділет,119,Нургалиев,Ербол Жолдаспекович,1975,51,M,заместитель акима Восточно-Казахстанской области,городе Усть-Каменогорске,город,Усть-Каменогорск,Government,State body,no,Top executive,no
Әділет,120,Нурмухамедов,Бурихан Жолбарисович,1963,63,M,директор ТОО «Salem Turkestan»,городе Алматы,город,Алматы,Business,Private company,no,Top executive,no
Әділет,121,Осин,Кирилл Владимирович,1986,40,M,директор «ЭкоМангистау»,городе Актау,город,Актау,Civil society,NGO,no,Top executive,no
Әділет,122,Оспанбеков,Амирбек Канатбекович,1982,44,M,экс-руководитель Представительства Президента Республики Казахстан в Парламенте,городе Астане,город,Астана,Government,State body,no,Top executive,no
Әділет,123,Оспанов,Шота Сабитбекович,1968,58,M,советник акима Костанайской области,городе Костанай,город,Костанай,Government,State body,no,Specialist,no
Әділет,124,Павленко,Дмитрий Иванович,1971,55,M,директор КГКП «Костанайский высший колледж автомобильного транспорта»,городе Костанае,город,Костанай,Education & science,State body,no,Top executive,no
Әділет,125,Парсегова,Анжелика Борисовна,1987,39,F,индивидуальный предприниматель «Парсегова А.Б.»,городе Астане,город,Астана,Business,Self-employed,no,Entrepreneur,no
Әділет,126,Перепечина,Ольга Валентиновна,1967,59,F,депутат Сената Парламента Республики Казахстан,городе Петропавловске,город,Петропавловск,Legislator,State body,no,Legislator,yes
Әділет,127,Петров,Константин Викторович,1969,57,M,заместитель руководителя службы правового обеспечения «Партии «Әділет»,городе Астане,город,Астана,Party apparatus,Political party,yes,Senior management,no
Әділет,128,Пономарёв,Сергей Михайлович,1961,65,M,депутат Мажилиса Парламента Республики Казахстан VIII созыва,городе Астане,город,Астана,Legislator,State body,no,Legislator,yes
Әділет,129,Пулатов,Шерзод Аббозович,1978,48,M,председатель ОО «Узбекский этнокультурный центр города Астаны»,городе Астане,город,Астана,Civil society,NGO,no,Top executive,no
Әділет,130,Разбекова,Ляззат Муратовна,1974,52,F,директор колледжа Технологий,городе Астане,город,Астана,Education & science,Private company,no,Top executive,no
Әділет,131,Рамазанова,Наталья Сергеевна,1991,35,F,руководитель КГУ «Қоғамдық келісім» Управления общественного развития акимата Костанайской области,городе Костанае,город,Костанай,Government,State body,no,Top executive,no
Әділет,132,Рахметова,Айзада Нурлановна,1991,35,F,председатель маслихата района Магжана Жумабаева Северо-Казахстанской области,Северо-Казахстанской области,область,Северо-Казахстанская область,Legislator,State body,no,Legislator,no
Әділет,133,Рожин,Максим Николаевич,1983,43,M,депутат Мажилиса Парламента Республики Казахстан VIII созыва,городе Астане,город,Астана,Legislator,State body,no,Legislator,yes
Әділет,134,Рымжанов,Мади Рысбекович,1978,48,M,директор Общественного Фонда «Национальный фонд поддержки спорта «Дала Қырандары»,городе Астане,город,Астана,Sport,NGO,no,Top executive,no
Әділет,135,Сабитова,Айнур Алимхановна,1975,51,F,директор Института Сорбонна-Казахстан,городе Алматы,город,Алматы,Education & science,Private company,no,Top executive,no
Әділет,136,Савельева,Татьяна Михайловна,1976,50,F,депутат Мажилиса Парламента Республики Казахстан VIII созыва,городе Астане,город,Астана,Legislator,State body,no,Legislator,yes
Әділет,137,Сагимбаева,Жулдуз Абдипулатовна,1992,34,F,заместитель секретаря Карагандинского областного филиала «Партия «Әділет»,городе Караганде,город,Караганда,Party apparatus,Political party,yes,Senior management,no
Әділет,138,Сагинов,Замир Садыкович,1966,60,M,председатель правления АО «Автобусный парк 1»,городе Астане,город,Астана,Business,Quasi-governmental,no,Top executive,no
Әділет,139,Садвакасова,Динара Тайбасаровна,1988,38,F,главный консультант Қазақстан Халық Кеңесі,городе Астане,город,Астана,Government,State body,no,Specialist,no
Әділет,140,Сайланбаев,Алибек Айдосулы,1995,31,M,управляющий директор АО «Национальные информационные технологии»,городе Астане,город,Астана,Business,Quasi-governmental,no,Senior management,no
Әділет,141,Сайыр,Ерлан Биахметұлы,1970,56,M,депутат Мажилиса Парламента Республики Казахстан VIII созыва,городе Астане,город,Астана,Legislator,State body,no,Legislator,yes
Әділет,142,Сапарова,Эльмира Карифуллаевна,1978,48,F,директор КГП на ПХВ «Атырауский областной онкологический диспансер»,городе Атырау,город,Атырау,Healthcare,State body,no,Top executive,no
Әділет,143,Сартбаева,Әсем Бахытқызы,1995,31,F,директор PR департамента «Қазатомпром өнеркәсіп»,городе Астане,город,Астана,Business,Quasi-governmental,no,Senior management,no
Әділет,144,Сарым,Айдос Әміроллаұлы,1975,51,M,депутат Мажилиса Парламента Республики Казахстан VIII созыва,городе Астане,город,Астана,Legislator,State body,no,Legislator,yes
Әділет,145,Себасов,Марат Бакбергенович,1981,45,M,заместитель директора департамента «Қаражанбасмұнай»,городе Актау,город,Актау,Business,Private company,no,Senior management,no
Әділет,146,Семидоцких,Елена Александровна,1984,42,F,индивидуальный предприниматель «Семидоцкая»,городе Петропавловске,город,Петропавловск,Business,Self-employed,no,Entrepreneur,no
Әділет,147,Скакова,Айжан Амангельдиевна,1977,49,F,председатель ОО «Қазақ табиғат қорғау»,городе Алматы,город,Алматы,Civil society,NGO,no,Top executive,no
Әділет,148,Смышляева,Екатерина Васильевна,1982,44,F,депутат Мажилиса Парламента Республики Казахстан VIII созыва,городе Костанае,город,Костанай,Legislator,State body,no,Legislator,yes
Әділет,149,Соловьёва,Ирина Анатольевна,1970,56,F,директор Литературно-мемориального музея им. Ф.М. Достоевского,городе Семее,город,Семей,Culture,State body,no,Top executive,no
Әділет,150,Солтабаева,Эльзира Ауесхановна,1982,44,F,"региональный уполномоченный по правам ребенка в области Абай, руководитель ОЮЛ «Гражданский Альянс» области Абай",городе Семее,город,Семей,Civil society,NGO,no,Top executive,no
Әділет,151,Сулаймонова,Русана Руслановна,1999,27,F,директор Общественного Фонда «Павлодарский штаб студенческих строительных и молодежных отрядов «Жасыл Ел»,городе Павлодаре,город,Павлодар,Civil society,NGO,no,Top executive,no
Әділет,152,Сулейменова,Айсулу Канатовна,1991,35,F,ведущий инженер ТОО «Корпорация Казахмыс»,городе Астане,город,Астана,Business,Private company,no,Specialist,no
Әділет,153,Сулейменова,Жулдыз Досбергеновна,1983,43,F,Министр образования и просвещения,городе Астане,город,Астана,Government,State body,no,Top executive,no
Әділет,154,Сүгірбай,Аят Исатайұлы,1982,44,M,председатель Общественного объединения «Ұлттық рух»,городе Актау,город,Актау,Civil society,NGO,no,Top executive,no
Әділет,155,Талаева,Таттыгуль Жаксыбаевна,1967,59,F,генеральный директор «ТОО ТРК «Тандым»,городе Актобе,город,Актобе,Media,Private company,no,Top executive,no
Әділет,156,Талғатбекова,Нұргүл Ахатқызы,2000,26,F,председатель Улытауского областного филиала МОО «Жастар Рухы»,городе Жезказгане,город,Жезказган,Civil society,NGO,no,Top executive,no
Әділет,157,Тамабек,Әбілхайыр Ғалымұлы,1994,32,M,заместитель акима Жамбылской области,городе Таразе,город,Тараз,Government,State body,no,Top executive,no
Әділет,158,Тауан,Мухамедкали Эдуардович,1987,39,M,генеральный директор Медиахолдинга Uni-Q Group,городе Астане,город,Астана,Media,Private company,no,Top executive,no
Әділет,159,Темербаева,Айжан Маратовна,1990,36,F,ректор META University,городе Алматы,город,Алматы,Education & science,Private company,no,Top executive,no
Әділет,160,Тен,Ирина Сергеевна,1992,34,F,телеведущая РТРК «Qazaqstan»,городе Астане,город,Астана,Media,State body,no,Specialist,no
Әділет,161,Теңізбаев,Нұрбақыт Молдахметұлы,1983,43,M,аким Кегенского района области Жетісу,области Жетісу,область,область Жетісу,Government,State body,no,Top executive,no
Әділет,162,Теренченко,Илья Сергеевич,1983,43,M,председатель маслихата Павлодарской области,городе Павлодаре,город,Павлодар,Legislator,State body,no,Legislator,no
Әділет,163,Тлемисов,Турарбек Тлемисович,1972,54,M,учредитель ТОО «Жайык-Таза қала»,городе Уральске,город,Уральск,Business,Private company,no,Top executive,no
Әділет,164,Тойлыбаева,Гулнар Кожагуловна,1967,59,F,председатель маслихата области Жетісу,городе Талдыкоргане,город,Талдыкорган,Legislator,State body,no,Legislator,no
Әділет,165,Тоқтамұрат,Армангүл,1985,41,F,"ведущий и продюсер интерактивного проекта АО РТРК «Qazaqstan», «Жедел желі»",городе Астане,город,Астана,Media,State body,no,Specialist,no
Әділет,166,Тоқшалық,Ерлан Бейсенұлы,1977,49,M,директор ТОО «Муниципальное телевидение»,городе Петропавловске,город,Петропавловск,Media,Quasi-governmental,no,Top executive,no
Әділет,167,Толыбаев,Нурлан Алишерович,1986,40,M,председатель Туркестанского областного филиала «Партия «Әділет»,городе Шымкенте,город,Шымкент,Party apparatus,Political party,yes,Top executive,no
Әділет,168,Төлегенов,Асылжан Қанатұлы,1994,32,M,главный специалист по внутреннему контролю Департамента риск-менеджмента ТОО «Корпорация Казахмыс»,городе Караганде,город,Караганда,Business,Private company,no,Specialist,no
Әділет,169,Тулеушин,Каныш Аманбаевич,1983,43,M,заместитель председателя «Партия «Әділет»,городе Астане,город,Астана,Party apparatus,Political party,yes,Top executive,no
Әділет,170,Туренова,Калия Батталовна,1966,60,F,секретарь Северо-Казахстанского областного филиала «Партия «Әділет»,городе Петропавловске,город,Петропавловск,Party apparatus,Political party,yes,Senior management,no
Әділет,171,Урисбаев,Аббат Жангирханович,1981,45,M,заместитель акима Мангистауской области,городе Актау,город,Актау,Government,State body,no,Top executive,no
Әділет,172,Усанова,Руфина Касымовна,1984,42,F,"заместитель директора РГП «Қоғамдык келісім», КМО МКИ РК",городе Талдыкоргане,город,Талдыкорган,Government,State body,no,Senior management,no
Әділет,173,Фазылжан,Анар Мұратқызы,1974,52,F,директор Института языкознания имени А.Байтурсынулы,городе Алматы,город,Алматы,Education & science,State body,no,Top executive,no
Әділет,174,Хаирова,Асель Ануаровна,1972,54,F,генеральный директор ТОО «Сенчури Интегрейшн»,городе Алматы,город,Алматы,Business,Private company,no,Top executive,no
Әділет,175,Хайруллиев,Мұса Қарашаұлы,1984,42,M,председатель маслихата Атырауский области,городе Атырау,город,Атырау,Legislator,State body,no,Legislator,no
Әділет,176,Хайруллин,Арман Габидуллаевич,1984,42,M,председатель постоянной комиссии Атырауского областного маслихата по вопросам экологии и природопользования,городе Атырау,город,Атырау,Legislator,State body,no,Legislator,no
Әділет,177,Хамза,Еділ Талғатұлы,1996,30,M,региональный руководитель по городу Кокшетау МОО «Дала Қырандары»,городе Астане,город,Астана,Sport,NGO,no,Senior management,no
Әділет,178,Чинкисбаева,Лаззат Алтынбековна,1977,49,F,председатель правления Общественного фонда «Қазақстан халқына»,городе Талдыкоргане,город,Талдыкорган,Civil society,NGO,no,Top executive,no
Әділет,179,Шагиртаев,Имамзада Куанышбаевич,1969,57,M,директор «ТАН ЛТД»,Кызылординской области,область,Кызылординская область,Business,Private company,no,Top executive,no
Әділет,180,Шалбаева,Айгуль Дуйсеновна,1973,53,F,"председатель постоянной комиссии по здравоохранению, образованию и занятости маслихата города Алматы",городе Алматы,город,Алматы,Legislator,State body,no,Legislator,no
Әділет,181,Шапак,Унзила,1973,53,F,депутат Мажилиса Парламента Республики Казахстан VIII созыва,городе Астане,город,Астана,Legislator,State body,no,Legislator,yes
Әділет,182,Шаталов,Никита Сергеевич,1992,34,M,депутат Мажилиса Парламента Республики Казахстан VIII созыва,городе Астане,город,Астана,Legislator,State body,no,Legislator,yes
Әділет,183,Шермағанбет,Мейрамбек Зинабдинұлы,1972,54,M,заместитель акима Кызылординской области,городе Кызыорде,город,Кызылорда,Government,State body,no,Top executive,no
Әділет,184,Шибутов,Марат Максумович,1977,49,M,заместитель директора ОФ «Международный институт»,городе Алматы,город,Алматы,Civil society,NGO,no,Senior management,no
Әділет,185,Щербаков,Станислав Александрович,1987,39,M,заместитель Генерального директора ТОО «АЛАСЕМ»,области Жетісу,область,область Жетісу,Business,Private company,no,Senior management,no
Әділет,186,Юлдашев,Мамирхан Муталибович,1979,47,M,директор «Туркестан ет өнімдері»,Туркестанской области,область,Туркестанская область,Agriculture,Private company,no,Top executive,no
